date,city,transaction_number,transaction_value
2017-01-01,Baabda,1562.0364115827408,241.93073488676526
2017-02-01,Baabda,1543.6815947295129,240.36779241153425
2017-03-01,Baabda,1624.2310619321254,246.3427411087199
2017-04-01,Baabda,1550.0879501698598,237.65433601398377
2017-05-01,Baabda,1618.6308670609355,240.8356405325493
2017-06-01,Baabda,1815.780055332747,255.33362085785402
2017-07-01,Baabda,1991.269451778268,255.4923458205439
2017-08-01,Baabda,2064.4671312948417,257.90767076113013
2017-09-01,Baabda,1929.2208737569679,285.828270481108
2017-10-01,Baabda,1709.1876346996237,274.29788354119614
2017-11-01,Baabda,1493.2170765422054,249.50117698687004
2017-12-01,Baabda,1493.480318429287,209.9369721144721
2018-01-01,Baabda,1413.6075160559,206.4886577766045
2018-02-01,Baabda,1161.8292606038458,209.24097242040932
2018-03-01,Baabda,791.8696367163739,195.07332407316983
2018-04-01,Baabda,887.0434800365543,203.41644036131095
2018-05-01,Baabda,1251.5185201291865,207.4955511043795
2018-06-01,Baabda,1386.613888210795,284.3537042356114
2018-07-01,Baabda,1257.8395840646772,300.4042992630564
2018-08-01,Baabda,1295.9748751924237,303.0306888449607
2018-09-01,Baabda,1341.6860921468776,309.323087467526
2018-10-01,Baabda,1450.314882878506,271.04742904905186
2018-11-01,Baabda,1454.7588253059541,294.243653517207
2018-12-01,Baabda,1402.9041405976332,270.665605745148
2019-01-01,Baabda,1560.2433064573888,244.25225229551845
2019-02-01,Baabda,1266.7605512557598,210.78763021057028
2019-03-01,Baabda,774.293565305742,198.990731397559
2019-04-01,Baabda,974.9898600818448,191.77952981894794
2019-05-01,Baabda,1198.1620957103592,191.94425779974682
2019-06-01,Baabda,1270.4721485194166,208.6530086098574
2019-07-01,Baabda,1184.297550723264,208.66575234415342
2019-08-01,Baabda,1137.4063498847634,199.50277685466722
2019-09-01,Baabda,1209.2076997898562,200.43199057483756
2019-10-01,Baabda,1262.7829493403292,206.43369004857368
2019-11-01,Baabda,1276.6535865777712,213.7242402766907
2019-12-01,Baabda,1280.9615159742195,220.2421163167714
2020-01-01,Baabda,1317.3151780761045,228.99880458984475
2020-02-01,Baabda,1419.4001126938592,254.05702511279253
2020-03-01,Baabda,1391.0425291722556,329.46967730279783
2020-04-01,Baabda,1604.3261215662178,332.141103352359
2020-05-01,Baabda,1706.319601588649,289.3329449521285
2020-06-01,Baabda,1606.3600831006324,297.34930709788216
2020-07-01,Baabda,1425.818227594178,280.18437301761355
2020-08-01,Baabda,515.1424118117959,208.65429958149377
2020-09-01,Baabda,688.4951993885695,144.59809434585335
2020-10-01,Baabda,1282.8379999211788,162.7995218892734
2020-11-01,Baabda,1325.4199254009457,184.34641943727343
2020-12-01,Baabda,1266.6709385035642,210.30348818325928
2021-01-01,Baabda,1497.7171243449413,232.5197176398054
2021-02-01,Baabda,1493.2029085181432,232.24114440313198
2021-03-01,Baabda,1648.306076820353,253.59726400695666
2021-04-01,Baabda,1547.6544503568823,249.47670385313512
2021-05-01,Baabda,1440.734748367915,233.06450767034718
2021-06-01,Baabda,1675.7954438274057,232.53795722478193
2021-07-01,Baabda,1735.3357148686782,272.80386050889456
2021-08-01,Baabda,1730.0615262311667,254.67391590922472
2021-09-01,Baabda,1542.6231016518022,244.92646223260476
2021-10-01,Baabda,1093.630059976527,220.82045316740647
2021-11-01,Baabda,973.4851450862855,186.35444282658972
2021-12-01,Baabda,1105.4221772438782,179.59014796480682
2022-01-01,Baabda,924.6223928593657,208.81018440658363
2022-02-01,Baabda,1187.6613938363066,212.24486055123575
2022-03-01,Baabda,1343.729971298136,286.5203419329059
2022-04-01,Baabda,1458.722188357202,323.2391162216139
2022-05-01,Baabda,1437.950023238428,342.4684338243517
2022-06-01,Baabda,1630.8139509522914,298.7524088420805
2022-07-01,Baabda,1595.3715053179867,290.5016246896167
2022-08-01,Baabda,1390.0310739344327,276.1961835626483
2022-09-01,Baabda,784.2344885490851,231.88548171731617
2022-10-01,Baabda,893.5761434114189,181.98158070889454
2022-11-01,Baabda,1232.1255413127778,200.89177012312538
2022-12-01,Baabda,1074.3910167415575,279.55946897581003
2023-01-01,Baabda,1609.5405211421858,251.05110831225176
2023-02-01,Baabda,1502.0114524382893,233.61134481305518
2023-03-01,Baabda,1613.5172021360522,244.59649910357842
2023-04-01,Baabda,1663.098202342821,251.43128101670635
2023-05-01,Baabda,1550.5460023878009,233.1571994338375
2023-06-01,Baabda,1344.5607842291618,232.51613058290155
2023-07-01,Baabda,1002.033501051891,218.5822034291982
2023-08-01,Baabda,1049.1199372619728,183.5606326659021
2023-09-01,Baabda,838.3776633441037,200.72005245303825
2023-10-01,Baabda,1054.094897231284,182.73474278276998
2023-11-01,Baabda,1344.7272585118963,205.6217426591142
2023-12-01,Baabda,1345.466262646997,238.34249766596872
2024-01-01,Baabda,1273.4492045755524,240.7344099138071
2024-02-01,Baabda,1277.7052790039315,240.23923930023125
2024-03-01,Baabda,1252.228054774237,242.98269234587508
2024-04-01,Baabda,1253.2507027510694,226.6966056495071
2024-05-01,Baabda,1152.8838535712557,221.793163410496
2024-06-01,Baabda,1165.186869786301,231.36409515829632
2024-07-01,Baabda,1142.1651766470009,254.8992826720284
2024-08-01,Baabda,1245.4224444158085,263.86132764754194
2024-09-01,Baabda,1178.8814693247662,297.87995176777986
2024-10-01,Baabda,1214.531051470865,325.7857421988435
2024-11-01,Baabda,1313.1484330394392,277.4804237040422
2024-12-01,Baabda,1177.1776227510081,254.62374321870038
2025-01-01,Baabda,1671.1160288400386,257.0498016663204
2025-02-01,Baabda,1791.569877494963,274.2039100272955
2025-03-01,Baabda,2148.6385121687954,257.5900179687791
2025-04-01,Baabda,2225.1761616778667,256.35452122788354
2025-05-01,Baabda,1964.664169472716,316.57145058681215
2025-06-01,Baabda,2008.2705139323225,298.1532873481001
2025-07-01,Baabda,2150.33244112571,284.1652869252854
2025-08-01,Baabda,2188.5179578987577,295.67100708571684
2025-09-01,Baabda,2203.0952961764383,311.66391412346866
2025-10-01,Baabda,2172.2845192884097,307.32147283026165
2025-11-01,Baabda,2080.1536841763764,306.8518173489557
2025-12-01,Baabda,1968.973232311089,290.6544019615533
2026-01-01,Baabda,1915.2173404538191,282.6376156394048
2026-02-01,Baabda,1827.4122864485525,257.5991838673972
2026-03-01,Baabda,1636.0911148748562,235.68314220120743
2026-04-01,Baabda,872.9337573930575,186.02088341943352
2026-05-01,Baabda,669.4888659488269,143.58730043949134
2026-06-01,Baabda,1192.255658999058,187.4403251760577
2026-07-01,Baabda,1607.2607443902864,248.1503411514921
2026-08-01,Baabda,1084.8766296699837,297.01992490609217
2026-09-01,Baabda,1257.5798841836113,277.0442781579257
2026-10-01,Baabda,1422.8246657900095,227.1221467857535
2026-11-01,Baabda,1312.4479659297886,214.90269451371134
2026-12-01,Baabda,1269.497742664517,199.9524683817395
2027-01-01,Baabda,1599.2467432595658,248.67631065982107
2027-02-01,Baabda,1495.2487711927702,234.7644498998734
2027-03-01,Baabda,840.1497289537227,230.21509351703654
2027-04-01,Baabda,806.9614159477643,174.30115704659835
2027-05-01,Baabda,1125.7237514434155,190.42546655447913
2027-06-01,Baabda,1243.1216281481763,182.55131415569593
2027-07-01,Baabda,1195.809070274057,190.22365080281295
2027-08-01,Baabda,1175.4071156240361,181.65128561573317
2027-09-01,Baabda,1230.5999284817262,182.178693635314
2027-10-01,Baabda,1274.8436923439053,185.75309901714962
2027-11-01,Baabda,1301.501963059451,191.02548250737897
2027-12-01,Baabda,1281.2980773858242,194.61546253988462
2028-01-01,Baabda,1269.926042031927,193.5011603719649
2028-02-01,Baabda,1281.9201953224094,193.8858791408246
2028-03-01,Baabda,1279.7867034189555,194.4048036325094
2028-04-01,Baabda,1305.9714787703322,198.11343317962206
2028-05-01,Baabda,1320.4538912867938,206.42236638307764
2028-06-01,Baabda,1306.9450345437876,213.5719978358606
2028-07-01,Baabda,1246.3994713551594,215.81185206738832
2028-08-01,Baabda,1198.3855962899454,210.34064972393432
2028-09-01,Baabda,1201.142764612631,203.78755782185908
2028-10-01,Baabda,1199.655122086067,199.4992727887971
2028-11-01,Baabda,1224.0496967570243,197.42779814355396
2028-12-01,Baabda,1220.3857040542175,196.85954009290842
2029-01-01,Baabda,1566.0096922508321,241.04549719326477
2029-02-01,Baabda,1686.020223432841,261.9574118994717
2029-03-01,Baabda,1988.8965911082778,281.5039396757138
2029-04-01,Baabda,2261.2113974389467,239.84315998097156
2029-05-01,Baabda,2127.1008487099234,313.1189866972562
2029-06-01,Baabda,2151.705747698089,311.63158450520393
2029-07-01,Baabda,2218.9282047465385,304.68042149905864
2029-08-01,Baabda,2261.5029753741533,325.7940413022201
2029-09-01,Baabda,2223.878087313259,318.9328774615807
2029-10-01,Baabda,2057.3281473302222,316.12316990731387
2029-11-01,Baabda,1919.01366250137,301.4694984026647
2029-12-01,Baabda,1868.4431674940752,279.1170437748052
2030-01-01,Baabda,1784.5198687214559,262.2315773901296
2030-02-01,Baabda,1800.4029320967377,254.59662359311096
2030-03-01,Baabda,1976.9977177796159,255.46302232194665
2030-04-01,Baabda,2174.8408558700094,256.22712076982725
2030-05-01,Baabda,2266.00557342122,288.8930740307185
2030-06-01,Baabda,2294.0664785189547,322.86925284779824
2030-07-01,Baabda,2280.2005167294533,333.3550408669274
2030-08-01,Baabda,2249.788286358304,335.50395536789995
2030-09-01,Baabda,2227.1616685699873,327.2462184110518
2030-10-01,Baabda,2210.8631987291924,319.6571309920277
2030-11-01,Baabda,2195.0672687018955,313.80327543433214
2030-12-01,Baabda,2199.949428113597,311.90438525441766
2031-01-01,Baabda,1499.8987166900872,231.9077233143654
2031-02-01,Baabda,1537.386174917575,236.25763380061136
2031-03-01,Baabda,1664.9780157754353,254.8158121345121
2031-04-01,Baabda,1751.8897758635605,276.16426889955244
2031-05-01,Baabda,1836.6302862641055,249.83249563611454
2031-06-01,Baabda,1816.825797188801,271.3368003413408
2031-07-01,Baabda,1968.60854737172,266.0918038922541
2031-08-01,Baabda,2171.260312828931,268.0069418723347
2031-09-01,Baabda,2252.94662228232,291.5380536041863
2031-10-01,Baabda,2167.3590057230767,316.1236678535165
2031-11-01,Baabda,1825.724874782707,302.5178411411928
2031-12-01,Baabda,1318.7746970749045,270.46142935963246
2032-01-01,Baabda,399.489327270334,169.28339926918807
2032-02-01,Baabda,760.5077945324346,142.16995190116327
2032-03-01,Baabda,1450.6340884606345,178.96837913983438
2032-04-01,Baabda,1371.6321945263703,221.2769684016995
2032-05-01,Baabda,1175.7083278156053,250.93610118190452
2032-06-01,Baabda,1377.225305385529,289.6484030926978
2032-07-01,Baabda,1275.6448941046406,257.12124772516665
2032-08-01,Baabda,1248.9197503155199,235.37600160646667
2032-09-01,Baabda,1243.6399653085036,213.99903281071482
2032-10-01,Baabda,1225.413935794004,221.79553326557132
2032-11-01,Baabda,1130.465505736658,245.71741289052153
2032-12-01,Baabda,1073.9585378070497,231.1330112353888
2033-01-01,Baabda,1580.117077170359,244.20704984579407
2033-02-01,Baabda,1664.607663626441,259.787989391933
2033-03-01,Baabda,1980.712290328326,285.20511847223946
2033-04-01,Baabda,2320.3753657611187,239.615995079103
2033-05-01,Baabda,2307.4746714509965,328.82887586741515
2033-06-01,Baabda,2357.5746463791747,354.58859193510625
2033-07-01,Baabda,2340.622322227896,344.4885093560159
2033-08-01,Baabda,2247.887362569836,354.14689521095335
2033-09-01,Baabda,2167.4352296925335,333.4147575263348
2033-10-01,Baabda,2159.2996669153563,318.58774541582716
2033-11-01,Baabda,2149.25368777359,304.3800308417308
2033-12-01,Baabda,2112.7762679815187,299.53066187183106
2034-01-01,Baabda,2087.9248453746654,292.6163837695816
2034-02-01,Baabda,2084.559656299337,286.28964530148926
2034-03-01,Baabda,2086.029447115582,282.63375194572177
2034-04-01,Baabda,2099.91269389444,282.7181814907393
2034-05-01,Baabda,2121.7410852070743,282.6414793330879
2034-06-01,Baabda,2139.0221075166046,286.8586133865348
2034-07-01,Baabda,2150.424533282116,289.5543650302153
2034-08-01,Baabda,2157.3053758483165,293.8589255271213
2034-09-01,Baabda,2171.8240585063786,296.40276669410673
2034-10-01,Baabda,2189.115565153714,299.62693147099924
2034-11-01,Baabda,2201.736866029324,303.23252303907884
2034-12-01,Baabda,2209.3229928333567,306.7193267741618
2035-01-01,Baabda,1517.059735835808,234.0709122731456
2035-02-01,Baabda,1396.476249760711,221.7160186339978
2035-03-01,Baabda,894.9120464002732,228.68923881267284
2035-04-01,Baabda,1056.0704156664408,205.05934930818816
2035-05-01,Baabda,1109.9327093844201,228.75920025413728
2035-06-01,Baabda,1355.0721829613817,230.97575244762882
2035-07-01,Baabda,1325.7612331006117,286.17135541469526
2035-08-01,Baabda,1313.0700838663736,289.3269142703415
2035-09-01,Baabda,1483.5439997937644,256.8677838868203
2035-10-01,Baabda,1585.5814006907895,275.77016292265114
2035-11-01,Baabda,1915.6426645361757,285.280363676187
2035-12-01,Baabda,2288.6746952817243,256.9370168514329
2036-01-01,Baabda,2336.25602057231,340.64637489925224
2036-02-01,Baabda,2319.0248697074803,350.580899587206
2036-03-01,Baabda,2258.026708990175,352.54170107830964
2036-04-01,Baabda,2170.94294908993,343.2264185994115
2036-05-01,Baabda,2088.589467383438,321.9262533947968
2036-06-01,Baabda,2025.150722841124,309.09528630106524
2036-07-01,Baabda,2030.501843849295,297.510862976946
2036-08-01,Baabda,2062.613245346262,288.94744237906093
2036-09-01,Baabda,2082.83781633502,289.62341357030834
2036-10-01,Baabda,2122.227898513863,293.8212107128878
2036-11-01,Baabda,2158.523542557212,296.0384913832313
2036-12-01,Baabda,2110.8475748658884,298.05644603292154
2037-01-01,Baabda,1490.6764664673153,233.89245388687146
2037-02-01,Baabda,1282.7284810951758,216.0926752831994
2037-03-01,Baabda,1170.8950958409675,230.85388472515695
2037-04-01,Baabda,1328.5886039825268,217.44614838920586
2037-05-01,Baabda,1167.9009673158364,219.58018905268239
2037-06-01,Baabda,886.8243007043073,198.6001110440759
2037-07-01,Baabda,1068.5546409092456,192.3287460379572
2037-08-01,Baabda,1185.0505103620662,193.73928931151653
2037-09-01,Baabda,1171.3416011192976,193.65087619687816
2037-10-01,Baabda,1173.2122761763917,188.60815656075633
2037-11-01,Baabda,1237.5804430972069,188.63641039714057
2037-12-01,Baabda,1291.772426735121,194.4758162937349
2038-01-01,Baabda,1290.6841099667588,198.3140132870077
2038-02-01,Baabda,1248.729190391879,195.40113865654422
2038-03-01,Baabda,1264.4950133680434,191.1821972428065
2038-04-01,Baabda,1302.3966029388785,193.28449844648063
2038-05-01,Baabda,1269.3449405250028,193.62611720513806
2038-06-01,Baabda,1234.4972685408427,189.54196245146173
2038-07-01,Baabda,1254.919058424551,188.11542035083758
2038-08-01,Baabda,1286.6465064694237,191.26845259056694
2038-09-01,Baabda,1305.1461205285705,197.46545763043162
2038-10-01,Baabda,1295.7011489675358,203.87310313521954
2038-11-01,Baabda,1282.8798664322837,208.58029002182673
2038-12-01,Baabda,1282.718563478332,213.79151834139674
2039-01-01,Baabda,1527.596778691581,236.7723073071222
2039-02-01,Baabda,1468.6986025008214,228.37583700549573
2039-03-01,Baabda,1475.0440354377,240.05668668962468
2039-04-01,Baabda,1530.8830518728812,242.40487188389454
2039-05-01,Baabda,1261.0245558739305,223.40560542675524
2039-06-01,Baabda,804.0529331280909,204.10595753351407
2039-07-01,Baabda,969.1381827835451,189.60209406603792
2039-08-01,Baabda,1038.0051932250508,195.2787914303217
2039-09-01,Baabda,1175.0750879801312,194.70315639889702
2039-10-01,Baabda,1241.2777306565606,203.85053879526126
2039-11-01,Baabda,1314.267706940378,219.5581042164747
2039-12-01,Baabda,1308.3305256168612,237.913848976569
2040-01-01,Baabda,1251.6368939702288,232.1535427563793
2040-02-01,Baabda,1106.025664228821,224.83998556945724
2040-03-01,Baabda,1169.9750951984684,202.14876154176625
2040-04-01,Baabda,1277.7244766765364,220.0679089156713
2040-05-01,Baabda,1341.8576669182748,246.85300686921516
2040-06-01,Baabda,1276.4018207901804,258.3186423603378
2040-07-01,Baabda,1158.1149714156172,268.2343373048527
2040-08-01,Baabda,1096.4830749819957,229.07431720934557
2040-09-01,Baabda,1034.269226960006,208.92423252942962
2040-10-01,Baabda,1047.5148418159306,223.35973904876073
2040-11-01,Baabda,1042.0849465939718,227.75004772599866
2040-12-01,Baabda,1058.5918989088464,220.26320526057384
2041-01-01,Baabda,1568.7074257125755,245.14081885159555
2041-02-01,Baabda,1571.2617787708064,246.43924123853745
2041-03-01,Baabda,1656.0419596387264,245.7274916905111
2041-04-01,Baabda,1303.245267580223,222.73708498609483
2041-05-01,Baabda,867.193440763889,215.35160223657584
2041-06-01,Baabda,1189.4958695919208,202.12357837363135
2041-07-01,Baabda,1122.5919805645174,224.3868821887746
2041-08-01,Baabda,1198.7365382459739,220.9423762172342
2041-09-01,Baabda,1231.9407902790026,237.81887957026314
2041-10-01,Baabda,1340.4636750307639,235.27551790702836
2041-11-01,Baabda,1226.1562694147592,243.3649029412699
2041-12-01,Baabda,1046.9577551097925,210.7026105070903
2042-01-01,Baabda,1027.1840106467039,195.40881993778058
2042-02-01,Baabda,1159.3717459900824,201.4809880204097
2042-03-01,Baabda,1246.9902779585664,210.63263984439988
2042-04-01,Baabda,1293.5117642091554,232.11464762522115
2042-05-01,Baabda,1296.2406673238363,261.2359892853986
2042-06-01,Baabda,1319.801453778715,249.69206558575706
2042-07-01,Baabda,1304.1851742965302,262.90445947067565
2042-08-01,Baabda,1274.3339976782565,258.17006996744533
2042-09-01,Baabda,1245.122082305683,216.9408713119625
2042-10-01,Baabda,1039.3118392442161,241.58451473634682
2042-11-01,Baabda,1154.711741195681,229.2548780351417
2042-12-01,Baabda,1021.128597162385,267.97565425260507
2043-01-01,Baabda,1553.0214395520036,240.38759038370037
2043-02-01,Baabda,1351.7628159008596,217.159912313748
2043-03-01,Baabda,577.0655319800226,201.00232340132723
2043-04-01,Baabda,930.5225247999593,178.9784026124681
2043-05-01,Baabda,1179.8137961482,176.77452038346476
2043-06-01,Baabda,1287.3771514703274,188.10317456274413
2043-07-01,Baabda,1348.3361376011,202.96684104649836
2043-08-01,Baabda,1197.3266073313928,196.38437953969606
2043-09-01,Baabda,1267.0642428515396,201.10657858218883
2043-10-01,Baabda,1346.1823145831165,217.02537462678794
2043-11-01,Baabda,1380.2333185742416,235.66363930827254
2043-12-01,Baabda,1475.3069939643,269.2658513059782
2044-01-01,Baabda,1434.743799393081,346.91184754197366
2044-02-01,Baabda,1752.7672015937521,317.3058290233786
2044-03-01,Baabda,2002.4106191800665,276.9444952716615
2044-04-01,Baabda,2211.3317352849404,305.08268826094684
2044-05-01,Baabda,2173.169595751595,316.4659044343142
2044-06-01,Baabda,1999.5006487178669,322.85746812100354
2044-07-01,Baabda,1646.064270372941,300.7680950701812
2044-08-01,Baabda,999.2838417819582,245.30165547503344
2044-09-01,Baabda,243.79719420784545,153.40857925125886
2044-10-01,Baabda,803.9593533291579,142.44833149209126
2044-11-01,Baabda,1429.4564344931912,159.2802502175361
2044-12-01,Baabda,1613.191054222133,177.64090066984855
2045-01-01,Baabda,1494.7326300761729,230.0596974169233
2045-02-01,Baabda,1228.3511088624036,208.57521834754107
2045-03-01,Baabda,1001.1280226340556,219.9334542197449
2045-04-01,Baabda,1056.5279720035396,215.14646684355904
2045-05-01,Baabda,1188.8390399963826,220.07416090688162
2045-06-01,Baabda,1232.6847532225252,226.72380826613028
2045-07-01,Baabda,1091.402421553178,214.88356969104134
2045-08-01,Baabda,999.6576650968478,195.4760242326788
2045-09-01,Baabda,1155.0336387023813,186.21109886882445
2045-10-01,Baabda,1267.6051780102464,191.47740557113696
2045-11-01,Baabda,1260.1336705208794,195.61261825303112
2045-12-01,Baabda,1267.2611783860089,199.71816625096707
2046-01-01,Baabda,1252.9058530453879,200.63050512760506
2046-02-01,Baabda,1258.2698669554557,198.3646654812827
2046-03-01,Baabda,1277.9685917311335,198.43561359392638
2046-04-01,Baabda,1303.6968733472156,201.59566318662195
2046-05-01,Baabda,1313.2991808154645,208.06439931348737
2046-06-01,Baabda,1349.7744754039263,219.48819810236608
2046-07-01,Baabda,1403.5099653065463,242.83557690668644
2046-08-01,Baabda,1421.0787401847858,296.39365612284445
2046-09-01,Baabda,1482.0121530321255,343.77404876755327
2046-10-01,Baabda,1751.9978778871575,305.83281655147687
2046-11-01,Baabda,1780.7797937294333,283.75592904062324
2046-12-01,Baabda,1711.0956425001225,305.6112673762264
2047-01-01,Baabda,1495.7846058628145,233.50791032130525
2047-02-01,Baabda,1497.1353852769346,234.51485897643613
2047-03-01,Baabda,1634.7999828420393,248.9017143075286
2047-04-01,Baabda,1581.2012143716224,250.05295670670006
2047-05-01,Baabda,1589.7484999280562,235.87089558326332
2047-06-01,Baabda,1804.3617613802853,247.84488804110458
2047-07-01,Baabda,2051.4855375673224,263.0388219543423
2047-08-01,Baabda,2253.1031789482104,254.72979653862694
2047-09-01,Baabda,2110.715245521145,314.31083015439106
2047-10-01,Baabda,2003.4573527978052,306.8954706327164
2047-11-01,Baabda,1851.0777037611326,289.45566102738997
2047-12-01,Baabda,1651.7204289391782,280.6262633875119
2048-01-01,Baabda,1565.1118645659906,239.93543678929302
2048-02-01,Baabda,1575.2996656286227,210.36555625529002
2048-03-01,Baabda,1505.059136094377,208.16902334338795
2048-04-01,Baabda,1331.8541918486958,222.26488444642007
2048-05-01,Baabda,966.7486038451616,226.05025303608804
2048-06-01,Baabda,792.2883726675415,202.33313073388967
2048-07-01,Baabda,937.2009063023065,202.18789642479976
2048-08-01,Baabda,1433.31807113167,223.36139886943607
2048-09-01,Baabda,1359.1657501537638,258.3614749549869
2048-10-01,Baabda,1169.0796760777173,254.37388487970986
2048-11-01,Baabda,1301.7785937292715,215.62189481232468
2048-12-01,Baabda,1437.3816021130397,196.34995670313526
2049-01-01,Baabda,1441.7819070263756,224.0727611259715
2049-02-01,Baabda,1128.730843710564,206.96863180977527
2049-03-01,Baabda,768.8154988019709,199.38592547912515
2049-04-01,Baabda,962.8824334389826,191.45332895011896
2049-05-01,Baabda,1177.3253952419802,177.33730102588174
2049-06-01,Baabda,1345.2605429376092,197.36709481296737
2049-07-01,Baabda,1318.6963479018389,209.5784139637005
2049-08-01,Baabda,1276.359175037752,215.74083018493684
2049-09-01,Baabda,1323.2247317526997,223.96712276121377
2049-10-01,Baabda,1384.3508297272892,239.66841774876497
2049-11-01,Baabda,1422.5726166419374,283.804884529319
2049-12-01,Baabda,1542.5267590881774,347.6648712974594
2050-01-01,Baabda,1986.6321158223661,314.6286673712616
2050-02-01,Baabda,2241.3328095977954,276.71717360895127
2050-03-01,Baabda,2293.79799446297,349.5434563377792
2050-04-01,Baabda,2203.3119252643537,341.754674049063
2050-05-01,Baabda,2162.472595904156,341.1342884079866
2050-06-01,Baabda,2132.023386990204,327.92844159350955
2050-07-01,Baabda,2072.032289423262,319.3044006560716
2050-08-01,Baabda,1973.1690926372028,307.2779117587606
2050-09-01,Baabda,1823.8031239988675,294.1718570517737
2050-10-01,Baabda,1570.6403692354245,273.15387980441426
2050-11-01,Baabda,1218.9728686947037,218.02972289619413
2050-12-01,Baabda,987.1605469521461,181.62304100057491
2051-01-01,Baabda,1469.377959254619,227.4190149347593
2051-02-01,Baabda,1190.0994274169836,208.26739538207818
2051-03-01,Baabda,837.3287336826354,206.83802236508006
2051-04-01,Baabda,996.0682670407301,202.09861651491983
2051-05-01,Baabda,1169.989546583012,192.206278935797
2051-06-01,Baabda,1302.3995782239317,215.50655571784233
2051-07-01,Baabda,1206.044475897539,213.75904118351647
2051-08-01,Baabda,1099.612578977044,202.47388352715623
2051-09-01,Baabda,1129.206110077741,191.80140256695813
2051-10-01,Baabda,1195.2308023719452,187.7013873046066
2051-11-01,Baabda,1252.5871433441016,188.80715061727446
2051-12-01,Baabda,1262.6222131073398,190.84529975184773
2052-01-01,Baabda,1251.8251870100196,190.1160483169228
2052-02-01,Baabda,1262.8650530397713,189.19188782858618
2052-03-01,Baabda,1268.3319976446535,188.07953133934691
2052-04-01,Baabda,1280.7368819527082,187.50503051871704
2052-05-01,Baabda,1276.1470797175364,187.35871732618813
2052-06-01,Baabda,1286.0521578600012,187.86521160526004
2052-07-01,Baabda,1256.0963503840253,187.37878271390747
2052-08-01,Baabda,1286.4103255083014,188.24732076716916
2052-09-01,Baabda,1292.1501462566273,193.5879597720578
2052-10-01,Baabda,1260.2374512971376,194.37801597105505
2052-11-01,Baabda,1228.2883445158066,192.69922723391312
2052-12-01,Baabda,1232.781237466391,190.57323670071187
2053-01-01,Baabda,1521.7297999272937,234.39241031672782
2053-02-01,Baabda,1529.9384697086332,235.88772432066582
2053-03-01,Baabda,1623.9804295864596,247.38437079473886
2053-04-01,Baabda,1612.0202087136067,252.2686882110799
2053-05-01,Baabda,1482.311381700326,230.3297225771189
2053-06-01,Baabda,1159.5602515502344,238.486192030321
2053-07-01,Baabda,1323.098352978062,220.78288589278856
2053-08-01,Baabda,1428.5863761355124,219.31066183868938
2053-09-01,Baabda,1078.5843976634603,228.15333804396994
2053-10-01,Baabda,999.0832934013533,209.22957498510547
2053-11-01,Baabda,1092.9667130899202,221.90263780525888
2053-12-01,Baabda,1216.1851682801632,236.82520025930882
2054-01-01,Baabda,1207.2712142609917,251.83713483549843
2054-02-01,Baabda,1213.4318253239744,247.21412852080755
2054-03-01,Baabda,1117.6180123568906,241.48753510277865
2054-04-01,Baabda,1225.568508936526,225.07267398568425
2054-05-01,Baabda,1235.3465707432701,245.64414102893244
2054-06-01,Baabda,1181.052789852467,236.1962480993027
2054-07-01,Baabda,1165.1367149811197,235.03008575650534
2054-08-01,Baabda,1154.168964193846,239.27433943554166
2054-09-01,Baabda,1236.5036024283354,243.2708003302056
2054-10-01,Baabda,1177.0405471182034,242.17026545266495
2054-11-01,Baabda,1115.2218452873176,226.15218446800424
2054-12-01,Baabda,1047.9207557053214,212.43030862679817
2055-01-01,Baabda,1622.1734397975265,250.4039350097211
2055-02-01,Baabda,1679.2085208240653,264.8606042426625
2055-03-01,Baabda,1766.6086527016255,256.7156613219278
2055-04-01,Baabda,1690.306192391992,255.24723641292996
2055-05-01,Baabda,1633.5084257685005,242.0220434663595
2055-06-01,Baabda,1769.4001784826628,229.47521922978962
2055-07-01,Baabda,1834.6648979661534,235.33978063084092
2055-08-01,Baabda,1829.1305844068543,247.622674937584
2055-09-01,Baabda,1785.9730829495481,244.0770305595612
2055-10-01,Baabda,1649.1691928462412,232.76813746754402
2055-11-01,Baabda,1727.5209161562766,229.40272195118231
2055-12-01,Baabda,1927.7258638578912,253.0778692327472
2056-01-01,Baabda,2125.729525660913,252.64596545057867
2056-02-01,Baabda,2126.5094753855547,272.6604888874514
2056-03-01,Baabda,2118.4881068823215,306.3631845845954
2056-04-01,Baabda,2177.228592965265,291.8003052708858
2056-05-01,Baabda,2081.614974178184,301.27173999042714
2056-06-01,Baabda,1947.1394571493108,297.8691813758423
2056-07-01,Baabda,1924.4048790176378,286.63156836060386
2056-08-01,Baabda,1841.8415688747793,266.9932617222429
2056-09-01,Baabda,1564.3415490977118,249.77787831467074
2056-10-01,Baabda,512.4641593831386,186.13293053624318
2056-11-01,Baabda,624.2762926012531,139.34211541663169
2056-12-01,Baabda,1386.632731682798,197.70011938901706
2057-01-01,Baabda,1568.3338149180472,244.38261276711236
2057-02-01,Baabda,1532.6030499940705,241.11638997855258
2057-03-01,Baabda,1607.8266152713431,242.3640034103779
2057-04-01,Baabda,1577.4614227400814,239.00590954743956
2057-05-01,Baabda,1529.625639737333,234.33017626262955
2057-06-01,Baabda,1519.9562466751483,227.94965038343105
2057-07-01,Baabda,1393.8551653091458,228.72233379269338
2057-08-01,Baabda,1082.1920724706188,227.81464241394627
2057-09-01,Baabda,1196.6724696604265,205.90421647437466
2057-10-01,Baabda,1045.7578651519382,233.79129703793708
2057-11-01,Baabda,1133.6337592775176,222.59063347517633
2057-12-01,Baabda,1238.2523616383714,251.70335328906816
2058-01-01,Baabda,1405.519274479092,290.7836097799005
2058-02-01,Baabda,1288.4437203217533,340.51467734989217
2058-03-01,Baabda,1368.2963332608515,227.20539601384647
2058-04-01,Baabda,622.7509631306827,246.3353088005849
2058-05-01,Baabda,989.8812326128708,185.82342930765304
2058-06-01,Baabda,1156.928966121344,211.0453819189945
2058-07-01,Baabda,1225.4365337923837,243.47530867985614
2058-08-01,Baabda,1136.8183060460487,270.0629156367157
2058-09-01,Baabda,1249.5832388823674,261.1437124770772
2058-10-01,Baabda,1170.8266642847457,293.5134799596847
2058-11-01,Baabda,1174.4186125851948,274.59732441224867
2058-12-01,Baabda,1197.1915152219567,232.3582539730013
2059-01-01,Baabda,1504.1586164849634,234.66475922586886
2059-02-01,Baabda,1491.9814831637136,235.06086620880643
2059-03-01,Baabda,1240.238506091575,232.8030951352113
2059-04-01,Baabda,714.9388953796883,198.55228054494893
2059-05-01,Baabda,931.1462720593115,188.16784302049956
2059-06-01,Baabda,1138.7486993245666,176.66144971057201
2059-07-01,Baabda,1214.0470717688893,180.91360598026802
2059-08-01,Baabda,1276.737815480823,183.79664994470568
2059-09-01,Baabda,1233.8637453448875,182.54241567263105
2059-10-01,Baabda,1261.3910118163074,183.91920925912564
2059-11-01,Baabda,1299.7492368026774,188.04465666271335
2059-12-01,Baabda,1289.092899184298,191.5485104446222
2060-01-01,Baabda,1245.2316011316864,188.80131358123293
2060-02-01,Baabda,1245.5011477894757,185.37752770445604
2060-03-01,Baabda,1285.718075852607,186.96958159008688
2060-04-01,Baabda,1300.8515799148613,191.60585724895427
2060-05-01,Baabda,1271.108221959703,193.53115702005817
2060-06-01,Baabda,1267.2538110134963,194.40195427368343
2060-07-01,Baabda,1210.864579363847,191.8610638990097
2060-08-01,Baabda,1220.9439242022806,186.8566861204876
2060-09-01,Baabda,1223.2298640446468,184.81765174822087
2060-10-01,Baabda,1234.0353201162843,181.71557600322365
2060-11-01,Baabda,1241.8589738437252,180.35652405550292
2060-12-01,Baabda,1252.314621401259,179.18936582030042
2061-01-01,Baabda,1581.812989650642,246.7658755049872
2061-02-01,Baabda,1355.8708344777858,217.88328060650161
2061-03-01,Baabda,762.0644353361828,212.0660609796006
2061-04-01,Baabda,1009.3513563202998,193.33395188137897
2061-05-01,Baabda,992.2634441787419,194.78427552378997
2061-06-01,Baabda,1116.4876165570627,185.40706329125067
2061-07-01,Baabda,1291.197913359386,193.8557349531157
2061-08-01,Baabda,1291.4046956705783,202.4241534554787
2061-09-01,Baabda,1313.586650023693,217.91761123080266
2061-10-01,Baabda,1203.8838522280055,214.18972776385638
2061-11-01,Baabda,1131.172206776896,203.73297738531917
2061-12-01,Baabda,1241.9442653485814,199.56987049485377
2062-01-01,Baabda,1266.2063689945544,206.43254661655294
2062-02-01,Baabda,1178.8484578287005,200.99327737864678
2062-03-01,Baabda,1183.7942316684432,193.177762755832
2062-04-01,Baabda,1247.3247850066823,191.62719516585804
2062-05-01,Baabda,1274.0402236993202,192.66896317026658
2062-06-01,Baabda,1276.8981975132106,192.82694121365256
2062-07-01,Baabda,1295.9813924834923,194.42271125335088
2062-08-01,Baabda,1278.963612061044,194.19929939045363
2062-09-01,Baabda,1289.4441953409278,193.24053164103677
2062-10-01,Baabda,1278.9796927683549,194.09121740081287
2062-11-01,Baabda,1261.2506066978478,192.62656397323832
2062-12-01,Baabda,1220.7863049345851,188.98203116787067
2063-01-01,Baabda,1526.135205329292,237.2282600466308
2063-02-01,Baabda,1428.9291006375845,227.25661992413183
2063-03-01,Baabda,1348.4795180046126,238.7166212461844
2063-04-01,Baabda,1243.7791661449178,221.15876150593925
2063-05-01,Baabda,1132.426643627391,208.0150104271708
2063-06-01,Baabda,1024.6280282657058,215.38565622409766
2063-07-01,Baabda,1122.241747009692,217.1443007781741
2063-08-01,Baabda,1203.9505127812197,230.20740301457428
2063-09-01,Baabda,1260.5807425201724,239.35648211651772
2063-10-01,Baabda,1343.2659685100887,254.30503920658828
2063-11-01,Baabda,1345.629903324919,311.32623282830207
2063-12-01,Baabda,1534.4702538852691,327.54773405794845
2064-01-01,Baabda,1756.5670656473183,294.0725075631302
2064-02-01,Baabda,1598.2966355659335,277.86318757299546
2064-03-01,Baabda,1127.351728248319,266.57482092999635
2064-04-01,Baabda,369.06023695055023,178.20675198051487
2064-05-01,Baabda,837.4755852520435,145.4480885136814
2064-06-01,Baabda,1352.6094970188353,162.48332605062618
2064-07-01,Baabda,1548.2009110449735,188.9941386375745
2064-08-01,Baabda,1452.9376674929588,226.2086552558688
2064-09-01,Baabda,1245.2061695284942,236.28105571458525
2064-10-01,Baabda,1265.8614484487525,209.66527791237525
2064-11-01,Baabda,1393.2078282897296,193.23256450179525
2064-12-01,Baabda,1412.1295077856987,192.88272963079498
2065-01-01,Baabda,1472.0810765655062,229.94255096215008
2065-02-01,Baabda,1047.9700604290592,202.8804104954444
2065-03-01,Baabda,1141.3097113541066,230.97748603811192
2065-04-01,Baabda,1373.7062515688817,241.3330703464888
2065-05-01,Baabda,1576.6535620080367,247.57901243259727
2065-06-01,Baabda,1443.1237605853362,316.35757347157204
2065-07-01,Baabda,1770.7234719301016,275.00710647330567
2065-08-01,Baabda,1861.0498674975331,272.65346231325924
2065-09-01,Baabda,1858.0276862847584,270.79750616147953
2065-10-01,Baabda,1702.529371791445,283.90873397623784
2065-11-01,Baabda,1712.2492030192923,257.02444329489197
2065-12-01,Baabda,1695.7084599670288,237.44009927093066
2066-01-01,Baabda,1696.4580901201766,232.49536438200818
2066-02-01,Baabda,1535.2823650245325,214.82442474764434
2066-03-01,Baabda,922.9178378844047,219.1771384865864
2066-04-01,Baabda,924.6826069616314,183.18999470910458
2066-05-01,Baabda,1032.067870221293,199.28459342689726
2066-06-01,Baabda,1096.585651476208,219.40228393996668
2066-07-01,Baabda,1308.3197579185735,288.64164808331236
2066-08-01,Baabda,1293.7130918310838,319.0843822043329
2066-09-01,Baabda,1173.3571442224309,328.2828317501409
2066-10-01,Baabda,1311.243896404836,261.6563112077438
2066-11-01,Baabda,1310.7853483060526,266.9321618789394
2066-12-01,Baabda,1350.8409025751116,274.12620275601296
2067-01-01,Baabda,1639.8445078094974,251.05503655451668
2067-02-01,Baabda,1851.760885881427,286.6863424428892
2067-03-01,Baabda,2327.4766627817326,251.40094318325202
2067-04-01,Baabda,2382.3947576528503,285.7729800101681
2067-05-01,Baabda,2354.2413353579873,381.1316142643816
2067-06-01,Baabda,2338.929810073388,355.4487110090537
2067-07-01,Baabda,2315.3131307635826,357.1025932148399
2067-08-01,Baabda,2209.141925485838,339.73773373422983
2067-09-01,Baabda,2134.7352884760094,323.8472929595007
2067-10-01,Baabda,2087.8262359271903,301.06431773336874
2067-11-01,Baabda,2041.670497217775,290.09415715627915
2067-12-01,Baabda,2006.1869643136893,279.13661121632197
2068-01-01,Baabda,1980.7777465994948,271.41247894290916
2068-02-01,Baabda,1967.3852801741625,265.32570443833725
2068-03-01,Baabda,1917.3877400599558,257.84775123475134
2068-04-01,Baabda,1723.9587915464792,242.14809762542356
2068-05-01,Baabda,1462.7544080053938,211.8616079573059
2068-06-01,Baabda,788.9731258770335,196.4387663304905
2068-07-01,Baabda,1151.6705039905419,199.00854680614069
2068-08-01,Baabda,1315.251109490557,315.2237315258135
2068-09-01,Baabda,1479.6877470044294,342.5608858359666
2068-10-01,Baabda,1542.67013949169,351.6014679931004
2068-11-01,Baabda,1988.4561072401746,312.77433415525337
2068-12-01,Baabda,1976.1708718953275,293.4548882898461
2069-01-01,Baabda,1404.801522380085,217.7779188785231
2069-02-01,Baabda,1112.6638085428308,202.79901473377225
2069-03-01,Baabda,1069.6381405494262,228.39318213155275
2069-04-01,Baabda,986.2107226189952,221.04240807659977
2069-05-01,Baabda,1113.153030413709,208.18706006139303
2069-06-01,Baabda,1275.0072621817071,218.72952173535825
2069-07-01,Baabda,1259.149913770099,219.45592381145724
2069-08-01,Baabda,1172.516342834441,221.17923262760144
2069-09-01,Baabda,1225.2097745672631,214.99570902011072
2069-10-01,Baabda,1262.4092677056803,221.84322544630865
2069-11-01,Baabda,1284.1668897381228,226.3106512363668
2069-12-01,Baabda,1276.3006610983741,232.709711779773
2070-01-01,Baabda,1243.5291005202143,233.95679038049184
2070-02-01,Baabda,1138.7426070742194,223.9336128260244
2070-03-01,Baabda,1097.8885429689972,208.32998906398944
2070-04-01,Baabda,1117.6006565274138,202.26399920276285
2070-05-01,Baabda,1203.4199202800785,201.91151783990813
2070-06-01,Baabda,1223.8518403009914,203.93705233734897
2070-07-01,Baabda,1227.4505184128702,202.11470755424438
2070-08-01,Baabda,1248.554002774346,199.98075910302765
2070-09-01,Baabda,1274.942868512343,197.7286406409545
2070-10-01,Baabda,1316.538628677238,199.24137354075728
2070-11-01,Baabda,1294.3743135140812,199.8514590724207
2070-12-01,Baabda,1330.0226913781346,202.80335793120597
2071-01-01,Baabda,1644.6133230286991,252.84092061012024
2071-02-01,Baabda,1683.2087207378756,261.51701536818115
2071-03-01,Baabda,1958.9757078116165,277.5490111828366
2071-04-01,Baabda,2178.5727134080757,241.8136806442518
2071-05-01,Baabda,2037.4450257213707,299.0073941827125
2071-06-01,Baabda,2229.765184671715,310.2366343247666
2071-07-01,Baabda,2354.1808378952405,303.1766792945805
2071-08-01,Baabda,2270.151137261912,340.83244079695487
2071-09-01,Baabda,2122.245183503219,332.9493622514289
2071-10-01,Baabda,1973.7931940971564,305.34693171245675
2071-11-01,Baabda,1709.2478488018894,280.7366137987423
2071-12-01,Baabda,1330.5014289112069,218.4132890118071
2072-01-01,Baabda,507.40312866764765,154.79876205786763
2072-02-01,Baabda,813.8810080597758,144.00474533933271
2072-03-01,Baabda,1266.0447118400011,169.90144271886703
2072-04-01,Baabda,1592.5312415341746,208.8864900515182
2072-05-01,Baabda,1450.8208230177784,271.38433576123657
2072-06-01,Baabda,1176.5932625985497,308.3946022242076
2072-07-01,Baabda,1440.2293749496052,250.41620846149243
2072-08-01,Baabda,1404.1751540362814,290.19470540429927
2072-09-01,Baabda,1460.4096000230475,260.70270734487235
2072-10-01,Baabda,1425.2632660916495,256.5115587062201
2072-11-01,Baabda,1294.7052077160613,269.59143435266685
2072-12-01,Baabda,1183.7732629928305,266.6062745317936
2073-01-01,Baabda,1587.589718101651,245.5181421972242
2073-02-01,Baabda,1429.1641481567815,224.3285210495854
2073-03-01,Baabda,498.64495207304356,209.30188783919328
2073-04-01,Baabda,850.9802624279508,165.99147692383883
2073-05-01,Baabda,1255.697591346786,175.85207504315932
2073-06-01,Baabda,1304.3121197921305,184.11158247539447
2073-07-01,Baabda,1263.4275235950533,188.1568144342347
2073-08-01,Baabda,1240.8436932394052,183.87484594096492
2073-09-01,Baabda,1234.0669856500642,186.09974334396287
2073-10-01,Baabda,1272.2247330959494,187.37713211445813
2073-11-01,Baabda,1255.5447892072718,190.20021044638713
2073-12-01,Baabda,1272.3974413092717,191.1283268406666
2074-01-01,Baabda,1304.2647277516414,197.95127792086993
2074-02-01,Baabda,1297.6896311447097,203.00255485469555
2074-03-01,Baabda,1321.0520652627129,209.89485877544905
2074-04-01,Baabda,1339.7265127387911,221.64544859161907
2074-05-01,Baabda,1337.7734506217737,232.22947033104893
2074-06-01,Baabda,1390.8926314776743,254.24174471150297
2074-07-01,Baabda,1388.5695005721436,334.62627907969807
2074-08-01,Baabda,1669.877176816012,333.41451777445957
2074-09-01,Baabda,1802.7417895089775,284.4774991943119
2074-10-01,Baabda,1675.224614137927,301.23173831215206
2074-11-01,Baabda,1630.4284390175505,297.32570075938884
2074-12-01,Baabda,1790.0337803261052,279.2114967924565
2075-01-01,Baabda,1662.85097032293,255.14602423663973
2075-02-01,Baabda,1683.640562111301,261.5942984630689
2075-03-01,Baabda,1909.9447102989545,274.1044959900702
2075-04-01,Baabda,2181.5650000900787,245.439936979739
2075-05-01,Baabda,2121.308110391724,278.3239261287846
2075-06-01,Baabda,2115.6553521512624,315.762232680241
2075-07-01,Baabda,2212.8331207948445,288.9450817452116
2075-08-01,Baabda,2228.368925900354,322.4089845745338
2075-09-01,Baabda,2217.774219186647,314.9996741770981
2075-10-01,Baabda,2119.9944512006477,314.2774493163653
2075-11-01,Baabda,1964.9568808498477,299.84399913042637
2075-12-01,Baabda,1706.7233902744306,275.4790857035571
2076-01-01,Baabda,1331.5213849634672,212.40401891154642
2076-02-01,Baabda,686.4866694573473,158.47052514353635
2076-03-01,Baabda,908.6047332554903,150.00723783850256
2076-04-01,Baabda,1274.4497504348471,195.86823063702943
2076-05-01,Baabda,1527.125833571743,297.03110103197264
2076-06-01,Baabda,1046.4229122014326,331.60689928923534
2076-07-01,Baabda,1102.1232945211623,252.99194584912178
2076-08-01,Baabda,1196.1670254019964,241.3369985887537
2076-09-01,Baabda,1289.7786315489236,207.81990772801367
2076-10-01,Baabda,1175.9057592309166,237.35986538373118
2076-11-01,Baabda,1216.4021515686807,236.4927197355916
2076-12-01,Baabda,1162.2937592727355,232.0601225160371
2077-01-01,Baabda,1461.46171748993,228.30941651480526
2077-02-01,Baabda,788.2573573013952,189.59223657547176
2077-03-01,Baabda,653.9522107618737,165.66248202353978
2077-04-01,Baabda,1101.8531811424104,168.26973756154814
2077-05-01,Baabda,1460.0334389841876,181.41949165842564
2077-06-01,Baabda,1418.1776955777455,204.40340661975625
2077-07-01,Baabda,1343.3831380690856,207.96462564844907
2077-08-01,Baabda,1331.3621363730047,218.47750562948983
2077-09-01,Baabda,1346.1952074850135,222.47195629689142
2077-10-01,Baabda,1215.3282861848625,226.72551419293544
2077-11-01,Baabda,1179.7669708286735,210.42811305229736
2077-12-01,Baabda,1113.0515873614218,202.43455499837728
2078-01-01,Baabda,1189.1491780431109,197.86794570174317
2078-02-01,Baabda,1268.5719331321523,208.2298096650083
2078-03-01,Baabda,1279.2024849467377,222.09404279280045
2078-04-01,Baabda,1310.85958875214,238.26198714199006
2078-05-01,Baabda,1281.1935882083635,248.21177295893068
2078-06-01,Baabda,1201.1375932838482,245.6620947559037
2078-07-01,Baabda,1173.4326597906843,222.2586140127578
2078-08-01,Baabda,1201.2187052216061,224.8357253630573
2078-09-01,Baabda,1194.4378180651663,249.13902255796856
2078-10-01,Baabda,1254.2111531022672,276.69033984136706
2078-11-01,Baabda,1133.7007740313334,311.52710801491895
2078-12-01,Baabda,1211.6110217115806,263.4541367509836
2079-01-01,Baabda,1492.1539080165546,231.48078055177086
2079-02-01,Baabda,1566.4562683692827,242.0234819776114
2079-03-01,Baabda,1718.637281708599,267.79951039405046
2079-04-01,Baabda,1754.719838670048,262.2465803247892
2079-05-01,Baabda,1720.821140937595,257.02899858052314
2079-06-01,Baabda,1668.109574133973,248.96864196564763
2079-07-01,Baabda,1698.366948002119,227.92468852471956
2079-08-01,Baabda,1684.0620608271608,218.62314567252258
2079-09-01,Baabda,1545.9265181422184,219.02629767210425
2079-10-01,Baabda,1229.7854796184927,223.96103675207098
2079-11-01,Baabda,1231.6072749925709,218.65914533872495
2079-12-01,Baabda,1119.4430663765033,210.64767044273745
2080-01-01,Baabda,842.4509702620766,212.34155432679876
2080-02-01,Baabda,964.5842964893718,198.20020491603705
2080-03-01,Baabda,1286.0046241392713,215.74459244513423
2080-04-01,Baabda,1360.6213729459466,272.9099138288211
2080-05-01,Baabda,1262.7551091730463,282.3621038497547
2080-06-01,Baabda,1215.4349714060534,278.0348130308229
2080-07-01,Baabda,1183.908425942387,253.02244044341768
2080-08-01,Baabda,1184.4164204451483,211.75161717388846
2080-09-01,Baabda,1149.2362957763614,239.2963966080714
2080-10-01,Baabda,1102.6826481111502,252.31496032301726
2080-11-01,Baabda,1142.89695508983,257.8898737950004
2080-12-01,Baabda,1197.054935469994,283.53160427635464
2081-01-01,Baabda,1581.9463107570703,246.23899309528684
2081-02-01,Baabda,1428.9435520221282,225.15951949190705
2081-03-01,Baabda,700.9930967745947,222.93541511434285
2081-04-01,Baabda,863.8657969523263,176.6816810803589
2081-05-01,Baabda,1116.0982792558248,188.62824961215358
2081-06-01,Baabda,1306.5346577268172,194.77368033514588
2081-07-01,Baabda,1295.1310276792603,219.14813773089827
2081-08-01,Baabda,1293.461609403974,214.2792658680636
2081-09-01,Baabda,1284.977867435461,230.9369864136343
2081-10-01,Baabda,1310.106699953458,232.5322216222261
2081-11-01,Baabda,1256.3886367204352,230.06771988352068
2081-12-01,Baabda,1316.4194047547521,230.91772327257468
2082-01-01,Baabda,1327.5580219122196,277.5927105727272
2082-02-01,Baabda,1388.7740868396063,337.9984260910208
2082-03-01,Baabda,1677.8364893738512,319.9189584823324
2082-04-01,Baabda,1924.9557317931885,284.06862081340034
2082-05-01,Baabda,2037.5240832956395,287.9468102637222
2082-06-01,Baabda,1736.2766133466698,300.43528258232885
2082-07-01,Baabda,1484.8046705748473,297.64058718394773
2082-08-01,Baabda,1520.9973130832618,249.17465337513198
2082-09-01,Baabda,1506.3389337079439,231.13760340592387
2082-10-01,Baabda,1485.9706989551921,238.10823242010017
2082-11-01,Baabda,1417.5647868568012,246.7761756144001
2082-12-01,Baabda,1494.1415401122847,272.5184635650004
2083-01-01,Baabda,1573.1617107975894,244.70604726814912
2083-02-01,Baabda,1678.816633278496,265.10395239611535
2083-03-01,Baabda,1980.6466923769167,277.08668657617994
2083-04-01,Baabda,2092.361420429601,239.7586935510501
2083-05-01,Baabda,1548.3903375266893,298.54240464174944
2083-06-01,Baabda,1199.028257861421,229.4602808437118
2083-07-01,Baabda,708.5027870888101,162.86630200777682
2083-08-01,Baabda,1161.5068672163034,166.2721341575824
2083-09-01,Baabda,1138.6408098213305,203.44950767765357
2083-10-01,Baabda,1084.9975537553573,200.59017148519496
2083-11-01,Baabda,1072.0914755960912,200.2044383814781
2083-12-01,Baabda,1199.4575489905153,195.65723976551914
2084-01-01,Baabda,1345.1335974420092,213.7330557687218
2084-02-01,Baabda,1376.0366081666841,239.7811748999746
2084-03-01,Baabda,1259.64876989734,239.46049754550404
2084-04-01,Baabda,1249.291235906439,218.15297380256214
2084-05-01,Baabda,1292.0325516569087,210.98094399188844
2084-06-01,Baabda,1313.615694473021,209.23223069818596
2084-07-01,Baabda,1256.8469722988575,209.18986838606156
2084-08-01,Baabda,1209.079124971489,204.06177863987278
2084-09-01,Baabda,1205.3827583336993,201.05531778699958
2084-10-01,Baabda,1220.1304671007313,198.95489771342415
2084-11-01,Baabda,1210.0200234494805,195.2720507141347
2084-12-01,Baabda,1217.753001822921,190.74714902258086
2085-01-01,Baabda,1575.1652110802697,243.7353472523219
2085-02-01,Baabda,1656.7667957497645,261.1815932733782
2085-03-01,Baabda,1739.904619268358,256.4188946064078
2085-04-01,Baabda,1472.1931456358407,236.0489482355946
2085-05-01,Baabda,463.8108813919834,225.16341084926805
2085-06-01,Baabda,930.8337962886127,162.3121063267416
2085-07-01,Baabda,1352.1075239263007,188.1991398614552
2085-08-01,Baabda,1421.5066145114738,232.78425617054648
2085-09-01,Baabda,1371.6280857993922,277.96360672385197
2085-10-01,Baabda,1367.224947281244,326.87688986834263
2085-11-01,Baabda,1572.6988414514672,291.08580779751924
2085-12-01,Baabda,1718.538247220402,278.10540151565357
2086-01-01,Baabda,1818.5449452285466,267.06665345976967
2086-02-01,Baabda,1594.8579144457206,269.5119197210934
2086-03-01,Baabda,1556.769023596779,246.35716310614316
2086-04-01,Baabda,1763.2716579941816,227.24169075928
2086-05-01,Baabda,1750.93555944295,242.17498672036362
2086-06-01,Baabda,1580.4464837298126,234.89943942690627
2086-07-01,Baabda,936.1550227660118,232.31131793279383
2086-08-01,Baabda,788.2132239064406,184.01001989251722
2086-09-01,Baabda,1003.2649148632843,182.3208664973806
2086-10-01,Baabda,1116.8454300047615,209.46986169153502
2086-11-01,Baabda,1324.7302259895823,246.85344948806193
2086-12-01,Baabda,1209.0310245297967,263.8628122649237
2087-01-01,Baabda,1430.2482853580452,223.17118342004514
2087-02-01,Baabda,1000.2160269251514,199.4081117488185
2087-03-01,Baabda,977.6960943580256,213.82491762187445
2087-04-01,Baabda,1173.7325260199673,220.85270901586335
2087-05-01,Baabda,1477.7733635931024,245.91974503084225
2087-06-01,Baabda,1369.453010745315,316.79945462024443
2087-07-01,Baabda,1508.9727693811653,263.1049012596717
2087-08-01,Baabda,1365.8264216260334,221.33591969935102
2087-09-01,Baabda,549.9983012499126,225.55120950760312
2087-10-01,Baabda,1000.3533859184374,173.58353357762655
2087-11-01,Baabda,1051.123437544653,190.52647586379794
2087-12-01,Baabda,1133.1360365922014,181.6725220991512
2088-01-01,Baabda,1248.964875472159,183.35603210399177
2088-02-01,Baabda,1329.5500460954092,191.3356292217873
2088-03-01,Baabda,1383.8944776722358,212.77260975617767
2088-04-01,Baabda,1297.67610068173,221.20259921421945
2088-05-01,Baabda,1274.3657340521565,209.99630148238862
2088-06-01,Baabda,1349.16794229381,203.40074583470323
2088-07-01,Baabda,1393.287452584961,210.56805437767824
2088-08-01,Baabda,1370.1448353602875,221.41763820393228
2088-09-01,Baabda,1353.1490153751358,232.79817100054123
2088-10-01,Baabda,1294.7091039226784,249.05626205485225
2088-11-01,Baabda,1240.5626704821254,263.2331777341955
2088-12-01,Baabda,1166.8591925065198,249.53339595042303
2089-01-01,Baabda,1691.7786751328092,258.7934156220593
2089-02-01,Baabda,1828.5396361232067,276.48268705365933
2089-03-01,Baabda,1922.1654811343167,248.10034366426132
2089-04-01,Baabda,1675.4742547219084,278.3214456189976
2089-05-01,Baabda,1568.6741308560286,249.04184927865498
2089-06-01,Baabda,1502.2850369829366,210.6610043354958
2089-07-01,Baabda,1279.4305901341445,207.73093211859089
2089-08-01,Baabda,1092.9373852801107,192.10307497469637
2089-09-01,Baabda,968.6772261206712,198.0957007620741
2089-10-01,Baabda,951.369638766024,207.45644388502393
2089-11-01,Baabda,1171.4586998381744,206.32251894823156
2089-12-01,Baabda,1328.9130517335584,244.63373441406134
2090-01-01,Baabda,1457.3453397788069,279.74419779574646
2090-02-01,Baabda,1319.1634676551798,331.69936974330227
2090-03-01,Baabda,1478.5739986328751,278.5319662079832
2090-04-01,Baabda,1382.1900643775155,251.81395267339988
2090-05-01,Baabda,1192.5504955797987,256.57537881118594
2090-06-01,Baabda,1381.0397625038797,252.23099183929838
2090-07-01,Baabda,1527.5318891413747,307.4592748312165
2090-08-01,Baabda,1799.9047843706996,298.8726905136849
2090-09-01,Baabda,2131.78451410451,257.3752095097156
2090-10-01,Baabda,2195.9707635963623,305.385457994576
2090-11-01,Baabda,2250.4740187229295,333.90119563891335
2090-12-01,Baabda,2167.879822287615,317.75101137094964
2091-01-01,Baabda,1623.4139919844401,250.6016196521509
2091-02-01,Baabda,1646.5955712752857,257.4426074503593
2091-03-01,Baabda,1789.2075011627794,264.8763172117221
2091-04-01,Baabda,1942.5201145839687,257.9921925184075
2091-05-01,Baabda,2011.7294953269447,256.0229536055377
2091-06-01,Baabda,2135.8038408508046,289.885609909652
2091-07-01,Baabda,2352.1107478994663,293.23171617882423
2091-08-01,Baabda,2341.912462499028,332.55054422805495
2091-09-01,Baabda,2232.573287040905,351.350521549445
2091-10-01,Baabda,2058.6647587202797,320.686607102213
2091-11-01,Baabda,1883.7801952219875,303.29764333690696
2091-12-01,Baabda,1762.1872374324364,276.3558583116135
2092-01-01,Baabda,1487.3916100884217,223.293419991556
2092-02-01,Baabda,318.4281110385833,163.5751745332993
2092-03-01,Baabda,671.6973066995714,139.68794827555922
2092-04-01,Baabda,1389.9192882245795,168.10621756135183
2092-05-01,Baabda,1793.5796117082307,208.8733313620533
2092-06-01,Baabda,1421.7701397590365,242.68794507884326
2092-07-01,Baabda,1230.207332534954,271.66871837027367
2092-08-01,Baabda,1383.4202739068635,215.58855085920283
2092-09-01,Baabda,1542.6637638808618,189.73716658410456
2092-10-01,Baabda,1502.8578501957843,196.42170706243866
2092-11-01,Baabda,1419.7621057086562,218.95394793311257
2092-12-01,Baabda,1331.169167885273,233.4820355612223
2093-01-01,Baabda,1553.5377223488415,240.48113049998028
2093-02-01,Baabda,1604.223970112727,249.5222290457686
2093-03-01,Baabda,1539.792047083631,230.72445559738634
2093-04-01,Baabda,1320.5223228430157,245.1306478393463
2093-05-01,Baabda,1094.1066014658697,228.4459367653498
2093-06-01,Baabda,1270.7877412554092,204.7537209945071
2093-07-01,Baabda,1169.038376287575,236.01006232566237
2093-08-01,Baabda,1252.8001595858814,225.37004008089264
2093-09-01,Baabda,1202.39358861699,242.86082462340318
2093-10-01,Baabda,1124.304611313194,215.89996088156954
2093-11-01,Baabda,1009.8327149378238,209.28029172796226
2093-12-01,Baabda,1092.1844964814286,203.92898376462176
2094-01-01,Baabda,1258.9844312490486,218.38252700195795
2094-02-01,Baabda,1318.3570237255415,254.11721205472458
2094-03-01,Baabda,1254.7382035973928,259.76003063478004
2094-04-01,Baabda,1150.4155712592049,249.42195743452768
2094-05-01,Baabda,1121.7941082894367,226.0417326232881
2094-06-01,Baabda,1211.8676046273526,215.00099278259376
2094-07-01,Baabda,1155.9928139314134,240.68373927708018
2094-08-01,Baabda,1117.4778197587918,225.43297494816494
2094-09-01,Baabda,1103.4202354438446,222.84189344051487
2094-10-01,Baabda,1128.2411967989635,213.89000103479867
2094-11-01,Baabda,1191.3848214000554,211.75022476876637
2094-12-01,Baabda,1177.1405025279644,206.46577069373708
2095-01-01,Baabda,1557.7481757397395,241.09097627976834
2095-02-01,Baabda,1548.5535531638895,238.95724913797494
2095-03-01,Baabda,1759.8231609373654,273.4976378874977
2095-04-01,Baabda,1973.2929211675091,268.0003394745373
2095-05-01,Baabda,2001.5516118811563,246.67749927525273
2095-06-01,Baabda,1711.1068352391317,293.23601327012807
2095-07-01,Baabda,1772.6062606477687,268.30715732636907
2095-08-01,Baabda,1940.754495425298,262.29978679865894
2095-09-01,Baabda,2182.833746644877,267.06360123397224
2095-10-01,Baabda,2341.805635597597,296.6144860424689
2095-11-01,Baabda,2332.9171840217377,338.8644467495916
2095-12-01,Baabda,2220.9472898556874,344.74865858319345
2096-01-01,Baabda,2080.4537629260203,324.45545125493555
2096-02-01,Baabda,1999.0970017123257,303.83334123863835
2096-03-01,Baabda,2001.267117957981,286.5991649725313
2096-04-01,Baabda,2004.2473618195309,275.51964987661654
2096-05-01,Baabda,1951.620094759081,271.0675497641271
2096-06-01,Baabda,1893.7809783669943,269.6767952415079
2096-07-01,Baabda,1861.7575602994557,262.7550479462195
2096-08-01,Baabda,1824.0068601848864,261.1574336613264
2096-09-01,Baabda,1801.6195403229856,263.00509070972953
2096-10-01,Baabda,1972.1273178278861,288.9041026169833
2096-11-01,Baabda,2180.4613110156088,259.1441080670751
2096-12-01,Baabda,1845.0509096854203,295.09731773297267
2097-01-01,Baabda,1529.224542976123,237.48774534553814
2097-02-01,Baabda,1437.763713722006,224.7180348559516
2097-03-01,Baabda,1612.7675719829044,249.20842150464864
2097-04-01,Baabda,1611.5037842365282,282.12730377277967
2097-05-01,Baabda,1498.4231169839766,219.95138950426426
2097-06-01,Baabda,1282.003290783536,242.50524492862115
2097-07-01,Baabda,1622.338355597614,231.15528971734187
2097-08-01,Baabda,1626.5427167381652,297.9112486087355
2097-09-01,Baabda,1753.2637908371432,262.8635356698032
2097-10-01,Baabda,1756.108305028174,259.3428070443621
2097-11-01,Baabda,1773.4839697384418,262.3707533537546
2097-12-01,Baabda,1587.9719713908576,230.00692434067435
2098-01-01,Baabda,1151.0326595472475,219.04180777419248
2098-02-01,Baabda,1114.6242380323606,198.20362599087338
2098-03-01,Baabda,1149.6667203473805,185.86550576177225
2098-04-01,Baabda,862.7738673378283,224.06903575067804
2098-05-01,Baabda,1078.5161786275994,214.96365603862523
2098-06-01,Baabda,1264.689823698903,263.94472441525045
2098-07-01,Baabda,1188.5059497506727,269.38827230200855
2098-08-01,Baabda,1233.2443901729946,250.90034126757746
2098-09-01,Baabda,1234.619538588502,252.6731496247499
2098-10-01,Baabda,1235.2153040003311,228.65508339166527
2098-11-01,Baabda,1218.0773787338326,218.20192007003192
2098-12-01,Baabda,1144.8237355222116,228.57498782285543
2099-01-01,Baabda,1447.7744144838566,225.7867103977522
2099-02-01,Baabda,1015.7667084559265,199.32646701404502
2099-03-01,Baabda,954.3602961252599,210.28237157577888
2099-04-01,Baabda,1099.59578986853,212.4877660858419
2099-05-01,Baabda,1192.57344777878,203.6587004100989
2099-06-01,Baabda,1233.8394471836202,214.09370713778952
2099-07-01,Baabda,1187.0554274471529,207.57696530850365
2099-08-01,Baabda,1127.6617246148066,204.16170906575263
2099-09-01,Baabda,1144.1236226131623,194.86776450375822
2099-10-01,Baabda,1240.605387074674,196.28340711528114
2099-11-01,Baabda,1258.6210922719656,201.09503360726944
2099-12-01,Baabda,1257.9337305845727,203.83303690836266
2100-01-01,Baabda,1327.6906346174446,215.43203899074672
2100-02-01,Baabda,1366.29254961769,232.89503997939772
2100-03-01,Baabda,1349.9928046547298,238.3276514921506
2100-04-01,Baabda,1297.1317651972483,248.91133204621946
2100-05-01,Baabda,1293.2291121291082,271.77329629404437
2100-06-01,Baabda,1382.2563707301279,313.17448003516756
2100-07-01,Baabda,1633.5140929781255,316.4605930081532
2100-08-01,Baabda,1975.1405731855016,281.49629527938134
2100-09-01,Baabda,2161.100281093461,293.43574502472416
2100-10-01,Baabda,2187.624097260654,329.5517093290622
2100-11-01,Baabda,2153.4100193125687,319.1897439323114
2100-12-01,Baabda,2054.657049753716,328.17687986370004
2101-01-01,Baabda,1527.3831248887182,235.2326945336053
2101-02-01,Baabda,1461.1629138624512,227.40559805096723
2101-03-01,Baabda,1307.0487444799255,237.45347926981884
2101-04-01,Baabda,1444.8219399494692,235.1139067006087
2101-05-01,Baabda,1506.5432366149253,247.42361633248402
2101-06-01,Baabda,1543.2976412774187,228.16200599638546
2101-07-01,Baabda,1372.5875443889058,219.08696411778698
2101-08-01,Baabda,1083.0900418357007,222.9040813884833
2101-09-01,Baabda,1248.1989520913394,208.83579175111333
2101-10-01,Baabda,1168.113912717496,262.760211832765
2101-11-01,Baabda,1353.7660328230586,272.1423297575224
2101-12-01,Baabda,1362.301983960242,353.37725480626244
2102-01-01,Baabda,1831.0133731245216,319.3236914608092
2102-02-01,Baabda,2122.0737504120625,275.1636736691176
2102-03-01,Baabda,2276.3521980335927,311.79749280292754
2102-04-01,Baabda,2267.190161913087,342.60380142164945
2102-05-01,Baabda,2158.4779215197304,328.2945242646759
2102-06-01,Baabda,1953.2062050528793,323.38881360407527
2102-07-01,Baabda,1806.0936606416872,303.4850370911498
2102-08-01,Baabda,1594.8549391606678,275.0823885621571
2102-09-01,Baabda,850.5556467467973,199.54098039387736
2102-10-01,Baabda,310.02923553420453,140.42691888266074
2102-11-01,Baabda,1011.2274152265377,159.29804718366586
2102-12-01,Baabda,1750.391365638709,198.60858535074598
2103-01-01,Baabda,1554.5199914570958,242.1138684346082
2103-02-01,Baabda,1588.7214598637647,250.3716238339083
2103-03-01,Baabda,1543.7617857457067,230.0466401609442
2103-04-01,Baabda,1426.447571223035,242.81358428273853
2103-05-01,Baabda,1410.1153814849717,230.13794874053838
2103-06-01,Baabda,1283.2251411786872,226.02170412047263
2103-07-01,Baabda,940.1595439271613,209.15984407429036
2103-08-01,Baabda,1018.0878558380883,205.64422400803875
2103-09-01,Baabda,1074.7665402193345,219.43898441934306
2103-10-01,Baabda,1140.0092284254083,213.02938401464866
2103-11-01,Baabda,1169.3902391651677,217.9325127319766
2103-12-01,Baabda,1217.0351788837938,219.06941612475856
2104-01-01,Baabda,1342.599079617466,241.7353555508289
2104-02-01,Baabda,1420.6236632518978,276.66207678375685
2104-03-01,Baabda,1374.0365082097792,340.24390527039264
2104-04-01,Baabda,1721.179450266136,331.9065153635814
2104-05-01,Baabda,2008.6791197462856,282.87164113339804
2104-06-01,Baabda,1995.5416777540784,295.8397555210404
2104-07-01,Baabda,1705.4610193304604,313.7938144564829
2104-08-01,Baabda,1467.7830647859018,286.4952233133528
2104-09-01,Baabda,1176.0458101487743,233.70558574250913
2104-10-01,Baabda,871.9878292665236,198.286275839278
2104-11-01,Baabda,1168.967394487022,187.30739198241704
2104-12-01,Baabda,1020.9186978858988,230.6642686554543
2105-01-01,Baabda,1587.8457342964605,244.8633060559091
2105-02-01,Baabda,1705.4220572642887,267.05634412913076
2105-03-01,Baabda,2153.803890381507,283.9845140112918
2105-04-01,Baabda,2356.054417397268,243.0921114132821
2105-05-01,Baabda,2274.3264539531347,373.3530859789484
2105-06-01,Baabda,2271.344509928698,325.8520796985001
2105-07-01,Baabda,2308.937944976173,345.01721756845916
2105-08-01,Baabda,2253.534595280914,334.1833467112647
2105-09-01,Baabda,2218.5683369353505,335.5894914600344
2105-10-01,Baabda,2159.751060161988,315.2875424095533
2105-11-01,Baabda,2104.8423161867513,308.4501140045709
2105-12-01,Baabda,2072.5035179035813,293.0501502393969
2106-01-01,Baabda,2075.0750142709276,288.272725274546
2106-02-01,Baabda,2089.293193138623,279.6697825021365
2106-03-01,Baabda,2083.2176610601355,281.62944056121944
2106-04-01,Baabda,2099.0730967884956,281.3977388161717
2106-05-01,Baabda,2119.2069924232533,281.70628103726045
2106-06-01,Baabda,2132.878568922617,285.97215849120573
2106-07-01,Baabda,2139.5545418608735,287.74855390528205
2106-08-01,Baabda,2146.7365966186435,292.1685457089301
2106-09-01,Baabda,2151.263280306617,291.6113807931313
2106-10-01,Baabda,2146.3291242466057,294.9863310571501
2106-11-01,Baabda,2151.661968503736,295.0050132609733
2106-12-01,Baabda,2156.1260295253533,295.800583753103
2107-01-01,Baabda,1401.5282837809223,217.30806053024574
2107-02-01,Baabda,419.6380284902371,167.17737269022047
2107-03-01,Baabda,871.0442388639602,168.17450073968905
2107-04-01,Baabda,1352.163770981829,172.59358886319168
2107-05-01,Baabda,1570.1089266528395,217.31505944075997
2107-06-01,Baabda,1485.923802795545,270.15283181118775
2107-07-01,Baabda,1546.252807736378,220.9864352349378
2107-08-01,Baabda,1331.5645974368579,279.081698815647
2107-09-01,Baabda,1534.7241448764696,227.39970568756985
2107-10-01,Baabda,1518.4443768274373,256.31769165134347
2107-11-01,Baabda,1452.7446990052272,258.88674365014174
2107-12-01,Baabda,1491.6071639679822,252.9067417211224
2108-01-01,Baabda,1704.782370977866,266.1959484184041
2108-02-01,Baabda,1884.4163395023943,275.11124177822967
2108-03-01,Baabda,2048.1676696923632,256.94737228820156
2108-04-01,Baabda,1862.5869564280754,287.03379823758814
2108-05-01,Baabda,1729.2786012214722,290.4552234805157
2108-06-01,Baabda,1645.3404260235875,263.77278543573993
2108-07-01,Baabda,1400.416802293218,231.32800327983423
2108-08-01,Baabda,1263.5867721855157,217.03648620408654
2108-09-01,Baabda,1413.3947123344813,219.57629769532133
2108-10-01,Baabda,1465.987267735978,258.8891780537989
2108-11-01,Baabda,1501.080329896901,314.91223851241296
2108-12-01,Baabda,1629.3588948810711,274.3202173505051
2109-01-01,Baabda,1604.5230571006869,248.65252911803418
2109-02-01,Baabda,1543.2092328072686,240.47518280922705
2109-03-01,Baabda,1455.8544386067085,233.9990143742266
2109-04-01,Baabda,1095.2163119505663,240.60236195785996
2109-05-01,Baabda,1205.374540879743,209.77067652525764
2109-06-01,Baabda,1322.5262481664176,226.1180659319006
2109-07-01,Baabda,1288.3523365665503,230.6878565514957
2109-08-01,Baabda,1146.9850675929479,219.78817380452512
2109-09-01,Baabda,1235.9295140933223,216.66166181069684
2109-10-01,Baabda,1239.244265002988,244.76812456140584
2109-11-01,Baabda,1228.1773380472769,234.53376248968272
2109-12-01,Baabda,1011.9724407718649,222.53834912390394
2110-01-01,Baabda,1041.9074920925889,205.17421812014584
2110-02-01,Baabda,1246.1425342387859,221.5025656951525
2110-03-01,Baabda,1302.508246968491,255.22392515366778
2110-04-01,Baabda,1258.3395027937229,261.6382468260608
2110-05-01,Baabda,1243.9214839466258,281.2727819829985
2110-06-01,Baabda,1209.9746857724806,303.3168234869328
2110-07-01,Baabda,1305.086260626906,241.8375451770724
2110-08-01,Baabda,1015.348468385601,246.26407482993602
2110-09-01,Baabda,777.0755985106575,211.64009566695933
2110-10-01,Baabda,906.241294321502,194.62728415158324
2110-11-01,Baabda,1026.6169354836015,194.17214287996035
2110-12-01,Baabda,1221.3835579889403,196.57934392046357
2111-01-01,Baabda,1544.8328883648328,238.04221766335255
2111-02-01,Baabda,1621.6259873477509,250.8378582403779
2111-03-01,Baabda,1853.7897469271793,287.29529376375785
2111-04-01,Baabda,1965.7882605018358,243.89196055426373
2111-05-01,Baabda,1759.0665884524271,291.37990957873285
2111-06-01,Baabda,1945.6205032895687,272.74857003795466
2111-07-01,Baabda,2076.350844837757,254.7858892562266
2111-08-01,Baabda,2038.836892405272,283.41701210117617
2111-09-01,Baabda,2055.2071941280637,287.05000915285035
2111-10-01,Baabda,2013.2545414370338,282.8131416758192
2111-11-01,Baabda,1839.3657066698552,284.19292293952935
2111-12-01,Baabda,1602.7934247231349,263.7072594039689
2112-01-01,Baabda,1255.9098991873627,206.52560722908214
2112-02-01,Baabda,705.4001314993601,161.23831300452548
2112-03-01,Baabda,891.0713784374069,147.8007183388707
2112-04-01,Baabda,1047.6621892661808,168.67581268976357
2112-05-01,Baabda,1392.235476798319,184.3520904912474
2112-06-01,Baabda,1587.5146275741197,247.6024620102491
2112-07-01,Baabda,1195.5254972724454,293.48570562705106
2112-08-01,Baabda,1147.2893259096907,246.87502715684099
2112-09-01,Baabda,1433.7099586772392,202.96320788346463
2112-10-01,Baabda,1465.1122505698772,192.38369532353605
2112-11-01,Baabda,1350.520421870818,207.08554773389915
2112-12-01,Baabda,1219.5430608230997,223.1373415207207
2113-01-01,Baabda,1576.0144424425766,243.70574711694547
2113-02-01,Baabda,1637.0742340645538,256.99665051980645
2113-03-01,Baabda,1778.0253881714402,265.0101725279602
2113-04-01,Baabda,1973.4959489523249,260.30210040365944
2113-05-01,Baabda,2174.7001673910686,253.393133727571
2113-06-01,Baabda,2332.370581653406,311.77215287395103
2113-07-01,Baabda,2376.9278838880887,328.2391231390243
2113-08-01,Baabda,2341.835246767887,364.71709433264823
2113-09-01,Baabda,2287.0357382581724,356.75082188638515
2113-10-01,Baabda,2238.0444112128857,342.1510023414239
2113-11-01,Baabda,2155.203691158883,323.0427594357243
2113-12-01,Baabda,2083.2831173313043,307.65767872927233
2114-01-01,Baabda,2056.0193052673267,292.5330607716809
2114-02-01,Baabda,2058.1719948433856,283.4093861472957
2114-03-01,Baabda,2070.622571029042,279.0521540076264
2114-04-01,Baabda,2089.2855424056297,279.01173737418253
2114-05-01,Baabda,2103.9041096333312,279.97696920300723
2114-06-01,Baabda,2101.3915522460857,282.576626450813
2114-07-01,Baabda,2064.4858330866045,281.0902478148438
2114-08-01,Baabda,1937.7896947099764,275.65925001663635
2114-09-01,Baabda,1796.3144653930178,272.12506762249916
2114-10-01,Baabda,1418.5250955277584,220.12273832531247
2114-11-01,Baabda,245.15831627953122,172.98566617037864
2114-12-01,Baabda,923.8054645919212,164.12849419786698
2017-01-01,Beirut,288.9748918969635,484.20768100261256
2017-02-01,Beirut,736.6858323253173,302.34490056297835
2017-03-01,Beirut,390.85251261198226,261.0728259631015
2017-04-01,Beirut,493.48005971517784,148.99236021659178
2017-05-01,Beirut,697.7284964404921,100.72465130899056
2017-06-01,Beirut,288.0179500242392,262.5707728238114
2017-07-01,Beirut,402.0753289587577,473.8670967353541
2017-08-01,Beirut,625.0673473345412,507.8368720979313
2017-09-01,Beirut,785.9787165502192,511.75114077758843
2017-10-01,Beirut,629.3185076576685,475.1078179608781
2017-11-01,Beirut,686.0400559997612,340.69352577521437
2017-12-01,Beirut,452.6847637661543,225.0908764885523
2018-01-01,Beirut,436.1137001899457,301.074557118195
2018-02-01,Beirut,623.449339615212,213.33814467977675
2018-03-01,Beirut,319.6146496160293,97.76840897006957
2018-04-01,Beirut,299.75970678991314,113.58160777624326
2018-05-01,Beirut,302.45872678791244,156.4811984437011
2018-06-01,Beirut,395.9784670307628,287.56953059747696
2018-07-01,Beirut,539.6827060845266,334.36884593467056
2018-08-01,Beirut,709.0737371513433,259.2202396187625
2018-09-01,Beirut,478.65853289146725,342.01827139928906
2018-10-01,Beirut,471.320941184611,367.42624315826737
2018-11-01,Beirut,525.8963852805743,382.6904228221466
2018-12-01,Beirut,538.5035742787663,449.85631493422983
2019-01-01,Beirut,317.0946623907888,448.6855910645125
2019-02-01,Beirut,624.440642611971,328.0976549647383
2019-03-01,Beirut,790.3905202720896,150.76331744363475
2019-04-01,Beirut,354.2635737839389,113.61536573292105
2019-05-01,Beirut,327.9112407479472,157.10519505894342
2019-06-01,Beirut,768.2732729315891,265.7853608934693
2019-07-01,Beirut,893.6170465801089,225.374415753063
2019-08-01,Beirut,392.9823107558376,350.35278176726774
2019-09-01,Beirut,613.7582166672116,356.28859889704523
2019-10-01,Beirut,858.5736896291181,247.73334956479468
2019-11-01,Beirut,386.3234026874754,350.62153577050765
2019-12-01,Beirut,391.0234437724124,448.8706653139865
2020-01-01,Beirut,686.3025996780144,461.0910800958277
2020-02-01,Beirut,739.2970205579135,324.41812384805456
2020-03-01,Beirut,335.0898865367387,233.03788549266488
2020-04-01,Beirut,343.0476245180896,135.14337820057574
2020-05-01,Beirut,308.6660278376177,183.78747367773101
2020-06-01,Beirut,535.7402300508189,234.5440004347763
2020-07-01,Beirut,523.8788008973205,186.63055190154063
2020-08-01,Beirut,556.0800093658411,190.3321402844559
2020-09-01,Beirut,385.120609029835,379.33954497231286
2020-10-01,Beirut,474.1595661087034,516.7509371361435
2020-11-01,Beirut,808.4580416632951,506.1622430882588
2020-12-01,Beirut,692.840523668937,382.3497069878263
2021-01-01,Beirut,663.8515916289821,241.86942533714063
2021-02-01,Beirut,302.5740783158284,395.2680274590248
2021-03-01,Beirut,522.3054677831171,456.9545499944093
2021-04-01,Beirut,543.3798190019983,420.67792922879823
2021-05-01,Beirut,554.0252861628969,470.025892750089
2021-06-01,Beirut,615.147527444238,414.4426847099276
2021-07-01,Beirut,598.2884322601964,348.9058595669574
2021-08-01,Beirut,495.93883475838044,325.2465120529627
2021-09-01,Beirut,481.67768231376294,384.53378991849036
2021-10-01,Beirut,647.3609526297619,386.1817089573356
2021-11-01,Beirut,542.3763507270444,284.92546750468927
2021-12-01,Beirut,414.61482448504887,189.72205008628296
2022-01-01,Beirut,326.8283509527693,232.81312539621337
2022-02-01,Beirut,518.8393922737323,247.16416870258556
2022-03-01,Beirut,398.68528000823994,290.1125438393415
2022-04-01,Beirut,487.4156813947097,328.8061412489909
2022-05-01,Beirut,558.8882082347441,378.72356134831864
2022-06-01,Beirut,594.3933570884619,227.0284005401219
2022-07-01,Beirut,351.3135324007759,83.45269175414637
2022-08-01,Beirut,271.1140001992422,111.09816638544312
2022-09-01,Beirut,372.9321576517098,188.17185507618703
2022-10-01,Beirut,355.6631723226524,273.07890615323333
2022-11-01,Beirut,501.6201482724316,308.8951159507396
2022-12-01,Beirut,545.648321892799,412.11526401323715
2023-01-01,Beirut,427.55597994700645,358.1297258022873
2023-02-01,Beirut,541.8076946997932,302.968569765675
2023-03-01,Beirut,786.622267482552,152.16512564160593
2023-04-01,Beirut,363.3514738254198,121.53952478779686
2023-05-01,Beirut,694.3832764115257,159.78043127252246
2023-06-01,Beirut,582.043747923509,238.88342292104628
2023-07-01,Beirut,649.574055923878,263.8282093214015
2023-08-01,Beirut,379.5264585766773,377.677564426245
2023-09-01,Beirut,550.0794408872368,369.9370148805075
2023-10-01,Beirut,444.52857486186036,393.0350738978665
2023-11-01,Beirut,681.1339767676368,422.32981168266946
2023-12-01,Beirut,501.5837810348679,259.60538016585224
2024-01-01,Beirut,322.29816081328534,141.00230507884922
2024-02-01,Beirut,305.06075891260707,184.57071341582144
2024-03-01,Beirut,436.7410478976214,280.5726038718094
2024-04-01,Beirut,522.8451380418151,458.417429248259
2024-05-01,Beirut,698.0651634417004,474.28980356399444
2024-06-01,Beirut,564.3856280086393,427.93383927805473
2024-07-01,Beirut,595.6655674180854,397.41557804249277
2024-08-01,Beirut,588.6064911395016,275.4211638079124
2024-09-01,Beirut,426.47558493403767,311.1825233879069
2024-10-01,Beirut,589.9511015919978,347.16078516325797
2024-11-01,Beirut,536.2538979918529,200.95347219346758
2024-12-01,Beirut,300.2544195300387,124.55427057894914
2025-01-01,Beirut,590.9813694861465,277.52985569188655
2025-02-01,Beirut,611.9571639480657,237.00541902382335
2025-03-01,Beirut,290.38405805404585,417.65918555814153
2025-04-01,Beirut,637.20916943282,488.6733468735796
2025-05-01,Beirut,827.468333535501,289.03280619282924
2025-06-01,Beirut,408.1061177373175,178.01057225825605
2025-07-01,Beirut,261.8128091385848,108.00360086211549
2025-08-01,Beirut,530.8331992007386,301.63141692934505
2025-09-01,Beirut,633.3433115042767,275.6903658493726
2025-10-01,Beirut,467.65572032836917,270.22671207486394
2025-11-01,Beirut,368.1466767059619,326.65131866056225
2025-12-01,Beirut,599.8236749367534,406.6886595531018
2026-01-01,Beirut,560.6737521531468,443.194262313779
2026-02-01,Beirut,485.6282856792034,469.1377431394847
2026-03-01,Beirut,566.9172404045862,375.91012257600767
2026-04-01,Beirut,674.0635839511974,326.3998313610442
2026-05-01,Beirut,564.666895413163,162.51196521170968
2026-06-01,Beirut,264.1612993765023,97.46818889797129
2026-07-01,Beirut,357.39614577883435,256.80608906196005
2026-08-01,Beirut,469.1437164593784,353.5137603406394
2026-09-01,Beirut,677.729010562673,415.0905135120436
2026-10-01,Beirut,460.5179683922837,291.9732638006033
2026-11-01,Beirut,483.6536012621844,205.8225620173616
2026-12-01,Beirut,324.61342158095374,232.52789737225683
2027-01-01,Beirut,560.3874951842049,292.0869104184134
2027-02-01,Beirut,484.66617420623135,297.0492438888535
2027-03-01,Beirut,350.2134106047722,455.3156951134061
2027-04-01,Beirut,630.663992569908,492.01116268606694
2027-05-01,Beirut,720.929405158297,401.7200190830987
2027-06-01,Beirut,588.7046106665919,360.4434296365401
2027-07-01,Beirut,505.1066192693611,189.67845252099718
2027-08-01,Beirut,314.13741957444483,119.06276950582321
2027-09-01,Beirut,324.30098225851833,141.1141423115388
2027-10-01,Beirut,309.4805870885933,179.00597532591112
2027-11-01,Beirut,603.3700464261058,268.54463873783834
2027-12-01,Beirut,386.62277655256827,429.56714537802156
2028-01-01,Beirut,663.1909372928446,499.95429443634976
2028-02-01,Beirut,555.2761236676157,456.05468246111957
2028-03-01,Beirut,591.0457708743073,520.4241267887857
2028-04-01,Beirut,613.4332005561137,412.22930697254986
2028-05-01,Beirut,589.207682213088,394.58032325529956
2028-06-01,Beirut,647.7765267631098,367.5743025578465
2028-07-01,Beirut,550.94569614069,230.99519308499293
2028-08-01,Beirut,299.7141320056396,145.8996557751024
2028-09-01,Beirut,329.4358613105623,155.94500008740386
2028-10-01,Beirut,306.01085942380945,144.50089768347735
2028-11-01,Beirut,338.15718268372973,195.87582057801083
2028-12-01,Beirut,412.59883470485653,287.6231573260024
2029-01-01,Beirut,366.9577972460033,399.68099714238554
2029-02-01,Beirut,434.94498474289367,422.60738859240195
2029-03-01,Beirut,657.8945661017183,353.1208997503686
2029-04-01,Beirut,760.465170443976,211.8813311741407
2029-05-01,Beirut,269.11910033050816,179.62805916259742
2029-06-01,Beirut,377.3797627842511,311.72726893486896
2029-07-01,Beirut,577.3937825185837,323.63960574351677
2029-08-01,Beirut,721.8496968800112,276.0971673211913
2029-09-01,Beirut,540.9068468476676,114.11904685376604
2029-10-01,Beirut,263.2674729217281,106.41870012218334
2029-11-01,Beirut,451.2022715876476,230.24929560934285
2029-12-01,Beirut,347.7041998098989,335.19099606897265
2030-01-01,Beirut,507.7863754336014,435.86670061374843
2030-02-01,Beirut,714.9920292558554,448.69055394941455
2030-03-01,Beirut,748.5929905795147,456.3028611707028
2030-04-01,Beirut,442.35886020265923,341.5156759095164
2030-05-01,Beirut,501.4193568837047,355.4607965882713
2030-06-01,Beirut,554.3602042446186,379.6605126604602
2030-07-01,Beirut,684.5094942547717,341.4829691194325
2030-08-01,Beirut,352.9415706877501,262.04910124519637
2030-09-01,Beirut,386.6204875255929,294.4984072103725
2030-10-01,Beirut,519.2287326147782,324.66650934450877
2030-11-01,Beirut,543.0890096985097,416.9637613112353
2030-12-01,Beirut,525.9866089505697,431.1041232606178
2031-01-01,Beirut,738.2409303819303,207.32915946217182
2031-02-01,Beirut,287.47401034444124,387.0649301475162
2031-03-01,Beirut,547.5747052686974,443.2653625328972
2031-04-01,Beirut,810.3398275922801,181.6325476958668
2031-05-01,Beirut,307.39417757965316,174.86589538320862
2031-06-01,Beirut,301.8851326350515,243.45534277918804
2031-07-01,Beirut,800.0187849961823,249.20463815139516
2031-08-01,Beirut,650.1081450718607,263.1554971658181
2031-09-01,Beirut,724.3442218950763,261.7506043970224
2031-10-01,Beirut,319.2557867689811,410.3918333020274
2031-11-01,Beirut,487.9547858265148,533.6408407147226
2031-12-01,Beirut,923.3900346576373,452.31152991714924
2032-01-01,Beirut,890.0043447472793,171.69147566322712
2032-02-01,Beirut,263.9768655288579,103.81887218753334
2032-03-01,Beirut,319.2132468744052,157.01138274850246
2032-04-01,Beirut,362.1688699000902,248.06991242945728
2032-05-01,Beirut,621.3563973776005,304.90692096472833
2032-06-01,Beirut,571.611340307149,297.35608114082123
2032-07-01,Beirut,450.8894979129574,501.85628561059946
2032-08-01,Beirut,645.8394183956528,517.6944022347191
2032-09-01,Beirut,682.298679987631,368.02713134068426
2032-10-01,Beirut,560.0690632405867,209.10380438841287
2032-11-01,Beirut,291.56756215852295,194.94391831196762
2032-12-01,Beirut,517.8784638933543,233.11448279610178
2033-01-01,Beirut,646.6742702565562,250.93244585137268
2033-02-01,Beirut,330.9681976944428,367.6765586655168
2033-03-01,Beirut,468.86579257740306,437.1776604464285
2033-04-01,Beirut,583.359244010431,414.287939201522
2033-05-01,Beirut,754.5427117959807,326.2157565814463
2033-06-01,Beirut,602.1280563964378,105.74676341736591
2033-07-01,Beirut,270.2884330432614,95.1323933330085
2033-08-01,Beirut,418.9278656947238,216.01246758467587
2033-09-01,Beirut,679.3216589494436,214.48059044489565
2033-10-01,Beirut,395.6509304180516,393.7333931609656
2033-11-01,Beirut,463.0470345672131,455.4804353205729
2033-12-01,Beirut,754.0602157728586,421.32089853944757
2034-01-01,Beirut,467.0413352004191,412.6822736133016
2034-02-01,Beirut,536.5618878573587,348.7320207374701
2034-03-01,Beirut,523.6076154992501,165.86215377197374
2034-04-01,Beirut,294.3472382081486,174.92741447730748
2034-05-01,Beirut,425.0967933933364,226.84251637540348
2034-06-01,Beirut,374.52141107712384,291.393588504695
2034-07-01,Beirut,503.5727397212276,397.46734368917987
2034-08-01,Beirut,597.6285752255897,446.4556703774611
2034-09-01,Beirut,656.3365360330245,328.1555552885961
2034-10-01,Beirut,478.8431210555369,176.52573913161024
2034-11-01,Beirut,303.24797814513795,89.46607119275839
2034-12-01,Beirut,280.4882858066859,116.25189833715943
2035-01-01,Beirut,704.1970294788355,220.93707968341207
2035-02-01,Beirut,870.1126488925362,119.854883847124
2035-03-01,Beirut,268.42228451204073,263.8432358340217
2035-04-01,Beirut,424.74225140619683,436.3953512492571
2035-05-01,Beirut,901.0305105294069,181.84350476868437
2035-06-01,Beirut,351.4323046094528,361.10256278759965
2035-07-01,Beirut,418.4462184119408,426.4035130398064
2035-08-01,Beirut,594.6287153564572,498.5598961012533
2035-09-01,Beirut,899.365950688444,395.4087803891647
2035-10-01,Beirut,364.7897543480765,358.78265534721925
2035-11-01,Beirut,476.54632682009674,338.80445878039717
2035-12-01,Beirut,466.31494206710147,327.8788399908258
2036-01-01,Beirut,579.2368864636254,380.9570318766542
2036-02-01,Beirut,600.0501085714851,279.4376713630006
2036-03-01,Beirut,375.5255223371832,229.7939164550971
2036-04-01,Beirut,470.2227740633279,176.89795549926743
2036-05-01,Beirut,305.83051496143565,96.71589826156193
2036-06-01,Beirut,294.13680204284015,120.31522588627188
2036-07-01,Beirut,365.58780174154435,269.19069261931224
2036-08-01,Beirut,494.5452545602539,429.7312307600971
2036-09-01,Beirut,591.533642252911,486.3159420806056
2036-10-01,Beirut,741.3239668043026,461.1602847686291
2036-11-01,Beirut,670.8272855990924,413.1427190458849
2036-12-01,Beirut,536.7268778354146,261.78636129345244
2037-01-01,Beirut,768.1654057503005,191.44179309829462
2037-02-01,Beirut,623.2047738005068,179.85678267407488
2037-03-01,Beirut,277.21258532731963,397.50394496533283
2037-04-01,Beirut,513.0492342410321,517.7865257857142
2037-05-01,Beirut,914.1603178213006,315.49837217089197
2037-06-01,Beirut,363.20927123950065,390.78547399359917
2037-07-01,Beirut,573.963894210933,218.99829767837772
2037-08-01,Beirut,332.9125074950807,92.31283711576606
2037-09-01,Beirut,315.88163241026984,147.59727259192553
2037-10-01,Beirut,375.65507097622725,245.18721728762708
2037-11-01,Beirut,706.2873997760253,260.2202092298171
2037-12-01,Beirut,410.0368991313371,378.3101943933483
2038-01-01,Beirut,489.49285763753585,558.1904746369876
2038-02-01,Beirut,883.725878106104,484.722511382248
2038-03-01,Beirut,779.3466595398602,248.05271465469235
2038-04-01,Beirut,276.91146254273997,110.03826304630002
2038-05-01,Beirut,297.67157408089037,195.26745360376225
2038-06-01,Beirut,499.212323368984,299.4382698408391
2038-07-01,Beirut,600.2761564151538,404.1658941923482
2038-08-01,Beirut,600.4703893558051,225.16373439607338
2038-09-01,Beirut,345.26579453483663,293.6405863408366
2038-10-01,Beirut,490.9875922524501,367.44888632063316
2038-11-01,Beirut,636.4509099576767,332.81966762669003
2038-12-01,Beirut,563.2323442041179,149.99339822647943
2039-01-01,Beirut,749.9310168645311,198.32011032124996
2039-02-01,Beirut,748.6646448396649,144.2216147820597
2039-03-01,Beirut,290.18619867739983,276.56186911686774
2039-04-01,Beirut,550.844541723902,314.47712074437186
2039-05-01,Beirut,368.7405377493463,417.5875683718459
2039-06-01,Beirut,642.1991196420979,462.144349022862
2039-07-01,Beirut,595.3308036527892,419.87838779238353
2039-08-01,Beirut,508.6032237115524,452.53124096750247
2039-09-01,Beirut,714.0048670831754,284.32178769951486
2039-10-01,Beirut,334.6954537536575,144.74578503536515
2039-11-01,Beirut,279.3960084289687,117.21878204886671
2039-12-01,Beirut,324.10672359846285,164.74629735200742
2040-01-01,Beirut,415.932120930266,200.59717841487128
2040-02-01,Beirut,357.25841836924906,321.6574157278284
2040-03-01,Beirut,586.9880976291091,402.4700005994494
2040-04-01,Beirut,654.1278821958381,453.5550772299091
2040-05-01,Beirut,829.3329389024686,441.4307149496106
2040-06-01,Beirut,385.25031198530445,265.74410691272067
2040-07-01,Beirut,373.6679640869712,284.17035078104396
2040-08-01,Beirut,531.5940048968995,342.25531808232114
2040-09-01,Beirut,765.2831349972508,364.22015058255647
2040-10-01,Beirut,366.3546514976964,339.3601984959964
2040-11-01,Beirut,395.2431235447773,276.1164674291439
2040-12-01,Beirut,496.00555089292084,313.86385981417817
2041-01-01,Beirut,401.94004489257304,375.35210820482826
2041-02-01,Beirut,411.4013135250808,423.61554351709714
2041-03-01,Beirut,568.3971606426712,423.29354189459514
2041-04-01,Beirut,628.2331230802815,396.01728522132726
2041-05-01,Beirut,591.8262004758863,378.90505129203
2041-06-01,Beirut,674.1025745679913,192.90101911742474
2041-07-01,Beirut,265.06453913322025,148.4946931472427
2041-08-01,Beirut,483.8660949798302,282.4662891067438
2041-09-01,Beirut,402.6570504433514,106.4828385166472
2041-10-01,Beirut,285.58327406278846,183.34457066469741
2041-11-01,Beirut,506.48919156248246,303.8097098276233
2041-12-01,Beirut,512.511544376459,477.4894512822283
2042-01-01,Beirut,749.9650179169068,441.550961515051
2042-02-01,Beirut,590.1438170878004,323.8804435191824
2042-03-01,Beirut,490.68513205885114,301.8816807398768
2042-04-01,Beirut,598.1487244564864,176.0944851123052
2042-05-01,Beirut,301.2070148234502,82.71582397185986
2042-06-01,Beirut,281.7207596567934,127.94199095628534
2042-07-01,Beirut,344.08496524839813,260.36023840590883
2042-08-01,Beirut,505.15386581490884,428.2480519284187
2042-09-01,Beirut,632.0611220458165,484.40516246434174
2042-10-01,Beirut,653.3795246913185,459.6365757102502
2042-11-01,Beirut,602.4673982156849,438.8418122546409
2042-12-01,Beirut,613.2158201516665,394.57735931014975
2043-01-01,Beirut,609.3204363470815,266.45057702498184
2043-02-01,Beirut,615.9314806041946,223.947689737146
2043-03-01,Beirut,373.3059891920127,249.3581601708145
2043-04-01,Beirut,616.5194519040132,203.32535206740604
2043-05-01,Beirut,792.2284288974794,152.43499974039662
2043-06-01,Beirut,688.1601579282265,219.7568780821109
2043-07-01,Beirut,579.1823098878756,337.39741198169605
2043-08-01,Beirut,706.7051343393275,322.45047784228757
2043-09-01,Beirut,759.2155160318513,278.8031286173413
2043-10-01,Beirut,899.5983512249541,223.54412792630507
2043-11-01,Beirut,936.724568407103,150.60715889161116
2043-12-01,Beirut,487.1179021326783,307.5040779022956
2044-01-01,Beirut,396.3177831306055,453.9955332649701
2044-02-01,Beirut,544.3471000752179,370.59459713003514
2044-03-01,Beirut,655.5297440421225,352.7980365159045
2044-04-01,Beirut,428.26634989149665,472.7938039463189
2044-05-01,Beirut,566.8146714205665,505.0279826367805
2044-06-01,Beirut,624.0178927648462,403.65089149032036
2044-07-01,Beirut,530.7616735376096,377.8922091982607
2044-08-01,Beirut,537.8441801934355,377.72822720962057
2044-09-01,Beirut,580.0523458937487,346.88589648284744
2044-10-01,Beirut,540.6506558622559,244.82540919247288
2044-11-01,Beirut,362.9325304501193,131.76311938283195
2044-12-01,Beirut,285.3825855516786,125.16563596282606
2045-01-01,Beirut,388.5076230906552,385.6084268221865
2045-02-01,Beirut,441.61747265668276,405.21451041478684
2045-03-01,Beirut,736.3400606550158,266.62458817686155
2045-04-01,Beirut,336.0990130806204,333.04623710826206
2045-05-01,Beirut,461.0447275100644,383.20004906553055
2045-06-01,Beirut,550.1358435406861,424.6157026827833
2045-07-01,Beirut,590.0785412398959,445.36659285727893
2045-08-01,Beirut,541.0438026751261,395.4166382902597
2045-09-01,Beirut,678.2218457862907,295.5803161190293
2045-10-01,Beirut,341.7843388217295,244.81234715512642
2045-11-01,Beirut,402.832533938328,304.45886551216097
2045-12-01,Beirut,656.268765402911,207.94055931052725
2046-01-01,Beirut,295.06421803952264,147.7156753077669
2046-02-01,Beirut,348.67937674021346,166.89277953664234
2046-03-01,Beirut,336.87195833557195,189.63928364119695
2046-04-01,Beirut,363.1235741846476,197.56023749957356
2046-05-01,Beirut,404.12465108681613,188.05658862788798
2046-06-01,Beirut,431.17747781607846,264.19797871108614
2046-07-01,Beirut,423.1452050013048,418.33686059862697
2046-08-01,Beirut,579.622626088081,490.2942457612912
2046-09-01,Beirut,715.216559654675,400.7430889759125
2046-10-01,Beirut,515.1538530881585,331.09141188849213
2046-11-01,Beirut,574.233253531304,264.7324883079375
2046-12-01,Beirut,368.6690635250256,171.54083142776142
2047-01-01,Beirut,296.1214141498872,473.7225871770591
2047-02-01,Beirut,640.4912997632407,349.4483304583392
2047-03-01,Beirut,760.9839822658535,170.08536203678636
2047-04-01,Beirut,276.9572173628431,141.4925622853236
2047-05-01,Beirut,304.06431203500455,203.33610498469392
2047-06-01,Beirut,464.9760156029373,342.81743372644047
2047-07-01,Beirut,786.8272511341663,439.8079549800608
2047-08-01,Beirut,989.6546393376497,88.34097829255752
2047-09-01,Beirut,289.19270953128233,174.23441997613466
2047-10-01,Beirut,394.2328139083015,179.77127630294925
2047-11-01,Beirut,482.93631279795966,290.1856946949297
2047-12-01,Beirut,487.9770331111631,404.0966550550683
2048-01-01,Beirut,567.3656324977159,478.80606328938006
2048-02-01,Beirut,667.7065702495414,528.2778921463523
2048-03-01,Beirut,615.9988654432448,487.52040667476155
2048-04-01,Beirut,694.5188691105608,381.9620160693286
2048-05-01,Beirut,522.8779045627883,245.51947209247888
2048-06-01,Beirut,465.47710675530885,235.2120081890462
2048-07-01,Beirut,385.06196878821896,230.85070075893714
2048-08-01,Beirut,433.0866034717467,260.82590520698295
2048-09-01,Beirut,517.4917469315384,242.3745884305605
2048-10-01,Beirut,398.47654132360987,298.4913065976972
2048-11-01,Beirut,486.57769176649185,376.3658463750383
2048-12-01,Beirut,575.8924894555939,417.2152141462749
2049-01-01,Beirut,346.8639211547056,419.3565611236152
2049-02-01,Beirut,395.8954962327568,479.04304104345516
2049-03-01,Beirut,772.4417710895609,365.18794760294367
2049-04-01,Beirut,677.7730679020978,299.0928840696838
2049-05-01,Beirut,504.0980071135637,154.48925498060092
2049-06-01,Beirut,273.8703744686467,89.68311124602886
2049-07-01,Beirut,315.2909091342,188.7700894937605
2049-08-01,Beirut,584.3121993755015,257.15306019912566
2049-09-01,Beirut,825.2194802695225,239.75854495878252
2049-10-01,Beirut,885.7389358742156,200.2925641217659
2049-11-01,Beirut,372.8095018129961,414.82355166168503
2049-12-01,Beirut,471.34938684567567,486.6763715966203
2050-01-01,Beirut,650.2054158586117,478.7896581976204
2050-02-01,Beirut,587.319029203177,473.62405323306535
2050-03-01,Beirut,675.2150159586151,420.33397373350016
2050-04-01,Beirut,616.2777923819847,182.1178764819176
2050-05-01,Beirut,276.9007632705855,99.80874056096526
2050-06-01,Beirut,299.3862096018652,199.39574669482224
2050-07-01,Beirut,457.6494318010862,288.5068782511211
2050-08-01,Beirut,468.8613174010692,392.2332233413931
2050-09-01,Beirut,597.2277640302625,423.8886400446263
2050-10-01,Beirut,569.7447802654608,390.3562878430033
2050-11-01,Beirut,542.5927023553228,385.363349915667
2050-12-01,Beirut,524.4973011299453,355.2474614664382
2051-01-01,Beirut,567.5581165188804,288.617112885561
2051-02-01,Beirut,427.14925328870936,324.4135400724158
2051-03-01,Beirut,405.2585167411533,420.3232208162123
2051-04-01,Beirut,581.3701824464544,452.721450424271
2051-05-01,Beirut,589.0855407624587,440.3329523808498
2051-06-01,Beirut,637.5461707862833,430.6138315896649
2051-07-01,Beirut,561.574908638123,316.20737542232195
2051-08-01,Beirut,640.8838293104097,191.41908100697182
2051-09-01,Beirut,264.83687096708604,126.21321825091016
2051-10-01,Beirut,363.076224761483,247.84959825073054
2051-11-01,Beirut,368.7568438516203,214.391551464725
2051-12-01,Beirut,347.91746510967124,253.08680316934183
2052-01-01,Beirut,472.9953258379853,347.80644270322927
2052-02-01,Beirut,666.7999098120625,433.8157884279574
2052-03-01,Beirut,482.48501441215353,366.43387296471906
2052-04-01,Beirut,605.2102440784709,307.3416295829481
2052-05-01,Beirut,385.62558381224346,189.33918419477337
2052-06-01,Beirut,334.18206872607,165.8440254562897
2052-07-01,Beirut,323.8087128617934,171.56876488757496
2052-08-01,Beirut,355.61394538297986,184.09163993261603
2052-09-01,Beirut,323.8682018437488,253.5197114836143
2052-10-01,Beirut,476.2959484200384,406.0802236498962
2052-11-01,Beirut,682.8988165656444,461.52026624642343
2052-12-01,Beirut,595.4885150394515,397.4923993650398
2053-01-01,Beirut,778.9366922366316,185.75870398926062
2053-02-01,Beirut,426.0106295445919,249.37165301414208
2053-03-01,Beirut,528.783491281617,256.40685254316924
2053-04-01,Beirut,869.5896705271756,125.29019058807727
2053-05-01,Beirut,811.0571932147175,103.91516594042537
2053-06-01,Beirut,611.3267299118838,207.0916992053979
2053-07-01,Beirut,358.57885258178067,412.02121045144673
2053-08-01,Beirut,520.3124197114869,360.61347737339383
2053-09-01,Beirut,567.1415136093636,311.11414586258917
2053-10-01,Beirut,619.1912607723502,334.630982758041
2053-11-01,Beirut,371.8074223858699,379.0852315855589
2053-12-01,Beirut,519.7241912176262,409.0486491819623
2054-01-01,Beirut,675.8411034154842,292.59241815661824
2054-02-01,Beirut,398.5977568756874,190.531172647717
2054-03-01,Beirut,296.0178163896986,106.33426214989075
2054-04-01,Beirut,295.51062973852754,140.7914858639456
2054-05-01,Beirut,377.1399550593262,264.7520468994788
2054-06-01,Beirut,501.7934456180499,431.66775534179055
2054-07-01,Beirut,636.8748943362039,486.8486939890542
2054-08-01,Beirut,668.9018795605543,450.3885498755011
2054-09-01,Beirut,649.3344025153784,428.20011183884355
2054-10-01,Beirut,605.7647287139981,273.7660933897812
2054-11-01,Beirut,452.11412734477847,242.44966929694394
2054-12-01,Beirut,547.6660863118825,187.416617726867
2055-01-01,Beirut,394.22532956167424,381.9255871155681
2055-02-01,Beirut,378.66593875036483,468.28412693632424
2055-03-01,Beirut,682.915765653024,418.13059069488367
2055-04-01,Beirut,675.3506600964588,336.7496176440586
2055-05-01,Beirut,453.0983060665692,366.4266354242369
2055-06-01,Beirut,643.7390946890309,253.7042170691932
2055-07-01,Beirut,457.79173726462227,79.5647884005316
2055-08-01,Beirut,262.2700744261695,104.43347723238803
2055-09-01,Beirut,504.2985155888441,267.90590855804294
2055-10-01,Beirut,429.0222431814519,299.8144151590438
2055-11-01,Beirut,544.3110157511007,328.4916184183206
2055-12-01,Beirut,686.0332660770478,293.9866786338008
2056-01-01,Beirut,771.5059962865078,315.9236293709404
2056-02-01,Beirut,298.8561069615362,400.3019091868033
2056-03-01,Beirut,519.666271119328,504.00228529253553
2056-04-01,Beirut,805.4853414850163,458.0780919930782
2056-05-01,Beirut,607.8608344383283,326.12935413388
2056-06-01,Beirut,301.1748141293698,107.47155547547587
2056-07-01,Beirut,277.3129938813852,119.32557838652411
2056-08-01,Beirut,372.79941980654274,178.413289689374
2056-09-01,Beirut,452.7624363668915,211.34123833177443
2056-10-01,Beirut,357.9333469747273,348.2732295998541
2056-11-01,Beirut,551.5829972577978,482.1213048684586
2056-12-01,Beirut,775.1990969769215,498.9457259379127
2057-01-01,Beirut,690.7080764264472,228.44120290673033
2057-02-01,Beirut,873.9053351160806,124.09237763826937
2057-03-01,Beirut,363.35036789103845,165.2825474050224
2057-04-01,Beirut,454.23417783443523,283.2263170185734
2057-05-01,Beirut,776.8689550151535,222.8977466322856
2057-06-01,Beirut,322.1213913480978,408.1141793122718
2057-07-01,Beirut,747.5433816933944,337.54354137048
2057-08-01,Beirut,637.2834470722005,298.15403721122556
2057-09-01,Beirut,639.6487063616679,314.76352056059693
2057-10-01,Beirut,368.5408008561924,332.9153754834478
2057-11-01,Beirut,464.63996586743013,423.3934888822068
2057-12-01,Beirut,573.4819640147035,497.6318021600829
2058-01-01,Beirut,577.9974940937835,512.9435428042739
2058-02-01,Beirut,617.4665689643264,435.26722547494944
2058-03-01,Beirut,605.7610765585991,336.59387266577687
2058-04-01,Beirut,551.5070992959517,284.3038834029409
2058-05-01,Beirut,522.9230163977861,155.95309923984826
2058-06-01,Beirut,275.67646819101924,90.82672880341629
2058-07-01,Beirut,303.0638272109399,166.17135184071788
2058-08-01,Beirut,427.9875001109694,340.6101906662334
2058-09-01,Beirut,582.9722698545729,458.094359226924
2058-10-01,Beirut,640.9687547831363,443.6748005373201
2058-11-01,Beirut,519.5689746131729,403.67997951016315
2058-12-01,Beirut,579.7461306671339,414.016841613745
2059-01-01,Beirut,322.17661090895297,442.821425585509
2059-02-01,Beirut,433.19467640826906,466.28691040801556
2059-03-01,Beirut,792.4798617931106,314.1505698107096
2059-04-01,Beirut,530.6779311574769,332.23066968935103
2059-05-01,Beirut,427.5124369956661,349.00198099745705
2059-06-01,Beirut,579.0544844489143,317.94593603958737
2059-07-01,Beirut,473.4211362942119,308.10005489652815
2059-08-01,Beirut,475.594168756557,371.1316226338161
2059-09-01,Beirut,519.9880208660902,412.84063789194835
2059-10-01,Beirut,578.5470920425095,424.7787196660258
2059-11-01,Beirut,587.7984388977932,377.15363542428906
2059-12-01,Beirut,489.9822978997967,337.88897883835295
2060-01-01,Beirut,557.9901123588696,343.54229063797436
2060-02-01,Beirut,603.3421923113381,228.9140038548512
2060-03-01,Beirut,311.1552289360098,115.86794681457751
2060-04-01,Beirut,282.6569974091225,121.72346170948082
2060-05-01,Beirut,305.045147234247,184.7379006009608
2060-06-01,Beirut,470.165574108348,347.5488551910191
2060-07-01,Beirut,539.8029185798396,380.2866977700864
2060-08-01,Beirut,492.9536349496519,368.4205778270893
2060-09-01,Beirut,604.2153660845256,304.1391557774784
2060-10-01,Beirut,523.5387389347553,184.83677918973942
2060-11-01,Beirut,281.59900399722727,127.0171883728104
2060-12-01,Beirut,348.2743732819989,216.25601082190263
2061-01-01,Beirut,723.36153489873,214.11247535017839
2061-02-01,Beirut,563.826179528098,214.76152764128057
2061-03-01,Beirut,294.28098502288407,394.39600722435233
2061-04-01,Beirut,791.8002008172563,283.2519241260891
2061-05-01,Beirut,273.7376109040754,398.4289715679179
2061-06-01,Beirut,436.18738628302907,475.8102729613955
2061-07-01,Beirut,773.4166908258334,451.97415713724223
2061-08-01,Beirut,803.0495081503758,322.8759762936853
2061-09-01,Beirut,326.116900793302,138.9274228482706
2061-10-01,Beirut,271.854590443688,96.00172533835892
2061-11-01,Beirut,354.3343021455373,177.72251814706357
2061-12-01,Beirut,368.3589903877782,278.92694225630504
2062-01-01,Beirut,517.8129822902163,415.1943549857242
2062-02-01,Beirut,725.0603015473027,467.1986337219048
2062-03-01,Beirut,679.2931361301663,462.9876948114334
2062-04-01,Beirut,675.0434418130795,321.1959363608904
2062-05-01,Beirut,441.3949998102005,90.09989018436943
2062-06-01,Beirut,267.4813401087398,91.50990092822045
2062-07-01,Beirut,334.2804711666065,199.00016341075107
2062-08-01,Beirut,513.0369403658162,256.64205537660223
2062-09-01,Beirut,490.3466646993475,295.12683251110036
2062-10-01,Beirut,583.8087163185378,327.359529228987
2062-11-01,Beirut,502.8004374513815,464.53449507039846
2062-12-01,Beirut,630.2224675577046,537.9513130390637
2063-01-01,Beirut,687.6144436095374,228.4951742800406
2063-02-01,Beirut,771.7163810130077,152.83397777559875
2063-03-01,Beirut,278.60076445056046,273.76412891450747
2063-04-01,Beirut,407.54808382400836,424.5367790270486
2063-05-01,Beirut,931.0531311442714,168.55636268095978
2063-06-01,Beirut,296.8212134192438,376.3976226242031
2063-07-01,Beirut,420.6868414685697,422.7697852150316
2063-08-01,Beirut,714.632780617744,396.57316279484047
2063-09-01,Beirut,576.4982843025352,380.0323843833325
2063-10-01,Beirut,442.4822876234996,325.05364883135076
2063-11-01,Beirut,433.1099052519679,343.13540300495947
2063-12-01,Beirut,608.5502687877854,406.844438995862
2064-01-01,Beirut,606.4684630522001,383.5711625698762
2064-02-01,Beirut,463.5768028552872,329.5068040966271
2064-03-01,Beirut,545.8575749655134,269.7662838745199
2064-04-01,Beirut,442.88320169644356,193.46906265184379
2064-05-01,Beirut,346.4656561803962,246.96231025208854
2064-06-01,Beirut,504.5989182301057,260.7563731216359
2064-07-01,Beirut,529.3201523700214,197.8115869411776
2064-08-01,Beirut,324.58479588405953,86.73932781608086
2064-09-01,Beirut,295.07406857133805,135.17960036746535
2064-10-01,Beirut,515.2313970918746,217.45506449293615
2064-11-01,Beirut,358.8261446533329,247.56123395923166
2064-12-01,Beirut,386.15488915104174,410.24143031791107
2065-01-01,Beirut,586.0616846891911,280.1509137452844
2065-02-01,Beirut,311.86099510714496,434.47109602190494
2065-03-01,Beirut,516.9837886982407,497.79033876112203
2065-04-01,Beirut,684.6151495672976,413.302875477413
2065-05-01,Beirut,681.628380874912,390.36449038888315
2065-06-01,Beirut,458.56223917617314,292.3442739115135
2065-07-01,Beirut,600.3173074619018,183.51292964210538
2065-08-01,Beirut,302.33319037592634,90.68516595803185
2065-09-01,Beirut,329.7533930750329,146.03213723040557
2065-10-01,Beirut,307.38839071370415,208.82169539975936
2065-11-01,Beirut,663.072679472252,279.2443601031683
2065-12-01,Beirut,756.1002789153986,241.6933463165516
2066-01-01,Beirut,807.5964416220055,267.87933644512964
2066-02-01,Beirut,824.6702681118597,257.0094122527928
2066-03-01,Beirut,315.3584997284838,412.9287980279175
2066-04-01,Beirut,546.5199267823293,471.3379554460805
2066-05-01,Beirut,803.0984778960062,336.21786520548613
2066-06-01,Beirut,359.84406723345705,385.8562608869849
2066-07-01,Beirut,426.4477822580785,397.95112157369874
2066-08-01,Beirut,663.4955064775894,395.9079638955672
2066-09-01,Beirut,554.3803168187167,385.8712873996052
2066-10-01,Beirut,580.8785560348349,229.758297416581
2066-11-01,Beirut,272.8458677210428,107.12734149658917
2066-12-01,Beirut,306.3355411826525,166.22942448696807
2067-01-01,Beirut,530.4583903230755,305.5357081424803
2067-02-01,Beirut,525.0507312698996,284.48564906248026
2067-03-01,Beirut,409.1140611886053,305.8447166565927
2067-04-01,Beirut,739.4940826330287,167.13637447058682
2067-05-01,Beirut,275.38653334727417,210.9469991623642
2067-06-01,Beirut,600.357172538439,254.51490776439837
2067-07-01,Beirut,351.54865919413317,450.7317126877939
2067-08-01,Beirut,662.1880091253793,465.20224434107973
2067-09-01,Beirut,895.9624504895204,240.96321633980926
2067-10-01,Beirut,285.13601362344434,365.7711555078969
2067-11-01,Beirut,461.70540756560615,466.2842911076506
2067-12-01,Beirut,603.2898790431595,472.85863163035253
2068-01-01,Beirut,575.689074687637,480.3158831629288
2068-02-01,Beirut,569.3300291530478,392.3646019333848
2068-03-01,Beirut,597.3422668178393,337.0773403699894
2068-04-01,Beirut,631.9272782662681,217.95717748000993
2068-05-01,Beirut,275.6890449796816,118.7696318840539
2068-06-01,Beirut,311.83206077740016,220.29490305576797
2068-07-01,Beirut,441.107971259132,266.88341641029723
2068-08-01,Beirut,459.1011635721487,340.1970994270909
2068-09-01,Beirut,531.5480700409669,386.6858208841616
2068-10-01,Beirut,682.368173817827,277.46242593972727
2068-11-01,Beirut,484.37667659235797,100.60213008797004
2068-12-01,Beirut,264.01621621731084,86.3018357261697
2069-01-01,Beirut,471.58204457622816,334.0624222564447
2069-02-01,Beirut,565.0885650453106,279.5854722789911
2069-03-01,Beirut,546.421318586559,213.21484800799033
2069-04-01,Beirut,506.8979757731171,154.36807787424144
2069-05-01,Beirut,501.33355695123487,184.96698598946244
2069-06-01,Beirut,406.75559182185134,354.2255552148268
2069-07-01,Beirut,601.368433792871,412.36968079342654
2069-08-01,Beirut,657.6615740189111,394.539000345594
2069-09-01,Beirut,612.6924302758384,433.8772041286208
2069-10-01,Beirut,469.08728808652506,324.3190729368836
2069-11-01,Beirut,443.73399958796176,306.6637305233525
2069-12-01,Beirut,547.5952036338588,367.8771763947883
2070-01-01,Beirut,577.3037131650137,364.4835625916309
2070-02-01,Beirut,437.2587537851175,368.07896591632834
2070-03-01,Beirut,556.2364347822925,389.32466260845865
2070-04-01,Beirut,529.9907601155911,378.87134503206994
2070-05-01,Beirut,491.03116092319476,398.8257611087362
2070-06-01,Beirut,615.040920513756,376.0159285249621
2070-07-01,Beirut,568.5454330079857,268.731315585562
2070-08-01,Beirut,394.7158243195081,130.2630184922165
2070-09-01,Beirut,275.22789606206004,96.08924788147613
2070-10-01,Beirut,302.33519648945526,151.00141529326066
2070-11-01,Beirut,401.50484685380707,272.96076192098064
2070-12-01,Beirut,463.1197176035321,341.26873792115873
2071-01-01,Beirut,725.4956281830898,210.93638410299025
2071-02-01,Beirut,698.1072918258089,165.91516013988638
2071-03-01,Beirut,304.92259427315014,273.3208467922105
2071-04-01,Beirut,390.3151570996639,409.5374244158617
2071-05-01,Beirut,583.8647846197321,455.1253477987237
2071-06-01,Beirut,652.8670655622827,490.37389317107414
2071-07-01,Beirut,848.911218097416,334.53610204876696
2071-08-01,Beirut,334.2626476194837,193.94653353679956
2071-09-01,Beirut,326.63095452539926,144.19659357067835
2071-10-01,Beirut,313.9610359003205,161.66601735501254
2071-11-01,Beirut,433.7998282701051,202.84310785217983
2071-12-01,Beirut,510.970514833953,218.83002486216606
2072-01-01,Beirut,463.1683272775033,338.2597132334352
2072-02-01,Beirut,548.8788590983593,449.4550794756868
2072-03-01,Beirut,686.6412213539434,482.1216495132434
2072-04-01,Beirut,537.9691764979331,478.3477546544629
2072-05-01,Beirut,588.2894480437113,435.3129943023799
2072-06-01,Beirut,650.297285570477,353.9249904979436
2072-07-01,Beirut,645.2666987025353,236.68586437929395
2072-08-01,Beirut,300.98289593509804,88.37580464806847
2072-09-01,Beirut,269.8349485080966,110.87071805966961
2072-10-01,Beirut,347.0604174029281,238.98445553973025
2072-11-01,Beirut,516.1141642028352,356.7937447582259
2072-12-01,Beirut,578.2982053678957,352.0438158686999
2073-01-01,Beirut,287.3522804042792,486.71655717853594
2073-02-01,Beirut,499.3775705410821,463.077371384456
2073-03-01,Beirut,759.7522285590642,304.8320813496943
2073-04-01,Beirut,639.1051524729331,331.2228938739192
2073-05-01,Beirut,448.6124561799563,233.40980891225496
2073-06-01,Beirut,307.3552384016677,193.60750646192514
2073-07-01,Beirut,516.1625681215728,248.1738572965734
2073-08-01,Beirut,413.9407446199098,306.84937343672146
2073-09-01,Beirut,454.2892430788651,377.3447754219767
2073-10-01,Beirut,564.6788549361243,431.9161063737663
2073-11-01,Beirut,567.2743543321476,443.0133238017234
2073-12-01,Beirut,588.9561464398399,378.760541733735
2074-01-01,Beirut,554.1118576774934,278.9108818093302
2074-02-01,Beirut,479.4068646765826,223.5950147287908
2074-03-01,Beirut,383.3199163823482,235.41798514472242
2074-04-01,Beirut,454.9911770587719,257.47016786568247
2074-05-01,Beirut,508.3819339576641,176.6574451361475
2074-06-01,Beirut,328.1410179052273,106.93937223092232
2074-07-01,Beirut,286.54083320121396,136.4153242436087
2074-08-01,Beirut,489.52950778854597,261.2460271997368
2074-09-01,Beirut,390.59984518494855,364.26137009882666
2074-10-01,Beirut,563.9683049558046,335.11272723832917
2074-11-01,Beirut,550.964034075897,293.23783444524014
2074-12-01,Beirut,528.3306240121535,318.66321076585416
2075-01-01,Beirut,599.5404014187008,270.15092468667154
2075-02-01,Beirut,357.45794950716925,355.43860146412584
2075-03-01,Beirut,461.19140527231735,415.95136725568625
2075-04-01,Beirut,551.7881609452415,429.52223816255326
2075-05-01,Beirut,782.2497115715177,341.0477516851015
2075-06-01,Beirut,716.106811112263,90.37307287309484
2075-07-01,Beirut,259.23369300304796,96.86521561460587
2075-08-01,Beirut,416.64856065415154,355.0763108662729
2075-09-01,Beirut,630.2516076426831,426.885429842487
2075-10-01,Beirut,612.0860696020043,333.08538875582303
2075-11-01,Beirut,409.3441212593318,423.39135208454064
2075-12-01,Beirut,676.8343610869638,451.933075478886
2076-01-01,Beirut,628.6782488090755,257.7956504005116
2076-02-01,Beirut,341.13723861161463,112.49023836824173
2076-03-01,Beirut,272.77555086991185,94.88767830351318
2076-04-01,Beirut,331.7273059099253,148.5000006769297
2076-05-01,Beirut,303.1249622347652,269.9489283782606
2076-06-01,Beirut,514.5861229594591,381.7623978099332
2076-07-01,Beirut,691.5768264621095,402.6653452635125
2076-08-01,Beirut,719.8682739790872,439.7298929362882
2076-09-01,Beirut,510.17586240184175,321.09137113316154
2076-10-01,Beirut,426.0476912060695,288.5243517417139
2076-11-01,Beirut,538.8914743331762,366.8546153180857
2076-12-01,Beirut,750.8397348543474,295.6225695696541
2077-01-01,Beirut,522.7055331157219,309.9258795733221
2077-02-01,Beirut,430.35317091090434,340.51096743266993
2077-03-01,Beirut,462.0153263864282,384.49960115583144
2077-04-01,Beirut,537.1048244803922,406.76268925289133
2077-05-01,Beirut,609.9241222028769,408.04735268848594
2077-06-01,Beirut,631.6625741580606,316.02598887204607
2077-07-01,Beirut,410.9383385297598,250.9833154216192
2077-08-01,Beirut,533.9937539074228,182.62834710502452
2077-09-01,Beirut,278.1735908659103,133.46023646471698
2077-10-01,Beirut,356.41952856188357,182.8554507860131
2077-11-01,Beirut,361.09667937706695,194.0272665776548
2077-12-01,Beirut,439.08066494108385,204.60732727367866
2078-01-01,Beirut,380.89102728684645,393.3775129561111
2078-02-01,Beirut,628.8980725569234,536.3632243348715
2078-03-01,Beirut,872.7360281227316,425.8342632486403
2078-04-01,Beirut,564.8128273126938,382.82207712996615
2078-05-01,Beirut,449.936799741929,266.9544304682193
2078-06-01,Beirut,531.0023042834694,329.3559530742905
2078-07-01,Beirut,606.5482189246788,288.04891426098874
2078-08-01,Beirut,408.0360066414204,265.5866042460361
2078-09-01,Beirut,427.8415424920346,305.7155782557027
2078-10-01,Beirut,511.8264051675064,338.5984645924817
2078-11-01,Beirut,550.2643376841572,408.7502212627453
2078-12-01,Beirut,558.0799502378017,375.12195441749355
2079-01-01,Beirut,309.7635262543912,457.9278268668759
2079-02-01,Beirut,436.3970765856152,474.95724265436934
2079-03-01,Beirut,756.3724930896376,345.2745787201552
2079-04-01,Beirut,533.4388063226195,398.42893710343947
2079-05-01,Beirut,580.8174467304138,438.0841451595877
2079-06-01,Beirut,550.8762794687066,280.3085887343614
2079-07-01,Beirut,460.58517319550435,270.31357979288987
2079-08-01,Beirut,627.1493588253602,214.3934470110418
2079-09-01,Beirut,303.47698372029146,97.18787206219908
2079-10-01,Beirut,279.69281035363974,138.44571283246088
2079-11-01,Beirut,372.7184036832574,270.77378397412383
2079-12-01,Beirut,508.7339811625947,426.2898836542355
2080-01-01,Beirut,603.2519172025343,473.5686688161371
2080-02-01,Beirut,658.033656639727,450.07750795715793
2080-03-01,Beirut,605.2982301602992,430.2367557305411
2080-04-01,Beirut,611.3366833213161,367.1081360218344
2080-05-01,Beirut,721.4752223546029,228.37847755588442
2080-06-01,Beirut,273.0929797567655,130.54243925154805
2080-07-01,Beirut,305.290638947504,167.80326212930598
2080-08-01,Beirut,301.0705476646716,160.86575216454955
2080-09-01,Beirut,360.6443779344962,274.74857227800373
2080-10-01,Beirut,495.68205222667194,426.75574000994123
2080-11-01,Beirut,725.6448007275519,468.84700079897027
2080-12-01,Beirut,619.5793665819938,309.0369545119519
2081-01-01,Beirut,580.6642362394896,281.7346943896658
2081-02-01,Beirut,645.4777264141408,225.11522564260326
2081-03-01,Beirut,407.2034438074924,225.94699136640307
2081-04-01,Beirut,438.2508026445988,239.6114677968402
2081-05-01,Beirut,432.4376771839324,350.94015987411785
2081-06-01,Beirut,805.9244231538192,282.7017676560047
2081-07-01,Beirut,836.1487353365582,214.1159390302663
2081-08-01,Beirut,649.08567015719,187.20052544675497
2081-09-01,Beirut,381.12435372190845,287.45857220898876
2081-10-01,Beirut,472.8597845777585,417.82082396224445
2081-11-01,Beirut,563.5723290084703,446.13380661287306
2081-12-01,Beirut,636.7508239302581,483.7196984517183
2082-01-01,Beirut,556.7738931722276,448.36503695010697
2082-02-01,Beirut,646.0431160770563,354.7770902640506
2082-03-01,Beirut,512.4403530655848,157.402813062916
2082-04-01,Beirut,271.3130169490779,109.42088361092715
2082-05-01,Beirut,338.1693994007331,218.7823777206581
2082-06-01,Beirut,454.49054885567637,284.3228044016302
2082-07-01,Beirut,642.2424825576087,182.50234497167682
2082-08-01,Beirut,280.5700992315021,281.32127573797766
2082-09-01,Beirut,434.02654481828324,395.16608153166084
2082-10-01,Beirut,731.7350013298545,377.20281623508964
2082-11-01,Beirut,438.7965941215005,305.04477887867546
2082-12-01,Beirut,401.3760955162938,188.37309316607133
2083-01-01,Beirut,350.1480318792511,415.0023533760744
2083-02-01,Beirut,484.9202819199012,394.08775692876657
2083-03-01,Beirut,752.8033599275528,234.93475869185934
2083-04-01,Beirut,339.6558780868935,241.2297990809045
2083-05-01,Beirut,370.6063004895037,182.13011137178046
2083-06-01,Beirut,448.78019813426346,190.16667632324086
2083-07-01,Beirut,448.9429505241525,206.1533176173992
2083-08-01,Beirut,416.8106957783392,358.0656908012589
2083-09-01,Beirut,583.9054212783959,505.9671741400237
2083-10-01,Beirut,846.1389749556093,442.32630888756796
2083-11-01,Beirut,539.5915307965752,414.3459429188153
2083-12-01,Beirut,529.395510224379,334.26145461970583
2084-01-01,Beirut,520.4894463707167,301.0792959839869
2084-02-01,Beirut,519.2351110270242,360.4935065237813
2084-03-01,Beirut,532.8021996294256,377.11434591881414
2084-04-01,Beirut,573.4110556172757,312.52305374312857
2084-05-01,Beirut,522.6141520725369,192.0601203068259
2084-06-01,Beirut,303.24805530335055,111.7815280648789
2084-07-01,Beirut,297.7555479356609,128.52066678231756
2084-08-01,Beirut,306.37458323825484,170.5405688686397
2084-09-01,Beirut,428.0650955534939,244.95685671342147
2084-10-01,Beirut,433.64571760003315,306.3528436951625
2084-11-01,Beirut,527.1632202547165,399.9175268582403
2084-12-01,Beirut,654.7811036241566,463.7456031578361
2085-01-01,Beirut,655.5089627635148,247.2363028560584
2085-02-01,Beirut,362.9270264976167,335.415532146314
2085-03-01,Beirut,397.289513660755,458.1218618807564
2085-04-01,Beirut,715.6798175634425,411.22597707484283
2085-05-01,Beirut,553.23657491316,381.3044682842794
2085-06-01,Beirut,539.5656056371238,388.8368868444353
2085-07-01,Beirut,622.8509776760895,216.19807603356642
2085-08-01,Beirut,307.2409670887289,213.05607015560173
2085-09-01,Beirut,535.60821234897,213.32752962040277
2085-10-01,Beirut,320.2752525133584,84.29610647167476
2085-11-01,Beirut,293.4256090774151,136.8457683476693
2085-12-01,Beirut,493.98192244967584,240.02971147551645
2086-01-01,Beirut,375.24839575673855,446.5787085656589
2086-02-01,Beirut,679.6149630351413,513.6383466905672
2086-03-01,Beirut,772.0775843258397,418.3068765023435
2086-04-01,Beirut,590.4576452580635,478.8379084675019
2086-05-01,Beirut,661.7035584275366,308.99180604513424
2086-06-01,Beirut,453.8692452079917,204.29983519661965
2086-07-01,Beirut,419.23842750065126,178.61423483119114
2086-08-01,Beirut,301.34697982120235,129.5761586682143
2086-09-01,Beirut,324.7156304933145,133.6288194612351
2086-10-01,Beirut,299.65330561466493,174.99718781400404
2086-11-01,Beirut,422.10958747107895,278.7155371452672
2086-12-01,Beirut,475.0434905928539,368.31291079629665
2087-01-01,Beirut,285.7005545460207,490.02049440867074
2087-02-01,Beirut,564.2708937464247,433.1700619590291
2087-03-01,Beirut,890.0399918415249,174.34379299861246
2087-04-01,Beirut,281.46708917299514,213.73045383839167
2087-05-01,Beirut,309.0970078940921,148.6563660158242
2087-06-01,Beirut,355.1626212777694,252.67383255587401
2087-07-01,Beirut,595.3583748541105,345.51286612441277
2087-08-01,Beirut,606.0122008213798,401.2044994138935
2087-09-01,Beirut,720.6891859229045,279.3008473834081
2087-10-01,Beirut,307.1641946671394,265.2934493920275
2087-11-01,Beirut,408.926438134838,371.57569743911824
2087-12-01,Beirut,705.6775927020259,355.28309773719354
2088-01-01,Beirut,430.70488376358,388.4854525573056
2088-02-01,Beirut,540.6300803388818,323.9770129879023
2088-03-01,Beirut,504.65380343870606,210.42823983218125
2088-04-01,Beirut,356.36855270272423,237.45404314028573
2088-05-01,Beirut,441.3532572171554,304.62422607994057
2088-06-01,Beirut,526.7230069321281,374.12486259039264
2088-07-01,Beirut,565.3218657609684,463.2784371519479
2088-08-01,Beirut,682.8023687998285,351.875387962335
2088-09-01,Beirut,428.8103152906989,241.9526053559684
2088-10-01,Beirut,402.0797269768789,190.2189934015838
2088-11-01,Beirut,331.38112272915635,218.22617273459926
2088-12-01,Beirut,477.2431426385643,259.2962510260651
2089-01-01,Beirut,454.8098038202294,344.30860831712783
2089-02-01,Beirut,603.5503394496711,270.4398059453477
2089-03-01,Beirut,363.5959367625081,314.4915613608578
2089-04-01,Beirut,547.150798048383,266.70737185418676
2089-05-01,Beirut,510.4341623783992,228.21404752902401
2089-06-01,Beirut,640.9073111264604,156.2903858585591
2089-07-01,Beirut,310.9465931289966,218.9627475688186
2089-08-01,Beirut,383.4883527605692,355.4658284021304
2089-09-01,Beirut,612.3760044457492,513.117795207503
2089-10-01,Beirut,795.9167457787087,478.8099577754491
2089-11-01,Beirut,548.4909847633536,474.2153258259845
2089-12-01,Beirut,701.3287500816803,369.43407474595
2090-01-01,Beirut,542.9007179402328,112.99607351899213
2090-02-01,Beirut,268.10038044885323,94.01198760188191
2090-03-01,Beirut,325.82650300028115,227.35608880157417
2090-04-01,Beirut,506.72246655873613,318.2104853764519
2090-05-01,Beirut,500.22811123855814,332.7175493769337
2090-06-01,Beirut,453.84861824580923,369.3260286058939
2090-07-01,Beirut,536.6525230378214,415.54072299451633
2090-08-01,Beirut,559.987764203855,410.94764194658364
2090-09-01,Beirut,551.7595095289432,394.3598195219412
2090-10-01,Beirut,540.2889638807437,391.1829183595087
2090-11-01,Beirut,572.861714862592,402.63181132594485
2090-12-01,Beirut,558.6911461596287,371.5566730469935
2091-01-01,Beirut,560.405601644774,287.4066687043877
2091-02-01,Beirut,452.08750776141324,302.18810441810274
2091-03-01,Beirut,405.388271135431,361.8027775970155
2091-04-01,Beirut,466.590525483293,456.8705945248155
2091-05-01,Beirut,809.7675708484385,409.30489257951143
2091-06-01,Beirut,598.0568033058128,310.0454196169535
2091-07-01,Beirut,352.14900152738045,264.834968434718
2091-08-01,Beirut,553.7800002048737,270.1155985962226
2091-09-01,Beirut,369.3868920967389,173.2351741191283
2091-10-01,Beirut,341.06946798150125,240.17794319748805
2091-11-01,Beirut,522.8045013831513,244.21581872923807
2091-12-01,Beirut,423.32668111746426,219.17651349663282
2092-01-01,Beirut,349.9302914031449,305.5859918165925
2092-02-01,Beirut,514.2913271483169,408.4571008732152
2092-03-01,Beirut,806.5444665506972,288.65741909315136
2092-04-01,Beirut,299.04828234985007,312.07725571390216
2092-05-01,Beirut,462.2910126802367,268.7416204646295
2092-06-01,Beirut,379.5658349845345,224.60951111752752
2092-07-01,Beirut,414.17448256543935,259.63348594805825
2092-08-01,Beirut,531.5117542422115,230.51520629310755
2092-09-01,Beirut,399.13030285941704,150.83284952898185
2092-10-01,Beirut,300.8696019595195,118.33575856438387
2092-11-01,Beirut,371.04805697634526,204.02139667492497
2092-12-01,Beirut,429.1475223993959,416.61339542293877
2093-01-01,Beirut,681.3712382715444,233.10607346335098
2093-02-01,Beirut,398.2574377190801,297.39700770902425
2093-03-01,Beirut,510.8193618953662,273.59608011740596
2093-04-01,Beirut,580.226260505068,191.6633996949646
2093-05-01,Beirut,331.5222193806942,335.4072262069987
2093-06-01,Beirut,646.5385232410957,394.10099128850555
2093-07-01,Beirut,738.4640719329223,334.4152351227138
2093-08-01,Beirut,353.52149181404855,460.57014950350003
2093-09-01,Beirut,696.7629385673549,428.07790079812946
2093-10-01,Beirut,442.82867655950224,262.7767842439662
2093-11-01,Beirut,296.8635218391818,178.33839837762224
2093-12-01,Beirut,416.3432713260886,232.10777537950298
2094-01-01,Beirut,437.67432791846545,249.8843982928291
2094-02-01,Beirut,428.5698388612643,322.39040625628513
2094-03-01,Beirut,575.957739584094,403.2305627106956
2094-04-01,Beirut,679.862795214182,302.27893555115463
2094-05-01,Beirut,342.3861471610171,331.0191743415838
2094-06-01,Beirut,479.26473924887614,383.4822786798588
2094-07-01,Beirut,575.5936556979897,384.4870560856623
2094-08-01,Beirut,526.889308599799,416.5374357123539
2094-09-01,Beirut,523.0295461700553,354.5439725315661
2094-10-01,Beirut,698.0564188442664,234.1235337972376
2094-11-01,Beirut,281.74295550263315,92.40325467507611
2094-12-01,Beirut,272.73059335133945,134.26882482673452
2095-01-01,Beirut,291.8919610039195,479.9440803690135
2095-02-01,Beirut,684.4177017011191,330.8817644658571
2095-03-01,Beirut,600.6658053890503,209.3631840535044
2095-04-01,Beirut,404.2733092431938,136.10945199703855
2095-05-01,Beirut,271.6728314140822,192.5528072590336
2095-06-01,Beirut,546.8286367911531,378.68082539499505
2095-07-01,Beirut,555.053239310666,508.30131541001913
2095-08-01,Beirut,814.3439273184931,461.14108805411195
2095-09-01,Beirut,534.5252711149838,398.246240902981
2095-10-01,Beirut,679.7499384684752,391.5979051449679
2095-11-01,Beirut,428.47452274923387,191.17083336843157
2095-12-01,Beirut,323.04867874775914,119.0945629872272
2096-01-01,Beirut,286.5311884246324,164.56697867044068
2096-02-01,Beirut,449.38234082580595,259.09525418753026
2096-03-01,Beirut,432.723779836449,315.9143239617489
2096-04-01,Beirut,585.6936400148372,250.6155105072083
2096-05-01,Beirut,474.01386568381076,124.26442431487536
2096-06-01,Beirut,317.639090739267,166.78282061803023
2096-07-01,Beirut,363.5713232926718,306.41289804892574
2096-08-01,Beirut,538.1660328178145,460.9779332129555
2096-09-01,Beirut,693.4015667525398,496.86951682491235
2096-10-01,Beirut,645.5078695558839,450.4883934696773
2096-11-01,Beirut,667.8684224602828,342.26576081930267
2096-12-01,Beirut,569.8699308863837,119.79028018220055
2097-01-01,Beirut,611.2514492157388,267.0455717815775
2097-02-01,Beirut,773.6429187053313,174.37605175047608
2097-03-01,Beirut,299.83956554000883,242.76943072834428
2097-04-01,Beirut,430.81447414495125,312.9484488010909
2097-05-01,Beirut,655.3396519255502,277.36282359690045
2097-06-01,Beirut,437.97933433308197,403.3736592253727
2097-07-01,Beirut,655.5014526974832,425.3324949063513
2097-08-01,Beirut,816.6874794308009,221.74599545797525
2097-09-01,Beirut,290.00690871059896,229.60906622473325
2097-10-01,Beirut,365.1289418508982,349.81930610477093
2097-11-01,Beirut,584.6071752224732,436.1808443351554
2097-12-01,Beirut,826.5612615875547,414.77526692732505
2098-01-01,Beirut,565.4090031024576,260.94637579153346
2098-02-01,Beirut,282.1769704488052,96.84562255858617
2098-03-01,Beirut,289.57453980629685,170.53803572947095
2098-04-01,Beirut,472.41599625798386,288.6733072177337
2098-05-01,Beirut,531.5734808123339,447.46292922571564
2098-06-01,Beirut,795.3456206886525,317.61742063065145
2098-07-01,Beirut,380.7735924871888,262.07248539384966
2098-08-01,Beirut,336.14427923204346,267.9216760569506
2098-09-01,Beirut,539.937945451982,305.37934280358576
2098-10-01,Beirut,648.692780538362,314.72915947554566
2098-11-01,Beirut,353.92029689584666,309.4014163719496
2098-12-01,Beirut,436.9794410553143,285.62297685254384
2099-01-01,Beirut,687.2253604625334,231.49320479912683
2099-02-01,Beirut,826.3100858859656,142.09279564264932
2099-03-01,Beirut,312.9082378080773,219.08080563987505
2099-04-01,Beirut,383.7837658374126,361.26471815887993
2099-05-01,Beirut,471.31157932147585,431.36536400754756
2099-06-01,Beirut,785.3372231702238,387.1660489273964
2099-07-01,Beirut,556.7407665795955,350.1405495087461
2099-08-01,Beirut,427.19732285519206,277.084471236402
2099-09-01,Beirut,415.43733103192784,315.63764312845706
2099-10-01,Beirut,557.5389940088928,400.68398239530774
2099-11-01,Beirut,628.7443219585107,404.0924503886929
2099-12-01,Beirut,542.7758245133521,307.85206574157655
2100-01-01,Beirut,431.1882799658498,205.0725805010109
2100-02-01,Beirut,366.553179578852,251.6356246059384
2100-03-01,Beirut,508.09554839170113,266.8353212305689
2100-04-01,Beirut,534.6118683489843,215.43937500415853
2100-05-01,Beirut,336.2416786158155,222.01150980023735
2100-06-01,Beirut,470.81061676612546,252.40452712097837
2100-07-01,Beirut,434.6860675006351,362.39249928840275
2100-08-01,Beirut,584.1738804196193,354.68048633085226
2100-09-01,Beirut,421.4248083337853,203.65571132594104
2100-10-01,Beirut,371.1913140578373,233.84444045045166
2100-11-01,Beirut,440.39680401311125,250.30824244925944
2100-12-01,Beirut,442.8368553300435,299.80021579390717
2101-01-01,Beirut,563.3180155395668,287.54418197354994
2101-02-01,Beirut,803.2522799332274,169.5876949674373
2101-03-01,Beirut,603.2256062520198,113.38684900831447
2101-04-01,Beirut,265.4085104452265,323.16951025695715
2101-05-01,Beirut,630.21341432742,437.95221513594026
2101-06-01,Beirut,874.8012448425965,228.15573363142434
2101-07-01,Beirut,354.0540120783739,370.5830515297421
2101-08-01,Beirut,641.0973775236284,293.9365155853633
2101-09-01,Beirut,398.4776986967997,329.5099748286479
2101-10-01,Beirut,548.8034755245974,411.1144500224596
2101-11-01,Beirut,765.4322561029044,294.76369753352435
2101-12-01,Beirut,334.62156190534034,346.9021981811717
2102-01-01,Beirut,549.1744007722236,279.9543111277566
2102-02-01,Beirut,353.32723315399295,278.0150121555449
2102-03-01,Beirut,515.1708793337505,291.4906921728315
2102-04-01,Beirut,416.42907125855857,358.66113359607493
2102-05-01,Beirut,480.3330718612668,431.4383597729826
2102-06-01,Beirut,579.8514516274051,451.7979747232178
2102-07-01,Beirut,641.6164465395482,412.0645667653831
2102-08-01,Beirut,580.4556775906891,261.8166555700423
2102-09-01,Beirut,335.7282164300153,206.15760844497083
2102-10-01,Beirut,415.28669248142535,275.28868235260927
2102-11-01,Beirut,506.2400734132308,250.78812584770935
2102-12-01,Beirut,437.6263097907912,272.7022094033729
2103-01-01,Beirut,417.5710642446285,363.2442199452464
2103-02-01,Beirut,472.63304231017617,350.4632059563394
2103-03-01,Beirut,766.730108678533,189.2177486048252
2103-04-01,Beirut,263.2888971854413,226.63388565488378
2103-05-01,Beirut,444.9138772564442,420.04302460611484
2103-06-01,Beirut,799.10960405709,376.24187764592136
2103-07-01,Beirut,368.0893481539609,415.12070439519795
2103-08-01,Beirut,580.3412005225166,313.98834551047236
2103-09-01,Beirut,354.361204642349,254.14550025173787
2103-10-01,Beirut,470.74459505549885,237.440326277848
2103-11-01,Beirut,389.99659655902474,138.82010046226276
2103-12-01,Beirut,308.9525162811976,159.89254422103994
2104-01-01,Beirut,386.6280747498371,188.03801227398358
2104-02-01,Beirut,365.55925320286286,286.2900368336554
2104-03-01,Beirut,478.3240263202131,403.708998601049
2104-04-01,Beirut,758.243322552426,347.4381552861196
2104-05-01,Beirut,515.9076373869678,257.3612428814251
2104-06-01,Beirut,377.4014699614108,133.369818905407
2104-07-01,Beirut,282.4602954056663,176.8466723552791
2104-08-01,Beirut,560.575555467844,256.11779896210066
2104-09-01,Beirut,346.34454350593546,397.08013527338096
2104-10-01,Beirut,477.20083421862626,497.45065686115635
2104-11-01,Beirut,796.8056598272773,441.0697340019401
2104-12-01,Beirut,590.4826959577714,400.8064346873712
2105-01-01,Beirut,352.7572911565309,414.52491695559706
2105-02-01,Beirut,453.6588347620875,424.92605531155675
2105-03-01,Beirut,719.4701376017988,303.6927718521177
2105-04-01,Beirut,664.839216750938,188.87708446722266
2105-05-01,Beirut,263.80866062527485,147.3044279182234
2105-06-01,Beirut,502.5835971544229,248.86474946455854
2105-07-01,Beirut,365.70942880408944,226.33197682333966
2105-08-01,Beirut,567.9319994979917,184.86485050746685
2105-09-01,Beirut,330.488119295317,419.4768421535341
2105-10-01,Beirut,594.3520260058841,525.1096071035414
2105-11-01,Beirut,936.4335276289767,274.52279547943687
2105-12-01,Beirut,345.80464177259955,298.5450884163758
2106-01-01,Beirut,312.3327146999,260.2802463513411
2106-02-01,Beirut,615.095882880569,317.98980932070106
2106-03-01,Beirut,517.4135599427169,396.5893955642078
2106-04-01,Beirut,460.81844819175797,392.07117136354833
2106-05-01,Beirut,520.7582398641948,307.1714267559412
2106-06-01,Beirut,558.065804565482,295.9673349801966
2106-07-01,Beirut,568.4478021495756,185.96781721247922
2106-08-01,Beirut,279.67797025740623,124.27045559861057
2106-09-01,Beirut,333.73912914663447,178.78326586592956
2106-10-01,Beirut,340.73416410871647,258.4962443191908
2106-11-01,Beirut,523.5448344335549,377.1507404080961
2106-12-01,Beirut,621.7365044525325,322.0807429170814
2107-01-01,Beirut,531.1037416137035,303.80378193732355
2107-02-01,Beirut,328.3806713137268,440.6011204879554
2107-03-01,Beirut,546.629465724892,483.83815286427733
2107-04-01,Beirut,742.4877698451489,372.28480408398366
2107-05-01,Beirut,551.3663112772645,358.9837555791896
2107-06-01,Beirut,514.4790787991055,243.9451347152029
2107-07-01,Beirut,377.57649050711154,204.21012415911858
2107-08-01,Beirut,419.6051862047943,285.49618203619104
2107-09-01,Beirut,691.9911146252466,182.19648995734596
2107-10-01,Beirut,292.8296904816933,111.38001689050795
2107-11-01,Beirut,316.1111009346993,168.77054218251584
2107-12-01,Beirut,510.6015185416431,254.97926491528997
2108-01-01,Beirut,476.99896261492233,228.5623627808506
2108-02-01,Beirut,341.35986577452223,323.66786661587594
2108-03-01,Beirut,496.4966114776476,401.1619357829623
2108-04-01,Beirut,634.3727049386819,462.8286067787385
2108-05-01,Beirut,805.1194572406168,320.4375799762674
2108-06-01,Beirut,406.94195462481207,95.59006437507364
2108-07-01,Beirut,263.9833468187208,88.65710372147753
2108-08-01,Beirut,362.7044764929218,239.30195954778966
2108-09-01,Beirut,501.2068888854632,351.480666290226
2108-10-01,Beirut,700.796615608418,309.01827476461204
2108-11-01,Beirut,397.84945080997636,338.83847522066367
2108-12-01,Beirut,609.0190563684596,262.3051550881139
2109-01-01,Beirut,521.3600482034824,310.1894294403105
2109-02-01,Beirut,367.54034175153197,395.9087221140939
2109-03-01,Beirut,579.2728164713175,393.3708613117632
2109-04-01,Beirut,531.0730840838762,347.89387908515016
2109-05-01,Beirut,558.0885919576187,353.8690891138381
2109-06-01,Beirut,550.143044973867,255.04164562135105
2109-07-01,Beirut,546.3521076698095,128.69605651333674
2109-08-01,Beirut,280.3290055363663,106.8134217942924
2109-09-01,Beirut,361.86851869763717,185.06803584038565
2109-10-01,Beirut,431.4363179001244,255.27441870905074
2109-11-01,Beirut,426.8317472436431,421.74522519857675
2109-12-01,Beirut,620.0386894219159,507.01096533547417
2110-01-01,Beirut,722.5102226191276,518.221019465997
2110-02-01,Beirut,688.0632472131344,500.6486847489013
2110-03-01,Beirut,601.7559223368133,365.3267015933314
2110-04-01,Beirut,650.4413399534998,308.1074647594028
2110-05-01,Beirut,479.03203007951527,257.75455150991615
2110-06-01,Beirut,404.805443716456,292.80714908983015
2110-07-01,Beirut,571.2915709545116,289.52099553059446
2110-08-01,Beirut,423.6677461367939,250.09206400795117
2110-09-01,Beirut,434.83840353181597,261.3051337803416
2110-10-01,Beirut,534.4000690552525,217.19763207087917
2110-11-01,Beirut,338.67812921615723,135.71738408977296
2110-12-01,Beirut,310.7633423739462,151.5938424462091
2111-01-01,Beirut,341.7147163945125,424.2668187670617
2111-02-01,Beirut,423.8844321173271,460.2497677114869
2111-03-01,Beirut,708.7069270083919,367.83071827778815
2111-04-01,Beirut,622.669372962909,344.2729031174155
2111-05-01,Beirut,455.50206730415033,368.7115614189532
2111-06-01,Beirut,581.0321523168225,320.22210805676804
2111-07-01,Beirut,525.0456388278645,235.59282344408587
2111-08-01,Beirut,384.91323347362857,260.8057607193074
2111-09-01,Beirut,452.51612163269954,340.54060688416854
2111-10-01,Beirut,626.5854608878894,361.92233487288615
2111-11-01,Beirut,709.8444448181278,219.71707160945869
2111-12-01,Beirut,285.02580597637194,115.02654826904062
2112-01-01,Beirut,287.6034561058683,168.9154997790312
2112-02-01,Beirut,399.20722959743193,238.512119862069
2112-03-01,Beirut,426.16553751619455,372.4595734543901
2112-04-01,Beirut,558.3815102522531,440.7662398043856
2112-05-01,Beirut,694.544074126694,416.0690289852401
2112-06-01,Beirut,703.3656240180974,282.8898747795855
2112-07-01,Beirut,308.0273121532779,187.3370047815626
2112-08-01,Beirut,361.76826445999694,222.03954665348635
2112-09-01,Beirut,383.00827436144357,163.7158439097313
2112-10-01,Beirut,332.0918527453055,143.9255821440976
2112-11-01,Beirut,309.65385871480737,146.79528417753824
2112-12-01,Beirut,393.9765972034858,229.69159141846984
2113-01-01,Beirut,679.0477472945263,232.7706306942392
2113-02-01,Beirut,655.3197193872816,191.81421625282272
2113-03-01,Beirut,272.0632776895096,385.35521629874415
2113-04-01,Beirut,570.9937145342675,503.9532768041274
2113-05-01,Beirut,833.0903381034263,342.8613414720326
2113-06-01,Beirut,540.0329529311618,247.84987396655842
2113-07-01,Beirut,266.75885632486313,114.24622077938221
2113-08-01,Beirut,426.90095816039263,242.59285197281727
2113-09-01,Beirut,448.26110339893967,270.68458990380003
2113-10-01,Beirut,501.7582871924843,344.94478812551523
2113-11-01,Beirut,703.4080610350563,261.4495054807227
2113-12-01,Beirut,330.10137661409703,438.6191717236164
2114-01-01,Beirut,586.1268319400742,446.0352037399224
2114-02-01,Beirut,721.8649742061164,238.5312993443469
2114-03-01,Beirut,296.28056582318567,137.00651067533158
2114-04-01,Beirut,277.2374817106023,147.32689875819676
2114-05-01,Beirut,411.62622971496376,261.9260113602809
2114-06-01,Beirut,487.7394372550009,409.0563692251433
2114-07-01,Beirut,636.7892487201592,437.7937474638581
2114-08-01,Beirut,530.6623451985212,398.2701247865724
2114-09-01,Beirut,581.3681506135212,395.8083960172189
2114-10-01,Beirut,634.1001306927838,259.28670436552426
2114-11-01,Beirut,403.6070223575327,123.72095395361738
2114-12-01,Beirut,272.78069475075534,93.68531604254497
2017-01-01,Bekaa,701.2118961803191,34.81829981811756
2017-02-01,Bekaa,785.5704465408992,40.08047561217825
2017-03-01,Bekaa,612.6104434220903,31.541242717338484
2017-04-01,Bekaa,639.5353344141924,32.549815637474325
2017-05-01,Bekaa,766.4208429973125,36.66749521683109
2017-06-01,Bekaa,866.9958003571505,43.126840032527305
2017-07-01,Bekaa,923.9753061283228,49.03394853635197
2017-08-01,Bekaa,936.6169484590273,52.45491946551175
2017-09-01,Bekaa,639.1951995551442,37.24131247117067
2017-10-01,Bekaa,473.66754933603335,45.13667205209403
2017-11-01,Bekaa,460.3249964371678,31.472980390758792
2017-12-01,Bekaa,761.2252775357642,30.55333171007905
2018-01-01,Bekaa,707.7628957614215,38.01758662540048
2018-02-01,Bekaa,483.97694029703797,27.418111017092563
2018-03-01,Bekaa,567.6312588888479,22.502532014851866
2018-04-01,Bekaa,806.0978268263176,35.47016218830704
2018-05-01,Bekaa,815.0233476030508,37.46756514529393
2018-06-01,Bekaa,873.9021958513384,44.750608701718406
2018-07-01,Bekaa,819.8259134751985,47.16218963137872
2018-08-01,Bekaa,911.7392894389203,51.89954781474404
2018-09-01,Bekaa,541.9586801097922,35.104630727328626
2018-10-01,Bekaa,506.3274401332018,36.50992449051584
2018-11-01,Bekaa,401.2686698158486,20.109135164265492
2018-12-01,Bekaa,767.3989228526485,35.26571356512179
2019-01-01,Bekaa,905.2387391695455,46.17977950381315
2019-02-01,Bekaa,667.725685182082,35.70136166479803
2019-03-01,Bekaa,573.2141422164411,29.753229275746413
2019-04-01,Bekaa,901.0427178515655,44.19284934705996
2019-05-01,Bekaa,929.2445967537997,50.77783525969075
2019-06-01,Bekaa,548.6965452590355,29.62389580751048
2019-07-01,Bekaa,557.2129819541633,33.03741993740702
2019-08-01,Bekaa,670.6120555426198,34.00050828045565
2019-09-01,Bekaa,825.1698075986494,41.874099271389866
2019-10-01,Bekaa,919.7522211425714,52.56087678074297
2019-11-01,Bekaa,708.0127817973137,33.423746289820116
2019-12-01,Bekaa,543.3182314201839,28.746405762421613
2020-01-01,Bekaa,792.2109264028682,40.255472439785294
2020-02-01,Bekaa,821.0044730763775,40.007975702208284
2020-03-01,Bekaa,758.6424264837606,43.13353919678515
2020-04-01,Bekaa,1000.6762658024594,49.81687900619306
2020-05-01,Bekaa,721.8217300742415,38.76121602111402
2020-06-01,Bekaa,534.8307248526735,41.62602038323554
2020-07-01,Bekaa,486.70724167689895,41.23799486035563
2020-08-01,Bekaa,534.9471590095557,24.134291217855584
2020-09-01,Bekaa,563.0387795411639,28.58329278530549
2020-10-01,Bekaa,633.4446367687126,31.602188268134135
2020-11-01,Bekaa,610.5276389212597,24.095142330300277
2020-12-01,Bekaa,853.657474440878,37.13670562707567
2021-01-01,Bekaa,911.0786175492101,46.37704580731216
2021-02-01,Bekaa,733.7772837237994,40.09915762207595
2021-03-01,Bekaa,800.2873177412934,42.05021016380732
2021-04-01,Bekaa,605.6071567035284,35.76311099710146
2021-05-01,Bekaa,714.1163250782062,37.92793691403202
2021-06-01,Bekaa,857.9385843694979,43.758600477324656
2021-07-01,Bekaa,687.2163019187619,38.94640491644285
2021-08-01,Bekaa,600.0871291560532,35.51836839322022
2021-09-01,Bekaa,360.7347887818223,24.389036764397957
2021-10-01,Bekaa,551.3083264386569,32.12289979645797
2021-11-01,Bekaa,496.46037270782995,24.22684577195252
2021-12-01,Bekaa,801.6044894339984,35.72184036277193
2022-01-01,Bekaa,774.6916206391415,34.2334941022461
2022-02-01,Bekaa,908.7822680836124,47.40442928328537
2022-03-01,Bekaa,882.8290890250175,51.56855236288844
2022-04-01,Bekaa,822.8503469684844,53.47986500124996
2022-05-01,Bekaa,489.5452487690667,33.8077839334914
2022-06-01,Bekaa,617.4108134591247,40.265682237981515
2022-07-01,Bekaa,675.8010883947061,30.898897179302676
2022-08-01,Bekaa,527.9451074482449,25.725709158898148
2022-09-01,Bekaa,701.200752317119,34.844371003236574
2022-10-01,Bekaa,549.3846376397228,25.590375402605073
2022-11-01,Bekaa,727.4258306586167,28.340369032593514
2022-12-01,Bekaa,855.103541654733,38.152998691288985
2023-01-01,Bekaa,668.3611049679894,32.15762197556236
2023-02-01,Bekaa,716.8681456421774,35.30339525591751
2023-03-01,Bekaa,737.7123300385653,35.48257352041244
2023-04-01,Bekaa,421.559888034833,26.061131319204684
2023-05-01,Bekaa,853.399024648044,37.44346352037688
2023-06-01,Bekaa,682.5022830975574,30.970860742420935
2023-07-01,Bekaa,974.2205698781888,53.731466343658965
2023-08-01,Bekaa,874.2599522871708,41.234425124835795
2023-09-01,Bekaa,799.2907928710058,43.43557487372816
2023-10-01,Bekaa,724.5282066431233,36.97476138373281
2023-11-01,Bekaa,601.5854846935433,36.292019914773
2023-12-01,Bekaa,689.9259075526802,35.84499032804821
2024-01-01,Bekaa,721.4812658399262,34.07936456551102
2024-02-01,Bekaa,565.241421743302,33.136137308910094
2024-03-01,Bekaa,755.3330284886479,38.47275302235199
2024-04-01,Bekaa,780.589743545186,38.48511116303408
2024-05-01,Bekaa,789.0834533468914,40.763465307780166
2024-06-01,Bekaa,823.5136538603305,38.21898265190361
2024-07-01,Bekaa,893.3034969947855,46.784704875551185
2024-08-01,Bekaa,822.6004609325923,40.4425584958788
2024-09-01,Bekaa,696.8174262639757,34.68338420551326
2024-10-01,Bekaa,719.5898832650965,39.37998298322865
2024-11-01,Bekaa,593.7145960737829,34.782900925905516
2024-12-01,Bekaa,820.7757768493287,37.27715314770408
2025-01-01,Bekaa,622.2558687407145,28.912170923005498
2025-02-01,Bekaa,606.1338277554503,27.210138462113107
2025-03-01,Bekaa,991.259811190273,52.156740166758624
2025-04-01,Bekaa,644.318357353832,28.01477546528283
2025-05-01,Bekaa,652.548182670798,32.36571716632333
2025-06-01,Bekaa,831.9946827142567,36.85455763229203
2025-07-01,Bekaa,588.4611703569994,30.97539826633709
2025-08-01,Bekaa,1012.7384821426452,52.99601512927916
2025-09-01,Bekaa,946.1270554387953,47.06724294077243
2025-10-01,Bekaa,749.7851412831726,38.05332978432449
2025-11-01,Bekaa,552.2028273199932,39.484594259942256
2025-12-01,Bekaa,629.1647894452828,44.866040000456756
2026-01-01,Bekaa,583.6159503877761,30.423800251545252
2026-02-01,Bekaa,700.1945108764554,32.10602925003185
2026-03-01,Bekaa,657.441930596025,36.913889709913974
2026-04-01,Bekaa,774.1453517588335,41.08173914422774
2026-05-01,Bekaa,464.98815422756076,23.78890157583679
2026-06-01,Bekaa,845.6066645815226,34.94823612248432
2026-07-01,Bekaa,658.5356211700754,34.83442272953828
2026-08-01,Bekaa,787.7426764267183,43.87393721353267
2026-09-01,Bekaa,776.7458792834993,39.376034997587496
2026-10-01,Bekaa,849.7441668937336,41.11444891448361
2026-11-01,Bekaa,748.2291176260197,34.73745771992532
2026-12-01,Bekaa,990.8597300326322,55.1927056638508
2027-01-01,Bekaa,578.6326947337438,28.724127421292422
2027-02-01,Bekaa,785.0584326883585,39.398667948205414
2027-03-01,Bekaa,740.0332728574317,36.23141715314978
2027-04-01,Bekaa,619.6217449388156,32.284350541595686
2027-05-01,Bekaa,1024.9932183263886,54.68999943231701
2027-06-01,Bekaa,680.6814966216199,30.860816552832148
2027-07-01,Bekaa,872.1792338296979,43.22220338928285
2027-08-01,Bekaa,462.26364436281096,25.228821478058535
2027-09-01,Bekaa,743.1083203500788,41.418978678163995
2027-10-01,Bekaa,622.9886189180183,32.950581983776246
2027-11-01,Bekaa,897.0657310861358,45.334780553128766
2027-12-01,Bekaa,854.4417169515884,49.53136813142467
2028-01-01,Bekaa,832.6728663889954,45.66862470121047
2028-02-01,Bekaa,651.9203385160315,36.00944195598427
2028-03-01,Bekaa,598.2284096285334,36.54497172831823
2028-04-01,Bekaa,450.27822735571243,25.45605819351301
2028-05-01,Bekaa,646.2740230016032,35.44614626068309
2028-06-01,Bekaa,565.655556245668,30.44634159471191
2028-07-01,Bekaa,669.8614642050205,26.994286188786262
2028-08-01,Bekaa,889.9666510607568,42.56099558152591
2028-09-01,Bekaa,943.0374056426449,50.88516964176985
2028-10-01,Bekaa,791.7284465326011,52.70196998614877
2028-11-01,Bekaa,726.8652339541945,42.499331946515596
2028-12-01,Bekaa,395.205420109285,32.33186378046632
2029-01-01,Bekaa,914.7119012235325,45.78224749155632
2029-02-01,Bekaa,779.7969372775337,40.91787114440854
2029-03-01,Bekaa,572.7650939357738,31.219993116264693
2029-04-01,Bekaa,536.5860754422351,28.856071701889096
2029-05-01,Bekaa,561.8430649781624,32.41382142100851
2029-06-01,Bekaa,533.0887139614251,29.50669737148665
2029-07-01,Bekaa,751.1113158998423,31.42877536291007
2029-08-01,Bekaa,846.6675823165072,42.685614221101325
2029-09-01,Bekaa,843.48922078178,47.98008755188725
2029-10-01,Bekaa,795.4105875381942,41.40953129036853
2029-11-01,Bekaa,925.6157596455816,49.25712792823961
2029-12-01,Bekaa,526.2777823987873,31.881523027640558
2030-01-01,Bekaa,640.895215099851,42.723448098469284
2030-02-01,Bekaa,677.6677678245113,34.02290630228728
2030-03-01,Bekaa,830.8981924504368,37.46820048729457
2030-04-01,Bekaa,674.1285756847933,37.17312549910733
2030-05-01,Bekaa,845.6011749937394,44.96309661752096
2030-06-01,Bekaa,363.03102845566434,22.928550989369665
2030-07-01,Bekaa,825.1277024603521,37.9650763478179
2030-08-01,Bekaa,714.1770399190884,34.01030732266077
2030-09-01,Bekaa,652.3839891002019,30.477124653412375
2030-10-01,Bekaa,891.3706131363147,40.53415117173757
2030-11-01,Bekaa,846.7026058865641,49.38061477253018
2030-12-01,Bekaa,688.1568329936605,30.222359898856027
2031-01-01,Bekaa,938.4228032561945,47.37946773035816
2031-02-01,Bekaa,776.366548767679,40.34379088803149
2031-03-01,Bekaa,529.2028818011358,29.191815965814556
2031-04-01,Bekaa,793.5099275600109,39.72106411995942
2031-05-01,Bekaa,408.9551082860929,25.932854291737243
2031-06-01,Bekaa,940.1551524729445,47.14377948875572
2031-07-01,Bekaa,681.040625454398,28.270954225175466
2031-08-01,Bekaa,919.3888104313226,53.386384029863734
2031-09-01,Bekaa,786.6701207656332,39.750907463514764
2031-10-01,Bekaa,764.8726145548118,40.681252052898195
2031-11-01,Bekaa,687.653602481573,35.11724891496911
2031-12-01,Bekaa,784.3282626173127,41.1012810821356
2032-01-01,Bekaa,542.506321387046,30.325759593149826
2032-02-01,Bekaa,486.436714790942,28.934607360865073
2032-03-01,Bekaa,848.2017025184051,44.51229930497847
2032-04-01,Bekaa,517.1856251848944,24.096927198060193
2032-05-01,Bekaa,808.7072474831922,33.203521977005195
2032-06-01,Bekaa,936.795963916638,50.22407708209674
2032-07-01,Bekaa,853.9513320749136,50.44462645360967
2032-08-01,Bekaa,821.1686666469735,40.061979772262134
2032-09-01,Bekaa,867.2792826702758,39.83688992175398
2032-10-01,Bekaa,498.63743343089834,35.69843909159512
2032-11-01,Bekaa,797.5954434759147,46.73814760476057
2032-12-01,Bekaa,581.6015187027856,31.27708967656813
2033-01-01,Bekaa,941.3186157077195,47.38729573482178
2033-02-01,Bekaa,819.270696566804,42.53091287656568
2033-03-01,Bekaa,522.3676039166794,29.287690551249682
2033-04-01,Bekaa,860.5846754727644,44.08966094091986
2033-05-01,Bekaa,538.5958684255489,28.8177605792509
2033-06-01,Bekaa,868.0807075907477,43.0478034876485
2033-07-01,Bekaa,449.51824882300383,27.129621422618875
2033-08-01,Bekaa,616.5558650577664,30.571450777413396
2033-09-01,Bekaa,785.3466909428553,37.105974282258984
2033-10-01,Bekaa,747.1626005114962,38.35587521240754
2033-11-01,Bekaa,885.5106977612414,49.08497093162144
2033-12-01,Bekaa,738.6965033363405,36.23744846953719
2034-01-01,Bekaa,972.6271072323543,52.427596804405425
2034-02-01,Bekaa,702.3899068227197,31.900967447939017
2034-03-01,Bekaa,543.5308980509056,43.71929497057849
2034-04-01,Bekaa,564.7434886834253,44.39292297567805
2034-05-01,Bekaa,636.7291669311674,35.16162533740406
2034-06-01,Bekaa,497.45656820285046,22.452133141266735
2034-07-01,Bekaa,632.1004014082362,29.886797372293543
2034-08-01,Bekaa,671.4418616319309,34.0898403208238
2034-09-01,Bekaa,566.5190135080902,23.427158526229597
2034-10-01,Bekaa,855.9088092866532,36.40282946984162
2034-11-01,Bekaa,819.1559641821348,36.868275109347564
2034-12-01,Bekaa,842.5502816873385,43.33868374109201
2035-01-01,Bekaa,908.2344072228473,44.31750049250517
2035-02-01,Bekaa,642.221609300032,32.417355695579474
2035-03-01,Bekaa,428.9109950353395,23.09656939774649
2035-04-01,Bekaa,934.6645216680481,45.43462085467948
2035-05-01,Bekaa,965.2251117530974,50.42482742382249
2035-06-01,Bekaa,848.9397226999808,44.85408079544948
2035-07-01,Bekaa,523.8514669424219,25.504375213891418
2035-08-01,Bekaa,764.3738306088287,43.400805413358604
2035-09-01,Bekaa,743.1711761301966,36.51066178274449
2035-10-01,Bekaa,831.5933938473034,43.38015532079848
2035-11-01,Bekaa,797.9696686750967,43.386346211455816
2035-12-01,Bekaa,721.5976999968084,40.03284269260517
2036-01-01,Bekaa,368.3785182591132,24.811087067721093
2036-02-01,Bekaa,656.9141067306687,35.56674894779869
2036-03-01,Bekaa,700.9282491795602,36.141539900692734
2036-04-01,Bekaa,577.5402942128223,26.803528446944902
2036-05-01,Bekaa,794.7254869828487,33.3392265957219
2036-06-01,Bekaa,906.4175183542358,47.57338297418872
2036-07-01,Bekaa,874.8901020688063,51.13834308624554
2036-08-01,Bekaa,860.9611514029374,46.177300192471144
2036-09-01,Bekaa,770.7074974095937,38.51823907697874
2036-10-01,Bekaa,437.38005658789825,37.31352130585197
2036-11-01,Bekaa,808.445943104711,45.36501101204263
2036-12-01,Bekaa,619.2410420260494,31.106458978291023
2037-01-01,Bekaa,341.2464502240724,19.594175697356693
2037-02-01,Bekaa,398.14882728689054,20.7700164357849
2037-03-01,Bekaa,551.2375382041923,27.887494299462894
2037-04-01,Bekaa,856.0183814588063,40.62370779811524
2037-05-01,Bekaa,808.951973306568,38.34628745835613
2037-06-01,Bekaa,801.4509456637019,48.94860289765292
2037-07-01,Bekaa,789.5380461112195,37.6451151612198
2037-08-01,Bekaa,880.0898396170699,42.23377081056709
2037-09-01,Bekaa,581.9402811648879,32.58956145100233
2037-10-01,Bekaa,724.3049451079798,47.76691701281888
2037-11-01,Bekaa,583.9170817256245,36.59659843725808
2037-12-01,Bekaa,723.130941864661,34.58997120094571
2038-01-01,Bekaa,593.3675992300057,29.833468537807818
2038-02-01,Bekaa,761.2889567540497,37.56465131314887
2038-03-01,Bekaa,772.7080129895537,39.086920403889934
2038-04-01,Bekaa,342.7417315924041,20.966945860269625
2038-05-01,Bekaa,666.5439965158665,23.27898938398419
2038-06-01,Bekaa,781.4491934085264,36.45460245519557
2038-07-01,Bekaa,754.8302920394608,33.761468979184755
2038-08-01,Bekaa,810.2411481015788,36.94470822956331
2038-09-01,Bekaa,924.7415427911043,49.36785178601512
2038-10-01,Bekaa,803.1705590367948,50.86472049458668
2038-11-01,Bekaa,855.2733346048681,47.09682919244844
2038-12-01,Bekaa,517.1922950340511,33.49553698081263
2039-01-01,Bekaa,953.8626531676383,47.89888493404814
2039-02-01,Bekaa,798.4054321533285,41.5062569385766
2039-03-01,Bekaa,671.367916884491,37.115697969947746
2039-04-01,Bekaa,525.710680532842,31.427684938732234
2039-05-01,Bekaa,591.2948955706963,29.892899610578695
2039-06-01,Bekaa,692.3158544899817,36.80760438090567
2039-07-01,Bekaa,745.3998389784273,38.23840934172763
2039-08-01,Bekaa,680.8706678166295,31.99438636266472
2039-09-01,Bekaa,843.9675834612095,43.252998268299606
2039-10-01,Bekaa,883.2858776244591,47.33092760150976
2039-11-01,Bekaa,886.679870167311,51.946341491860466
2039-12-01,Bekaa,696.6617415544436,32.60948607165011
2040-01-01,Bekaa,547.1662677685857,33.59049253665614
2040-02-01,Bekaa,714.067961809836,36.13723582802332
2040-03-01,Bekaa,860.0375831542889,41.40786167069244
2040-04-01,Bekaa,447.3874653249479,28.345756141743067
2040-05-01,Bekaa,920.7568706027781,47.399393828545456
2040-06-01,Bekaa,568.6317637102782,26.141549363549977
2040-07-01,Bekaa,837.335447772671,44.42088688894314
2040-08-01,Bekaa,676.2531010527763,34.05154101850188
2040-09-01,Bekaa,524.908322382447,30.833347615311737
2040-10-01,Bekaa,870.6982528375415,36.00932079774229
2040-11-01,Bekaa,651.6639747665552,33.00007955824421
2040-12-01,Bekaa,752.2934437330804,35.679505899976235
2041-01-01,Bekaa,452.8083509170584,22.72569663134415
2041-02-01,Bekaa,420.0620540081822,22.90763346215346
2041-03-01,Bekaa,759.9173832464128,38.07726444727394
2041-04-01,Bekaa,936.740354392394,50.120823664217056
2041-05-01,Bekaa,833.9859208908631,46.75279297664495
2041-06-01,Bekaa,690.1676689986531,28.41333288997789
2041-07-01,Bekaa,753.3933375413259,30.0188465581973
2041-08-01,Bekaa,795.5511209854446,37.058249755234655
2041-09-01,Bekaa,1041.0709583382422,54.99036548958394
2041-10-01,Bekaa,544.5244859917292,26.570087542977262
2041-11-01,Bekaa,630.0427941153307,38.9516575694946
2041-12-01,Bekaa,533.9919432873369,27.15069261394686
2042-01-01,Bekaa,969.3930263816275,52.87627828033186
2042-02-01,Bekaa,427.0451390437018,22.882441413058572
2042-03-01,Bekaa,935.1930042839385,52.5932555821427
2042-04-01,Bekaa,760.836779408346,33.55460753393664
2042-05-01,Bekaa,726.5847160184721,45.92158242491385
2042-06-01,Bekaa,465.59876107668805,25.961506738426277
2042-07-01,Bekaa,915.014597093899,49.64672259810713
2042-08-01,Bekaa,763.4583869500993,39.48516459020328
2042-09-01,Bekaa,625.6726430728669,38.47422169665113
2042-10-01,Bekaa,535.0427876287392,32.77310879990627
2042-11-01,Bekaa,529.076868313572,30.65397727067708
2042-12-01,Bekaa,836.5290822231942,40.29235773677091
2043-01-01,Bekaa,740.2769556591288,37.43085124289453
2043-02-01,Bekaa,869.3951344895613,45.12887064334207
2043-03-01,Bekaa,811.7287714949529,41.49531132569126
2043-04-01,Bekaa,565.1418680688535,31.769977657882826
2043-05-01,Bekaa,592.4319264402952,31.5054153386609
2043-06-01,Bekaa,892.0052094840546,44.859139890821965
2043-07-01,Bekaa,662.4568886195054,36.684243127475696
2043-08-01,Bekaa,995.9786608487267,55.51774958645396
2043-09-01,Bekaa,644.1690954620062,30.32454801073001
2043-10-01,Bekaa,854.6918225709917,45.82168893193983
2043-11-01,Bekaa,574.3102756570552,31.32821106698654
2043-12-01,Bekaa,782.201376726583,44.4675682730548
2044-01-01,Bekaa,358.27358699509466,23.498211924993463
2044-02-01,Bekaa,684.4402722726667,34.89495604680329
2044-03-01,Bekaa,533.5510195965888,29.173990928847942
2044-04-01,Bekaa,683.534709871947,28.329798714750414
2044-05-01,Bekaa,805.6568482396917,35.83507603775925
2044-06-01,Bekaa,817.3398987516907,39.1310013184176
2044-07-01,Bekaa,852.8885478800827,46.27918245366109
2044-08-01,Bekaa,880.2062188780741,40.29567038041142
2044-09-01,Bekaa,833.6023084965719,37.20473893502722
2044-10-01,Bekaa,875.739011923603,47.67347150238153
2044-11-01,Bekaa,600.2755043608341,31.868070030162023
2044-12-01,Bekaa,712.2252718786434,48.080855748266785
2045-01-01,Bekaa,690.8516167405642,35.79746231378222
2045-02-01,Bekaa,872.2451088830965,46.577134211325614
2045-03-01,Bekaa,937.6119911406132,48.280781622931244
2045-04-01,Bekaa,429.5291500676687,26.205132322418024
2045-05-01,Bekaa,877.6984653869447,46.64366781664776
2045-06-01,Bekaa,616.0554891313261,31.302952528612522
2045-07-01,Bekaa,716.0307090258475,38.747544347784114
2045-08-01,Bekaa,506.93335338477436,30.538774990566864
2045-09-01,Bekaa,925.9787311898081,46.521770804898324
2045-10-01,Bekaa,762.2226258442192,37.194892611556945
2045-11-01,Bekaa,565.5919044753216,34.64546758593127
2045-12-01,Bekaa,783.1549730204057,38.22562271458
2046-01-01,Bekaa,676.3740366716405,35.70848192782373
2046-02-01,Bekaa,904.2524798284127,48.076429039815864
2046-03-01,Bekaa,656.2834079902548,37.35820062389187
2046-04-01,Bekaa,545.7170989376331,32.2973351590412
2046-05-01,Bekaa,741.5065135308138,36.09801010841212
2046-06-01,Bekaa,832.7866106478637,40.0519443237312
2046-07-01,Bekaa,836.4141302550137,46.67430016631552
2046-08-01,Bekaa,757.1965788534167,39.86500897667039
2046-09-01,Bekaa,924.0389304507303,48.97163182886658
2046-10-01,Bekaa,771.7858720337288,40.50984860144357
2046-11-01,Bekaa,594.7810308444896,37.529757739458276
2046-12-01,Bekaa,544.3693227930364,35.20661198366752
2047-01-01,Bekaa,708.8258446438861,34.38612098127269
2047-02-01,Bekaa,756.6119377545041,38.18328234162615
2047-03-01,Bekaa,900.0212153568643,43.85217010108307
2047-04-01,Bekaa,673.8454776428126,35.10482576254742
2047-05-01,Bekaa,646.0596545986684,33.59009212344179
2047-06-01,Bekaa,774.8254018934185,38.88670493147635
2047-07-01,Bekaa,643.4491360242373,35.6147409094791
2047-08-01,Bekaa,957.7611388277679,50.25740741895788
2047-09-01,Bekaa,435.1609181744715,24.973018013208133
2047-10-01,Bekaa,847.4174600076947,42.60246125107423
2047-11-01,Bekaa,670.1796407129358,33.00916938147187
2047-12-01,Bekaa,849.0366688202324,47.057408437618435
2048-01-01,Bekaa,751.6422688302351,39.609477379094685
2048-02-01,Bekaa,868.8078034926349,46.04227376440163
2048-03-01,Bekaa,770.203937522239,39.88696078156204
2048-04-01,Bekaa,730.6018865664751,40.80024126684009
2048-05-01,Bekaa,590.4622897916158,37.26962065114773
2048-06-01,Bekaa,704.9410280573366,37.60946804236565
2048-07-01,Bekaa,795.7565962561705,38.70600332371943
2048-08-01,Bekaa,465.5639296422035,28.881166233374586
2048-09-01,Bekaa,878.059460679569,43.990748534197984
2048-10-01,Bekaa,672.5036577009608,32.91468072812185
2048-11-01,Bekaa,877.0469062129546,52.48446434608073
2048-12-01,Bekaa,576.8770971127319,28.827354243460462
2049-01-01,Bekaa,857.496013802415,43.59480044432412
2049-02-01,Bekaa,832.4408215133988,43.50957891894613
2049-03-01,Bekaa,634.5503495400083,34.05981228482641
2049-04-01,Bekaa,602.8227279881248,32.382996991201026
2049-05-01,Bekaa,833.8981972780873,41.15157357287411
2049-06-01,Bekaa,592.5911244860085,33.74712354782626
2049-07-01,Bekaa,791.8746891511461,39.062784795563545
2049-08-01,Bekaa,715.3631751514083,36.17199346807658
2049-09-01,Bekaa,774.1880058559092,40.045366317715335
2049-10-01,Bekaa,694.4942876099959,35.06921114956308
2049-11-01,Bekaa,940.9311606019801,48.96697757932705
2049-12-01,Bekaa,802.9694205404177,41.550331942946116
2050-01-01,Bekaa,674.4654716870493,35.54677113572761
2050-02-01,Bekaa,590.7458544485578,32.772613824161596
2050-03-01,Bekaa,690.5238883499061,36.62439243347649
2050-04-01,Bekaa,601.0057567756967,34.087755512537996
2050-05-01,Bekaa,901.4143629444893,47.23150987626644
2050-06-01,Bekaa,735.3094276740953,38.435369794542616
2050-07-01,Bekaa,833.6996388879683,48.59775226950775
2050-08-01,Bekaa,700.5204825990229,36.24734502935171
2050-09-01,Bekaa,833.4392128435325,40.017174863361646
2050-10-01,Bekaa,368.4685749466969,21.38146514457595
2050-11-01,Bekaa,945.5598163331555,51.84714835262669
2050-12-01,Bekaa,572.7191460860284,28.09877654300379
2051-01-01,Bekaa,915.0322186706833,46.558153738441575
2051-02-01,Bekaa,861.9181512411857,46.36066284893304
2051-03-01,Bekaa,700.5041236274288,40.32467448151011
2051-04-01,Bekaa,626.7848884536246,45.40816698682055
2051-05-01,Bekaa,401.35688749152496,34.23014895273578
2051-06-01,Bekaa,510.7884713014166,22.07633721312925
2051-07-01,Bekaa,759.9090939688601,37.60508270502174
2051-08-01,Bekaa,671.5834381008601,33.510658120427706
2051-09-01,Bekaa,618.2040588937996,25.907898648968178
2051-10-01,Bekaa,910.9325396182986,42.878956179591775
2051-11-01,Bekaa,932.1971166471254,52.9542391764282
2051-12-01,Bekaa,798.5471733098911,43.26154435697789
2052-01-01,Bekaa,919.1700503581612,45.54829092629049
2052-02-01,Bekaa,527.6621191980202,32.00041472397305
2052-03-01,Bekaa,590.2028518729809,41.05538870413635
2052-04-01,Bekaa,424.5469648832541,22.241953142219963
2052-05-01,Bekaa,710.0090703946806,33.790350444501925
2052-06-01,Bekaa,589.2496672982419,28.437551240518317
2052-07-01,Bekaa,728.7842840514517,29.874248629011262
2052-08-01,Bekaa,898.363908805111,43.33557499790753
2052-09-01,Bekaa,874.6006910008751,49.0068593264924
2052-10-01,Bekaa,794.8631109485739,39.069222435323454
2052-11-01,Bekaa,943.6018999543932,46.99721052182818
2052-12-01,Bekaa,543.5784378811084,30.882059138746353
2053-01-01,Bekaa,704.7324237215742,33.37804008180245
2053-02-01,Bekaa,600.3100338679906,27.847594821823108
2053-03-01,Bekaa,433.1213716253727,24.670168211980588
2053-04-01,Bekaa,839.1352091273989,39.77213231895453
2053-05-01,Bekaa,775.0226976783473,37.11921008142566
2053-06-01,Bekaa,949.8820432742717,54.71697339409275
2053-07-01,Bekaa,767.7699640909161,29.24899674587157
2053-08-01,Bekaa,859.4264273463833,42.724059799837335
2053-09-01,Bekaa,560.7041950966561,26.466715921934657
2053-10-01,Bekaa,833.9040162411375,41.82986764782949
2053-11-01,Bekaa,845.1196283533956,41.054611518340224
2053-12-01,Bekaa,705.6418288337421,37.32988505621712
2054-01-01,Bekaa,530.7657948909567,32.414883771935145
2054-02-01,Bekaa,613.8630026665869,33.2824284984048
2054-03-01,Bekaa,869.5189246940729,43.584419251541675
2054-04-01,Bekaa,620.7792245229068,30.145526365425933
2054-05-01,Bekaa,888.4704639104409,41.59600269001491
2054-06-01,Bekaa,890.8845650339886,50.20001091812857
2054-07-01,Bekaa,974.4938964539151,59.52556080342676
2054-08-01,Bekaa,597.0122189031006,29.90971105542337
2054-09-01,Bekaa,630.523517317507,42.695614208683395
2054-10-01,Bekaa,386.93705788608077,23.842525918229793
2054-11-01,Bekaa,761.6682323739922,35.27692661266321
2054-12-01,Bekaa,825.8546885704836,45.51354806163259
2055-01-01,Bekaa,827.818808183441,40.63457953402376
2055-02-01,Bekaa,633.4323400920783,31.181996709547732
2055-03-01,Bekaa,443.94198044868926,23.471492100017986
2055-04-01,Bekaa,706.7685118303696,34.821893194269975
2055-05-01,Bekaa,732.874905283994,36.98270315874072
2055-06-01,Bekaa,823.7974655487229,43.83935687822378
2055-07-01,Bekaa,881.3286748921086,48.06529430186988
2055-08-01,Bekaa,843.8587798313462,50.785075203418884
2055-09-01,Bekaa,741.0259550162709,39.038647709697614
2055-10-01,Bekaa,477.68919389807957,42.90612813166538
2055-11-01,Bekaa,453.8619400523524,43.978428809543836
2055-12-01,Bekaa,418.4251687229824,20.099426251972094
2056-01-01,Bekaa,770.642281106729,32.330990554600334
2056-02-01,Bekaa,607.9221158717112,29.0238817771913
2056-03-01,Bekaa,693.5994299054536,27.994016034797014
2056-04-01,Bekaa,842.0301981407564,37.24666116429228
2056-05-01,Bekaa,837.4163094007179,42.94898859853602
2056-06-01,Bekaa,905.381248868398,47.50033637459029
2056-07-01,Bekaa,814.93397711394,37.42128417439662
2056-08-01,Bekaa,949.4726847132772,50.392011270720005
2056-09-01,Bekaa,563.4004610322612,33.0273283423737
2056-10-01,Bekaa,627.932596571462,46.06549773083408
2056-11-01,Bekaa,646.366302972239,41.121470182360376
2056-12-01,Bekaa,492.5954009811169,23.928295610775777
2057-01-01,Bekaa,715.4422252154866,34.55313614030433
2057-02-01,Bekaa,742.4513264841834,34.97172752357286
2057-03-01,Bekaa,905.1849961051479,42.91275341894641
2057-04-01,Bekaa,832.7816151229808,41.88609393734601
2057-05-01,Bekaa,779.8270202185857,38.114708254204295
2057-06-01,Bekaa,657.7296398917434,36.16454075865519
2057-07-01,Bekaa,552.5592937026964,31.372680574412275
2057-08-01,Bekaa,605.8366214728669,31.8798179470156
2057-09-01,Bekaa,826.6272931550936,42.59293112106474
2057-10-01,Bekaa,595.8536139535136,30.30631812793044
2057-11-01,Bekaa,620.6561479648071,27.962319856663086
2057-12-01,Bekaa,966.9789252580797,53.86810919998125
2058-01-01,Bekaa,937.8432674739202,53.954214294001986
2058-02-01,Bekaa,827.6834898445848,48.38777912599606
2058-03-01,Bekaa,574.880753619487,32.24236773320965
2058-04-01,Bekaa,324.3618231519025,27.665990437409484
2058-05-01,Bekaa,840.533187552273,39.580960866042986
2058-06-01,Bekaa,788.0834700363005,38.5320511165646
2058-07-01,Bekaa,485.0966515171808,30.282859232711697
2058-08-01,Bekaa,734.2002015666184,31.721573462671778
2058-09-01,Bekaa,601.4072652261611,28.906692206404685
2058-10-01,Bekaa,939.5383423896221,52.18817629793415
2058-11-01,Bekaa,864.8049058728685,45.631367064261696
2058-12-01,Bekaa,772.9998394761095,43.76448108467935
2059-01-01,Bekaa,475.8927262960217,23.689894606584584
2059-02-01,Bekaa,743.0004499501387,37.314350205531866
2059-03-01,Bekaa,985.9318368713936,55.5614227000696
2059-04-01,Bekaa,696.9946850534958,31.918576764133313
2059-05-01,Bekaa,895.2870497484955,45.05921647451913
2059-06-01,Bekaa,598.8677819176447,31.11193473981276
2059-07-01,Bekaa,543.4045826360139,32.08494180576896
2059-08-01,Bekaa,744.1875733082594,36.09410644895706
2059-09-01,Bekaa,755.8834694556712,39.62040821658465
2059-10-01,Bekaa,443.5762915585103,26.341386585842255
2059-11-01,Bekaa,729.0309861264295,27.51334139528984
2059-12-01,Bekaa,930.6028305631233,52.53624028651376
2060-01-01,Bekaa,902.298296369343,48.59024341358399
2060-02-01,Bekaa,780.610329499373,47.277948943894145
2060-03-01,Bekaa,753.9790216619173,38.28061821366274
2060-04-01,Bekaa,464.4646396886142,36.87918526128402
2060-05-01,Bekaa,834.5426199879591,46.31400806053303
2060-06-01,Bekaa,435.4560109657583,23.78801505211498
2060-07-01,Bekaa,794.657965053115,35.263652397468576
2060-08-01,Bekaa,911.5022490384409,50.80087305614161
2060-09-01,Bekaa,665.2347847254471,34.70585167170311
2060-10-01,Bekaa,578.9899845546145,33.711380388902256
2060-11-01,Bekaa,526.0637982669975,30.483271217883612
2060-12-01,Bekaa,731.6161977011801,34.51703393927299
2061-01-01,Bekaa,651.6193444178775,31.703461783035113
2061-02-01,Bekaa,831.9345168321527,41.68831345008835
2061-03-01,Bekaa,1002.7193256877393,52.546609658979904
2061-04-01,Bekaa,712.2444854358846,37.000376009135096
2061-05-01,Bekaa,706.0955981599028,42.62243758560578
2061-06-01,Bekaa,373.0915215065778,41.16379873499793
2061-07-01,Bekaa,553.1565334055716,30.149731442946404
2061-08-01,Bekaa,522.4612013883832,24.190591384348934
2061-09-01,Bekaa,777.2829805522092,38.41700693318477
2061-10-01,Bekaa,568.061066164335,25.273041281302625
2061-11-01,Bekaa,719.7345339031843,27.721155853538903
2061-12-01,Bekaa,866.63875756773,39.209098148151284
2062-01-01,Bekaa,837.0732101642668,42.7211076758437
2062-02-01,Bekaa,855.3923488680081,44.97388856629452
2062-03-01,Bekaa,786.5930469531569,31.542551817367695
2062-04-01,Bekaa,808.5543075675517,28.520692390229122
2062-05-01,Bekaa,998.4334947136259,58.210630403204064
2062-06-01,Bekaa,655.2813935321842,32.6653045602546
2062-07-01,Bekaa,558.3695283083316,40.76260242469093
2062-08-01,Bekaa,687.754995167929,41.070081357285886
2062-09-01,Bekaa,608.9050814601741,30.444379422207632
2062-10-01,Bekaa,589.8798719757552,26.391126476794177
2062-11-01,Bekaa,757.7648609807354,38.81625880146193
2062-12-01,Bekaa,770.148327997995,39.354315166403055
2063-01-01,Bekaa,902.8087731373043,45.55011716515743
2063-02-01,Bekaa,638.244732326358,34.089442862688514
2063-03-01,Bekaa,576.3601975270641,29.50838472163717
2063-04-01,Bekaa,495.2839265979476,28.54876268634083
2063-05-01,Bekaa,937.5253654453941,48.19023504506423
2063-06-01,Bekaa,825.8276797985902,37.29848290845093
2063-07-01,Bekaa,939.5461925001521,57.31166579849378
2063-08-01,Bekaa,614.748143800753,29.9086679125107
2063-09-01,Bekaa,594.1259583343183,33.93036652358572
2063-10-01,Bekaa,355.9558006892035,22.727521392671544
2063-11-01,Bekaa,774.3927125843453,39.86544189575454
2063-12-01,Bekaa,659.2526162304415,30.712221879200268
2064-01-01,Bekaa,752.6090401347376,36.069664989946645
2064-02-01,Bekaa,923.3915982593333,49.06643963075646
2064-03-01,Bekaa,782.1204602026583,44.170780816544934
2064-04-01,Bekaa,906.3604815371682,48.78396066711666
2064-05-01,Bekaa,714.0799291112033,32.778680601497875
2064-06-01,Bekaa,506.1942901815199,42.91903000689685
2064-07-01,Bekaa,585.6495681820691,40.016442003751614
2064-08-01,Bekaa,556.4926656931884,24.469373544068755
2064-09-01,Bekaa,742.8857724613472,33.7222329167968
2064-10-01,Bekaa,768.1199253120963,41.26245995999862
2064-11-01,Bekaa,629.7590373228161,29.873981194355185
2064-12-01,Bekaa,907.2267933852378,43.2275373070091
2065-01-01,Bekaa,562.8996459387984,26.080460491419302
2065-02-01,Bekaa,539.6517906356507,24.93243591230255
2065-03-01,Bekaa,976.9395627072163,52.42247565237241
2065-04-01,Bekaa,456.944343592629,20.51850670082715
2065-05-01,Bekaa,994.4195081265374,48.50889304179124
2065-06-01,Bekaa,794.9668641576767,30.98574104309159
2065-07-01,Bekaa,763.8695570750624,42.91045732250691
2065-08-01,Bekaa,775.2209266931993,36.21871474575572
2065-09-01,Bekaa,778.5548082498251,38.4795201534285
2065-10-01,Bekaa,776.5752079993191,38.38889083334744
2065-11-01,Bekaa,775.0532746822998,39.503410725937755
2065-12-01,Bekaa,697.6325751539056,38.646290040897114
2066-01-01,Bekaa,460.73781343846576,28.41925930105822
2066-02-01,Bekaa,897.4518686908074,45.615001836357
2066-03-01,Bekaa,722.2339432208832,37.47756808795507
2066-04-01,Bekaa,600.2656505507632,38.699836073694684
2066-05-01,Bekaa,751.3569749531413,38.68508579650323
2066-06-01,Bekaa,744.5221636836465,40.47300763064405
2066-07-01,Bekaa,489.7179512007267,27.545494133140505
2066-08-01,Bekaa,857.5938382567118,38.601798370378326
2066-09-01,Bekaa,663.081164542213,34.569117207929565
2066-10-01,Bekaa,975.0185363583572,51.19613556767061
2066-11-01,Bekaa,941.723088535587,55.58214075944839
2066-12-01,Bekaa,784.7548584839466,42.14088381007447
2067-01-01,Bekaa,962.6125071353085,48.57261636691524
2067-02-01,Bekaa,819.933728979261,43.12674251491791
2067-03-01,Bekaa,519.0808779191113,30.062776763692263
2067-04-01,Bekaa,840.6019720871967,44.58323302303989
2067-05-01,Bekaa,741.7908192821067,38.438253951717584
2067-06-01,Bekaa,469.9147573356703,28.353882609193032
2067-07-01,Bekaa,724.7373599376639,36.822797919958035
2067-08-01,Bekaa,803.3017052889358,41.17767283124432
2067-09-01,Bekaa,735.0993411496316,39.81151465775659
2067-10-01,Bekaa,824.2567244626669,40.97764648389139
2067-11-01,Bekaa,876.2436148326364,48.73009253070016
2067-12-01,Bekaa,769.952075234745,39.126050083431274
2068-01-01,Bekaa,593.4628984739225,30.761980978166157
2068-02-01,Bekaa,497.0327445780472,26.45574519087721
2068-03-01,Bekaa,829.3252059670336,42.42156017547991
2068-04-01,Bekaa,739.1737680982134,40.23566749983996
2068-05-01,Bekaa,677.2387016433751,38.07386610634032
2068-06-01,Bekaa,592.9388349761975,32.01423858387521
2068-07-01,Bekaa,952.6851365881381,46.99106691243601
2068-08-01,Bekaa,986.3523941914659,59.511500537198785
2068-09-01,Bekaa,713.8279570319537,34.4312923199782
2068-10-01,Bekaa,465.6068033227904,28.19255006721822
2068-11-01,Bekaa,572.0412917865567,32.21277557137549
2068-12-01,Bekaa,775.7567104608413,37.991516917821
2069-01-01,Bekaa,521.7885073014278,25.411251807072986
2069-02-01,Bekaa,573.4330944251748,29.541543663912094
2069-03-01,Bekaa,817.8952803477188,40.538468542262805
2069-04-01,Bekaa,809.3714327090837,40.013147090585534
2069-05-01,Bekaa,749.6219358383777,35.64961823023481
2069-06-01,Bekaa,872.9280684992066,39.56243843041522
2069-07-01,Bekaa,753.0976683433217,36.6600011363027
2069-08-01,Bekaa,988.2660095968175,50.259759661899764
2069-09-01,Bekaa,483.5437020291864,22.808625015361713
2069-10-01,Bekaa,692.9384835363543,37.35714566066291
2069-11-01,Bekaa,624.8979524448994,33.77733923134476
2069-12-01,Bekaa,876.5087070266881,44.64703909037793
2070-01-01,Bekaa,696.6535071727689,38.27305616631567
2070-02-01,Bekaa,782.6255571745921,43.86533793343108
2070-03-01,Bekaa,589.9960316532481,31.719494564544117
2070-04-01,Bekaa,564.572213544589,29.504924324043024
2070-05-01,Bekaa,830.3234875054118,38.688665874799824
2070-06-01,Bekaa,630.458410806398,34.09490975897303
2070-07-01,Bekaa,956.874350817267,45.4210481764985
2070-08-01,Bekaa,784.9876719018328,35.079908535806304
2070-09-01,Bekaa,956.0485521270376,56.7449968804311
2070-10-01,Bekaa,852.104030889983,42.072482594778364
2070-11-01,Bekaa,552.935934320503,37.28341496025916
2070-12-01,Bekaa,539.6882963944092,47.39795174995798
2071-01-01,Bekaa,585.6589553771782,29.461019236720176
2071-02-01,Bekaa,649.623275404022,33.685297383466946
2071-03-01,Bekaa,999.0538181331295,55.720991059838
2071-04-01,Bekaa,623.7208750324219,28.243545866776042
2071-05-01,Bekaa,831.3625017851414,42.19877380910894
2071-06-01,Bekaa,820.9953054647796,37.61428777633324
2071-07-01,Bekaa,748.7880674541069,42.188431032354444
2071-08-01,Bekaa,676.0931893606511,37.684940761882764
2071-09-01,Bekaa,602.6954793433099,36.061166182533526
2071-10-01,Bekaa,834.7473816122732,40.38649769079035
2071-11-01,Bekaa,739.6099158475901,40.78271469285983
2071-12-01,Bekaa,504.5362425354157,32.00849686523692
2072-01-01,Bekaa,643.3878173286987,33.892005164603276
2072-02-01,Bekaa,888.8673611071675,46.28928882408978
2072-03-01,Bekaa,370.39904338654316,21.45347007880123
2072-04-01,Bekaa,827.8141969297031,29.406274919358616
2072-05-01,Bekaa,780.7515765930352,37.91883379294853
2072-06-01,Bekaa,816.8212424979323,47.06917556248598
2072-07-01,Bekaa,833.35368506587,43.497005057491734
2072-08-01,Bekaa,842.478477879134,45.232842145436436
2072-09-01,Bekaa,812.951412486031,48.75844060424471
2072-10-01,Bekaa,445.9993681580836,32.525026956672875
2072-11-01,Bekaa,710.1225401741598,46.65454841779351
2072-12-01,Bekaa,442.0892994677313,22.614337431567996
2073-01-01,Bekaa,866.9407397916849,43.033435893196966
2073-02-01,Bekaa,746.4667403640956,38.66918008339435
2073-03-01,Bekaa,716.902565357578,36.67126737526741
2073-04-01,Bekaa,423.03927704653233,24.974562042023628
2073-05-01,Bekaa,768.8725477971753,37.46175841491605
2073-06-01,Bekaa,734.2965438322138,37.39510512889145
2073-07-01,Bekaa,692.5685951115211,33.76704816847404
2073-08-01,Bekaa,787.3373252648055,36.780098504896856
2073-09-01,Bekaa,898.2133843080952,46.35126274240273
2073-10-01,Bekaa,935.3571429586566,57.57649111975317
2073-11-01,Bekaa,789.460368444087,39.23993735335413
2073-12-01,Bekaa,476.45656185723595,35.782311623376415
2074-01-01,Bekaa,486.8849396334417,35.8197524752277
2074-02-01,Bekaa,734.1472819403882,30.461645949229496
2074-03-01,Bekaa,956.6361576033532,52.28403019781578
2074-04-01,Bekaa,505.28856309316683,27.81550414063298
2074-05-01,Bekaa,686.1856318124628,38.261853461551006
2074-06-01,Bekaa,828.9165061565731,43.50391107728466
2074-07-01,Bekaa,623.4542457537909,31.729289174130628
2074-08-01,Bekaa,506.60718952663456,28.888929226098604
2074-09-01,Bekaa,529.2244284331849,25.535418319550274
2074-10-01,Bekaa,814.6162397730474,38.982422897720625
2074-11-01,Bekaa,840.4938821037452,44.17615315029912
2074-12-01,Bekaa,767.9451368370786,45.17044860589515
2075-01-01,Bekaa,569.2031749026332,26.815656091459317
2075-02-01,Bekaa,899.105112947601,43.07433418756332
2075-03-01,Bekaa,630.4463886091528,30.53721470881647
2075-04-01,Bekaa,1017.5346251970867,54.74674877082941
2075-05-01,Bekaa,353.82545635817036,18.92613131416503
2075-06-01,Bekaa,744.6594033782269,34.78563289650824
2075-07-01,Bekaa,493.59214543491566,29.460768054998994
2075-08-01,Bekaa,791.9700981868183,37.09274439325044
2075-09-01,Bekaa,988.6272244729533,52.51266171059257
2075-10-01,Bekaa,866.1403029970139,48.80992990200768
2075-11-01,Bekaa,820.1485365492183,47.103853415404274
2075-12-01,Bekaa,570.4697051480383,34.60117981586852
2076-01-01,Bekaa,585.9663722930385,45.08377318161338
2076-02-01,Bekaa,387.64098772752266,22.466908536630303
2076-03-01,Bekaa,902.4045747888262,41.529138115836616
2076-04-01,Bekaa,736.5164233399913,37.154775935605315
2076-05-01,Bekaa,482.2157707444261,29.971352527340642
2076-06-01,Bekaa,570.9115346207707,28.33426531676882
2076-07-01,Bekaa,554.0737886282693,31.599779878689876
2076-08-01,Bekaa,894.5978868981904,46.89502979765188
2076-09-01,Bekaa,808.2361859555143,45.296512279137126
2076-10-01,Bekaa,722.2528822987354,41.4667268458209
2076-11-01,Bekaa,878.9666699566236,42.43345141366851
2076-12-01,Bekaa,709.4272838814153,36.781907013289356
2077-01-01,Bekaa,693.7705952525343,32.39887167597964
2077-02-01,Bekaa,499.43273746099203,23.161600345360167
2077-03-01,Bekaa,721.5790902942232,33.203263407586334
2077-04-01,Bekaa,657.340208534402,33.788252338360294
2077-05-01,Bekaa,883.8867130073322,44.91834785512286
2077-06-01,Bekaa,959.4017570326603,52.55460905802974
2077-07-01,Bekaa,796.8108166940594,34.40249655195414
2077-08-01,Bekaa,757.965505414212,40.330141377794625
2077-09-01,Bekaa,532.3601633187754,29.477072703782696
2077-10-01,Bekaa,749.6878657876541,36.98172502756766
2077-11-01,Bekaa,933.6568529345608,47.395847733658215
2077-12-01,Bekaa,780.2967093493178,41.27853263507512
2078-01-01,Bekaa,326.78783668093973,22.54460199807056
2078-02-01,Bekaa,788.2537570493358,39.2560499219981
2078-03-01,Bekaa,457.35611757224814,27.13505729057313
2078-04-01,Bekaa,719.9644927354233,32.235136654718715
2078-05-01,Bekaa,710.4830962997615,31.539162341671293
2078-06-01,Bekaa,789.6533274546672,38.08763677481916
2078-07-01,Bekaa,848.261319441731,45.136793210336016
2078-08-01,Bekaa,906.0925896533472,45.07341267438444
2078-09-01,Bekaa,819.073126302486,40.3574788142963
2078-10-01,Bekaa,905.0570338139211,48.8711384548408
2078-11-01,Bekaa,512.625012894292,31.843189741909313
2078-12-01,Bekaa,723.5304740635235,49.56893014151794
2079-01-01,Bekaa,731.2178732116298,37.404189041960976
2079-02-01,Bekaa,702.7775266160927,37.90008233869263
2079-03-01,Bekaa,769.1857836760857,38.928557716383196
2079-04-01,Bekaa,533.8089478785832,29.560673368289308
2079-05-01,Bekaa,527.0771761717795,30.169953049040984
2079-06-01,Bekaa,846.2130444480568,40.1115305381534
2079-07-01,Bekaa,882.615324476739,46.05120992351752
2079-08-01,Bekaa,910.5354228380608,54.281223344188504
2079-09-01,Bekaa,787.7387239235144,38.007088706994665
2079-10-01,Bekaa,677.17754763547,38.70142738377534
2079-11-01,Bekaa,359.12288112103624,26.729010217968273
2079-12-01,Bekaa,691.6744510533906,32.82189124523863
2080-01-01,Bekaa,597.2127260968825,34.01324762633812
2080-02-01,Bekaa,527.9770842970822,26.54329088594589
2080-03-01,Bekaa,724.0177298751619,27.318097843416098
2080-04-01,Bekaa,823.6067023732561,36.99872116485437
2080-05-01,Bekaa,833.2980206457481,39.46096840275591
2080-06-01,Bekaa,905.5726158985209,47.970386027291525
2080-07-01,Bekaa,860.3772788463144,41.869539584380675
2080-08-01,Bekaa,871.4309481189675,43.689008365162245
2080-09-01,Bekaa,702.4043993344674,37.361708302751175
2080-10-01,Bekaa,584.0008253872575,35.1747414558683
2080-11-01,Bekaa,879.1620992817061,47.57754963568124
2080-12-01,Bekaa,555.1031961293783,31.646201215843135
2081-01-01,Bekaa,798.5777503138437,39.32281550102746
2081-02-01,Bekaa,833.1133509127208,41.342962224097505
2081-03-01,Bekaa,698.495648145183,35.657165502186515
2081-04-01,Bekaa,905.1438241967737,44.1381744740566
2081-05-01,Bekaa,593.175847928738,31.78966734974432
2081-06-01,Bekaa,654.5150470776471,35.40313508477975
2081-07-01,Bekaa,494.17170866512885,29.66943948617915
2081-08-01,Bekaa,826.4006829714025,40.241223048496664
2081-09-01,Bekaa,636.8002021970822,30.906231685561153
2081-10-01,Bekaa,881.6107848082881,44.330866315151056
2081-11-01,Bekaa,838.7357318244142,41.51474392567343
2081-12-01,Bekaa,931.1779197792932,55.401765687929014
2082-01-01,Bekaa,730.3268582185358,34.66173529622657
2082-02-01,Bekaa,586.883709859553,35.54693809769522
2082-03-01,Bekaa,457.16678168960493,25.749080879284243
2082-04-01,Bekaa,917.7440201397148,45.034219460643044
2082-05-01,Bekaa,957.3593010020364,53.17132519526791
2082-06-01,Bekaa,413.2786252803382,25.832938635670182
2082-07-01,Bekaa,800.8255718234377,43.5423862068114
2082-08-01,Bekaa,793.5492330085387,40.749121353961215
2082-09-01,Bekaa,694.4845710396196,42.2179256765792
2082-10-01,Bekaa,799.2599413876642,41.77127138489665
2082-11-01,Bekaa,378.52453908768916,25.116651109076926
2082-12-01,Bekaa,808.9824405187649,41.570597875226795
2083-01-01,Bekaa,844.4742724136005,42.00964874845525
2083-02-01,Bekaa,665.313285830747,34.034900968243434
2083-03-01,Bekaa,901.9467431677058,43.324738722947885
2083-04-01,Bekaa,637.9789813817724,33.41387928079632
2083-05-01,Bekaa,471.78352280883314,27.21109886281174
2083-06-01,Bekaa,864.7388112359586,41.44747746074124
2083-07-01,Bekaa,526.2694382253569,28.284402790035383
2083-08-01,Bekaa,843.6733415560291,37.38102860972859
2083-09-01,Bekaa,774.982239416385,37.865722156774645
2083-10-01,Bekaa,753.8469970757309,41.90674107482707
2083-11-01,Bekaa,850.3475823828647,35.57578705714259
2083-12-01,Bekaa,968.5536135136956,53.961767476111845
2084-01-01,Bekaa,775.7440844089399,39.41314192550357
2084-02-01,Bekaa,570.5593226685994,32.645369596830065
2084-03-01,Bekaa,631.6205016442273,36.65102212854025
2084-04-01,Bekaa,628.7165646027831,29.119992768952244
2084-05-01,Bekaa,918.1402036900297,48.1358172639402
2084-06-01,Bekaa,602.3477963010598,33.52400621259915
2084-07-01,Bekaa,890.8926896239078,51.257089983703466
2084-08-01,Bekaa,728.9527046046409,38.6476715403636
2084-09-01,Bekaa,936.2340497111478,48.545137086618084
2084-10-01,Bekaa,551.1797877407128,29.854208760279654
2084-11-01,Bekaa,563.3290963910794,33.480767495607196
2084-12-01,Bekaa,734.2695899561983,36.57634728037277
2085-01-01,Bekaa,565.9848766167833,27.273957827306972
2085-02-01,Bekaa,891.4354451680344,44.07692159503739
2085-03-01,Bekaa,780.3269020821256,37.98151840777847
2085-04-01,Bekaa,458.5302306073227,25.817111232156726
2085-05-01,Bekaa,944.6605669583865,44.243059095584435
2085-06-01,Bekaa,723.0073163477829,33.58513793337639
2085-07-01,Bekaa,854.5078115884984,44.405254520648484
2085-08-01,Bekaa,681.1300508393865,34.60438903174148
2085-09-01,Bekaa,814.102139877149,42.1414009489122
2085-10-01,Bekaa,480.43269773655925,26.57536974681974
2085-11-01,Bekaa,663.303547743311,35.98246060651086
2085-12-01,Bekaa,852.0243769712487,42.09530467045694
2086-01-01,Bekaa,641.3998729047622,32.76871016470654
2086-02-01,Bekaa,826.6891059135327,37.43621471141151
2086-03-01,Bekaa,966.0185767712836,55.55795343723824
2086-04-01,Bekaa,984.1742904467187,60.16201982394972
2086-05-01,Bekaa,548.2265816489141,32.846075612369724
2086-06-01,Bekaa,515.5229113891746,50.71931878389286
2086-07-01,Bekaa,276.9178960478123,20.619221705783385
2086-08-01,Bekaa,762.6844099685435,31.581945976486043
2086-09-01,Bekaa,587.8397490199393,29.83980865995832
2086-10-01,Bekaa,586.3380448339012,24.107649702475534
2086-11-01,Bekaa,860.9988648710081,35.73743727011772
2086-12-01,Bekaa,870.6553242610767,41.816448633760295
2087-01-01,Bekaa,845.9390042259187,42.87384389279598
2087-02-01,Bekaa,766.592447511416,40.16664867301766
2087-03-01,Bekaa,784.1948656341806,39.62158286051606
2087-04-01,Bekaa,716.2142259454405,37.94009263179763
2087-05-01,Bekaa,696.3795767423862,36.85298848530441
2087-06-01,Bekaa,709.9229936582399,37.60147455347396
2087-07-01,Bekaa,520.8572536298827,31.137769518605964
2087-08-01,Bekaa,744.8923814837467,37.273061840727905
2087-09-01,Bekaa,499.19646560280233,28.29934071474795
2087-10-01,Bekaa,597.0769960389425,24.08149577514248
2087-11-01,Bekaa,851.1642134614963,38.012803829921296
2087-12-01,Bekaa,850.3809590765868,42.175724192341775
2088-01-01,Bekaa,834.1122363057549,48.286910456928055
2088-02-01,Bekaa,812.7588377465959,38.97583602646755
2088-03-01,Bekaa,918.6134610528209,49.08640414497171
2088-04-01,Bekaa,522.0270573385474,31.74277763255803
2088-05-01,Bekaa,783.6224114201467,49.071826739906015
2088-06-01,Bekaa,541.9218449757668,39.28425024158901
2088-07-01,Bekaa,608.9530055615216,31.383404556367157
2088-08-01,Bekaa,621.971453197666,27.664202614570492
2088-09-01,Bekaa,698.0424826736785,36.07053673827309
2088-10-01,Bekaa,574.911852134279,28.984721069319697
2088-11-01,Bekaa,608.440332958447,23.708920883194253
2088-12-01,Bekaa,813.5238667000649,33.76633747195705
2089-01-01,Bekaa,884.4039968641448,44.95141518994653
2089-02-01,Bekaa,827.6943592283955,44.52718994842587
2089-03-01,Bekaa,557.6614538281133,31.688101282015143
2089-04-01,Bekaa,644.9659091287402,34.36662041447185
2089-05-01,Bekaa,606.9872939681072,32.19957375561815
2089-06-01,Bekaa,968.5189742147835,52.90603001643595
2089-07-01,Bekaa,807.604663776933,39.80469729033584
2089-08-01,Bekaa,782.6916518115021,42.7121183253045
2089-09-01,Bekaa,630.4275593230564,34.84346379396125
2089-10-01,Bekaa,367.06845558258726,23.981877104522226
2089-11-01,Bekaa,697.3014981146998,36.1670850817368
2089-12-01,Bekaa,542.9950593873858,30.761568744635518
2090-01-01,Bekaa,651.8618195102624,27.215936327253775
2090-02-01,Bekaa,864.9092629366274,41.077362672121055
2090-03-01,Bekaa,918.5510993356035,49.09275165481991
2090-04-01,Bekaa,772.8631487403075,47.70531247939002
2090-05-01,Bekaa,882.197621742314,46.47248008596546
2090-06-01,Bekaa,534.7282342487608,32.33490898945075
2090-07-01,Bekaa,713.0621595361948,48.459702795546846
2090-08-01,Bekaa,475.55964555727496,33.950750659029296
2090-09-01,Bekaa,409.1408210407992,19.238313255104206
2090-10-01,Bekaa,792.7687783133987,36.30738780349064
2090-11-01,Bekaa,572.2704546285672,24.66079913378055
2090-12-01,Bekaa,783.886570384275,33.64479359215679
2091-01-01,Bekaa,971.2012965974193,49.097642310685245
2091-02-01,Bekaa,678.0627436655138,35.686447380718036
2091-03-01,Bekaa,470.4538348559823,25.615763964458296
2091-04-01,Bekaa,819.688069925962,39.0305108994709
2091-05-01,Bekaa,639.0406127631688,34.2720859573962
2091-06-01,Bekaa,834.7009396996272,41.37537648644609
2091-07-01,Bekaa,723.9455966916904,34.05640655619511
2091-08-01,Bekaa,730.9243998487391,36.09593416536354
2091-09-01,Bekaa,857.8320863665035,39.8962737132597
2091-10-01,Bekaa,987.5697102823945,55.23584390815428
2091-11-01,Bekaa,670.1697045590481,33.67676016002588
2091-12-01,Bekaa,718.2671121928524,37.678215001913266
2092-01-01,Bekaa,585.2463030635139,32.263591111109875
2092-02-01,Bekaa,561.5341658736008,29.31311309651224
2092-03-01,Bekaa,721.4809364646593,38.20114283954164
2092-04-01,Bekaa,670.5562813307423,36.73213018384902
2092-05-01,Bekaa,775.9317185193703,37.42338671315686
2092-06-01,Bekaa,942.4012173144479,50.36186059894111
2092-07-01,Bekaa,834.2424493279728,49.64676692429322
2092-08-01,Bekaa,851.3168240018697,44.52242340588158
2092-09-01,Bekaa,457.8397502559496,35.34491559442868
2092-10-01,Bekaa,451.14876618637504,37.72757959782295
2092-11-01,Bekaa,709.4578608853678,29.247321216037335
2092-12-01,Bekaa,943.6951131549522,48.68656717103816
2093-01-01,Bekaa,998.6099300649786,51.54087804737247
2093-02-01,Bekaa,618.3859838329355,32.38910366210479
2093-03-01,Bekaa,544.3021851344477,28.782723684225267
2093-04-01,Bekaa,945.9973913753557,49.02850232562096
2093-05-01,Bekaa,839.0708711585796,43.74629848314495
2093-06-01,Bekaa,901.2652108444194,42.73358106460962
2093-07-01,Bekaa,517.7668901873205,31.787310674183832
2093-08-01,Bekaa,617.7652212464093,41.00767895250738
2093-09-01,Bekaa,416.4064002636431,23.756580398478985
2093-10-01,Bekaa,714.1080906965313,36.01228178697315
2093-11-01,Bekaa,527.8417934061649,26.044189850880812
2093-12-01,Bekaa,768.2733043947593,31.43789178184939
2094-01-01,Bekaa,813.7481712568872,37.55619387684277
2094-02-01,Bekaa,814.7128016221542,41.953280615143235
2094-03-01,Bekaa,883.4074170979795,45.692238738080526
2094-04-01,Bekaa,844.4486909345306,39.83420523241642
2094-05-01,Bekaa,874.0403138799643,46.00280572830647
2094-06-01,Bekaa,667.7383112339833,34.89043477582204
2094-07-01,Bekaa,634.6245138709596,36.185987245025416
2094-08-01,Bekaa,697.2501155730489,32.45815351725736
2094-09-01,Bekaa,745.6941906753634,33.82721505593403
2094-10-01,Bekaa,859.1157715737311,44.97991101744471
2094-11-01,Bekaa,647.6724405934999,35.914829189313195
2094-12-01,Bekaa,631.8935537405646,34.50153602707614
2095-01-01,Bekaa,651.1892901109404,33.65761420271376
2095-02-01,Bekaa,964.3727434579972,52.713577536746385
2095-03-01,Bekaa,652.4430570647494,34.359904997279116
2095-04-01,Bekaa,766.165577165393,40.80881099615096
2095-05-01,Bekaa,766.0983297150486,39.05926086376933
2095-06-01,Bekaa,544.6077355904615,31.81362417578681
2095-07-01,Bekaa,453.28064760198754,27.493413819562996
2095-08-01,Bekaa,603.0743157962297,33.82027062011315
2095-09-01,Bekaa,528.73733730918,25.29138345710696
2095-10-01,Bekaa,815.7581838237123,35.11566499258615
2095-11-01,Bekaa,829.1402068587392,39.05418699300148
2095-12-01,Bekaa,921.2464869371632,51.30685942544612
2096-01-01,Bekaa,828.0705057833015,49.6988826988196
2096-02-01,Bekaa,760.6861451195746,44.95926092488458
2096-03-01,Bekaa,430.3377389001977,32.69559116567084
2096-04-01,Bekaa,780.8119071627727,43.659132515737106
2096-05-01,Bekaa,297.1742828323122,19.301987821423506
2096-06-01,Bekaa,765.992545358466,35.304754592290955
2096-07-01,Bekaa,625.5779476836065,24.974216297772116
2096-08-01,Bekaa,880.4288765585613,44.93284251797452
2096-09-01,Bekaa,911.2425915362949,47.044704552684834
2096-10-01,Bekaa,788.0515206354021,49.95723935198883
2096-11-01,Bekaa,816.7517443165968,45.482611338820355
2096-12-01,Bekaa,508.81405871136576,32.147285108966
2097-01-01,Bekaa,642.7628277595795,31.604986728015998
2097-02-01,Bekaa,541.0626970397544,27.43390148211761
2097-03-01,Bekaa,943.4758041230125,47.23057902635854
2097-04-01,Bekaa,609.3131225201007,27.71311508338205
2097-05-01,Bekaa,1021.0052523853923,55.66016371220526
2097-06-01,Bekaa,717.4343417261384,30.68719974715206
2097-07-01,Bekaa,897.7300809996607,45.63634341742015
2097-08-01,Bekaa,479.7702691787584,26.83288863507185
2097-09-01,Bekaa,509.9227633080033,29.04653245828365
2097-10-01,Bekaa,687.6410313255494,35.8719421267309
2097-11-01,Bekaa,434.0012153073279,26.089810361605373
2097-12-01,Bekaa,735.9293119265762,27.743061854704933
2098-01-01,Bekaa,811.8654073348771,36.451190816406125
2098-02-01,Bekaa,832.7202964274423,39.48666724791177
2098-03-01,Bekaa,967.8911849558948,52.09845714220748
2098-04-01,Bekaa,819.743020699672,52.91016712713774
2098-05-01,Bekaa,721.1265835732526,43.949770452696654
2098-06-01,Bekaa,397.8247220241693,33.692906712079186
2098-07-01,Bekaa,810.0595525377099,42.11756232603261
2098-08-01,Bekaa,426.6512885681948,22.375117870473666
2098-09-01,Bekaa,760.914621763112,34.219126507794556
2098-10-01,Bekaa,762.9699234291487,36.461369586272085
2098-11-01,Bekaa,770.7034351146341,37.10688444661338
2098-12-01,Bekaa,888.4275353339762,46.13163240048142
2099-01-01,Bekaa,708.8267229779314,36.66817045239921
2099-02-01,Bekaa,974.8334274583073,52.19729271687348
2099-03-01,Bekaa,649.5774373460322,34.44982805346179
2099-04-01,Bekaa,789.7245823040932,42.175422774276356
2099-05-01,Bekaa,513.1460571187362,29.322655046838033
2099-06-01,Bekaa,471.56388440162664,27.07491699882479
2099-07-01,Bekaa,515.3573454216329,32.001769627727896
2099-08-01,Bekaa,505.38402702471694,24.84181545745871
2099-09-01,Bekaa,830.1902003140352,36.11350654306943
2099-10-01,Bekaa,791.1066958202739,36.08322732535087
2099-11-01,Bekaa,886.2324687629788,47.92638489989882
2099-12-01,Bekaa,861.0414091763281,45.70275881957939
2100-01-01,Bekaa,892.1500248097759,53.84404008093399
2100-02-01,Bekaa,548.279995338045,34.43225863083497
2100-03-01,Bekaa,563.2376398586109,43.15070229603947
2100-04-01,Bekaa,714.6608921863013,42.97553111876714
2100-05-01,Bekaa,564.9256881019503,30.421202737040332
2100-06-01,Bekaa,473.6601932884039,21.29493895178735
2100-07-01,Bekaa,724.5086637106151,35.27016539174484
2100-08-01,Bekaa,561.951154961614,25.485047519216334
2100-09-01,Bekaa,776.945810070564,32.54309135504437
2100-10-01,Bekaa,812.3998736014512,35.58550187959413
2100-11-01,Bekaa,838.151914163669,40.89494268588335
2100-12-01,Bekaa,884.2890448959643,46.99091915848237
2101-01-01,Bekaa,772.2596234594205,38.41057372604348
2101-02-01,Bekaa,824.3696452833676,41.00642008882241
2101-03-01,Bekaa,546.6887285273237,28.577914541393152
2101-04-01,Bekaa,771.3260641610066,36.857237889010975
2101-05-01,Bekaa,704.6437668788752,36.16107149582383
2101-06-01,Bekaa,800.0117953304535,40.05648037010781
2101-07-01,Bekaa,674.0595166704803,34.5276943870278
2101-08-01,Bekaa,746.7611469569096,36.046067206011486
2101-09-01,Bekaa,991.345887926714,52.78011409714762
2101-10-01,Bekaa,879.5437354243954,46.28944839835971
2101-11-01,Bekaa,693.4088314176203,36.987805102759765
2101-12-01,Bekaa,359.2094244724387,31.494901167320187
2102-01-01,Bekaa,614.1300162163627,29.945028682960906
2102-02-01,Bekaa,828.6361529084842,40.0715896894066
2102-03-01,Bekaa,589.2543059999188,33.94216024416492
2102-04-01,Bekaa,600.4465050202814,26.81625597251108
2102-05-01,Bekaa,876.8833713928926,41.662805207532685
2102-06-01,Bekaa,971.3686192330517,57.22318777597765
2102-07-01,Bekaa,865.4214414768015,49.49944145712307
2102-08-01,Bekaa,790.1178014770051,40.847034943956515
2102-09-01,Bekaa,440.6250891662526,39.91852989129585
2102-10-01,Bekaa,416.0793031755801,41.81529910800101
2102-11-01,Bekaa,399.3045502028913,20.503392948909756
2102-12-01,Bekaa,787.6923369067462,34.41988571475752
2103-01-01,Bekaa,910.1445092920178,45.59824949309379
2103-02-01,Bekaa,822.6408094027989,43.111018539171994
2103-03-01,Bekaa,639.181859856831,35.21839240639089
2103-04-01,Bekaa,580.925256383771,32.77253255948709
2103-05-01,Bekaa,636.2889568868311,32.44738520911639
2103-06-01,Bekaa,640.414052730652,35.02146889206432
2103-07-01,Bekaa,666.7902594238217,33.71194924162375
2103-08-01,Bekaa,850.7005628773256,41.20760778225092
2103-09-01,Bekaa,967.7512553633005,55.20006676582092
2103-10-01,Bekaa,823.891008124549,44.48041991194203
2103-11-01,Bekaa,717.8989804361099,38.73627810881939
2103-12-01,Bekaa,423.1263419087742,32.08374204366544
2104-01-01,Bekaa,630.8495439359523,31.044940142155266
2104-02-01,Bekaa,582.700753760497,32.854985175773955
2104-03-01,Bekaa,685.7073789247888,35.74836515252861
2104-04-01,Bekaa,577.8741160459199,24.411097907215304
2104-05-01,Bekaa,908.0945325261309,43.09513203407708
2104-06-01,Bekaa,930.416843329028,49.610525834545456
2104-07-01,Bekaa,810.0536786787819,52.76122523171483
2104-08-01,Bekaa,818.1910593374786,43.1140829561704
2104-09-01,Bekaa,439.0007201411986,35.0456000677721
2104-10-01,Bekaa,627.7987055254292,40.648400438846835
2104-11-01,Bekaa,384.0381163695193,21.24827973076874
2104-12-01,Bekaa,801.9099849941346,35.93846391173676
2105-01-01,Bekaa,568.0704259115053,27.988439800586804
2105-02-01,Bekaa,717.901560542368,36.29873680950528
2105-03-01,Bekaa,544.0723909898422,29.14627228714589
2105-04-01,Bekaa,319.2676778246491,23.025625336908313
2105-05-01,Bekaa,709.326275466204,30.015854540636177
2105-06-01,Bekaa,811.2143971196655,36.54726043706005
2105-07-01,Bekaa,855.6127009216265,43.68862420488279
2105-08-01,Bekaa,768.9417714991217,48.333618436751365
2105-09-01,Bekaa,878.9917024769151,46.31719363577342
2105-10-01,Bekaa,650.7760339426197,36.703353623838936
2105-11-01,Bekaa,574.3987952600595,38.656563373293395
2105-12-01,Bekaa,739.8932334730819,47.464154386423985
2106-01-01,Bekaa,510.90078826746134,31.768931559891087
2106-02-01,Bekaa,536.3505172304573,22.801640685973354
2106-03-01,Bekaa,763.1388929411161,36.65406438244561
2106-04-01,Bekaa,746.4228785577077,37.091906628333334
2106-05-01,Bekaa,551.7543279981044,23.69059348278528
2106-06-01,Bekaa,826.9627069686483,32.20803562454286
2106-07-01,Bekaa,853.5989554351089,43.12848601157081
2106-08-01,Bekaa,854.3145232026512,46.0572116891142
2106-09-01,Bekaa,844.8829173281832,39.36582372185174
2106-10-01,Bekaa,797.3812946564914,28.759561774453335
2106-11-01,Bekaa,849.9257624576023,34.12155570697169
2106-12-01,Bekaa,886.7582614808554,44.7916872559082
2107-01-01,Bekaa,579.0224829142911,28.44757043611435
2107-02-01,Bekaa,752.216699295871,38.649682471672584
2107-03-01,Bekaa,638.0785076082822,33.04413387706022
2107-04-01,Bekaa,887.409985342479,42.295257140833044
2107-05-01,Bekaa,833.5121145692935,40.356991226249306
2107-06-01,Bekaa,985.8141401093214,51.287689827501424
2107-07-01,Bekaa,695.2875879405486,36.053292374344274
2107-08-01,Bekaa,447.84881028224953,32.3093239148392
2107-09-01,Bekaa,705.1115346538833,35.76721412439392
2107-10-01,Bekaa,554.9733399303664,29.447198331897095
2107-11-01,Bekaa,837.3026749336052,42.49913100113864
2107-12-01,Bekaa,440.22885072006,23.127444063898206
2108-01-01,Bekaa,721.8699286549781,26.251216780557
2108-02-01,Bekaa,848.4982500504545,40.75769403835116
2108-03-01,Bekaa,806.6546357151693,40.720826471839985
2108-04-01,Bekaa,850.2385591694901,45.7158616401878
2108-05-01,Bekaa,801.5754495146252,38.81027328880015
2108-06-01,Bekaa,921.9478366723471,51.21560067352257
2108-07-01,Bekaa,590.9385938756266,33.05929638778231
2108-08-01,Bekaa,652.4706147954212,42.778167297658726
2108-09-01,Bekaa,671.2862867141546,40.81817268665331
2108-10-01,Bekaa,520.3627241144316,25.136113259849814
2108-11-01,Bekaa,584.1311207532922,27.147012062961792
2108-12-01,Bekaa,703.3499259342487,35.90921897169365
2109-01-01,Bekaa,456.0301076432119,22.419975970797463
2109-02-01,Bekaa,721.5731615394174,34.58661718619818
2109-03-01,Bekaa,614.5195024695819,31.968100934312925
2109-04-01,Bekaa,677.050957741189,32.58579520272416
2109-05-01,Bekaa,984.1238411349908,53.29461995941875
2109-06-01,Bekaa,857.3764505804965,36.27106544906839
2109-07-01,Bekaa,769.221026829654,37.09812115962325
2109-08-01,Bekaa,846.8694344592961,41.25515204945181
2109-09-01,Bekaa,622.9047380166908,31.11571428594676
2109-10-01,Bekaa,682.6458907139663,33.54255081131997
2109-11-01,Bekaa,930.0550794941139,45.984445822027695
2109-12-01,Bekaa,745.3380262199883,40.00536932246615
2110-01-01,Bekaa,503.21791802927606,31.213917473691186
2110-02-01,Bekaa,414.3615562623335,26.108588411572928
2110-03-01,Bekaa,562.4267728471519,32.391229841497605
2110-04-01,Bekaa,552.9583318386585,25.163734383942476
2110-05-01,Bekaa,800.2476829174984,35.975790993043745
2110-06-01,Bekaa,792.8843890321133,35.4351858724024
2110-07-01,Bekaa,917.7517604584892,49.18971370935378
2110-08-01,Bekaa,821.1310629706585,46.58110288252027
2110-09-01,Bekaa,874.0872498555108,47.54711232123228
2110-10-01,Bekaa,620.5718827923349,33.6195971104433
2110-11-01,Bekaa,654.8073676271033,37.684716175873234
2110-12-01,Bekaa,744.6742801611194,36.781578999512284
2111-01-01,Bekaa,848.3958692382976,42.38789295960448
2111-02-01,Bekaa,550.7895329452039,28.441073694772992
2111-03-01,Bekaa,620.8040923555649,29.604203160569917
2111-04-01,Bekaa,741.5126069732532,36.11295394328283
2111-05-01,Bekaa,983.2618111653923,53.74762767110764
2111-06-01,Bekaa,933.951479110886,50.46448458497831
2111-07-01,Bekaa,806.2233736989198,39.9394370757353
2111-08-01,Bekaa,499.47404660906074,33.829664816485305
2111-09-01,Bekaa,661.7482926284478,39.836712617009624
2111-10-01,Bekaa,490.43516584460406,25.980555178128988
2111-11-01,Bekaa,764.9996985119933,37.76833604839382
2111-12-01,Bekaa,597.9654583737174,30.91079432764942
2112-01-01,Bekaa,843.3326577382026,40.100330788467815
2112-02-01,Bekaa,905.6875678667014,48.702028144746606
2112-03-01,Bekaa,759.0416293073561,38.53477422193011
2112-04-01,Bekaa,723.9821573463266,32.17006876861663
2112-05-01,Bekaa,553.6036877784536,26.477469454680264
2112-06-01,Bekaa,766.2039493839977,35.326091740735485
2112-07-01,Bekaa,767.5182664910557,38.284805560708776
2112-08-01,Bekaa,669.4941009905676,37.421765852285475
2112-09-01,Bekaa,888.8975538399752,43.50271427026021
2112-10-01,Bekaa,1004.0250241419777,58.33216394022756
2112-11-01,Bekaa,799.6519528512637,38.833275624302146
2112-12-01,Bekaa,498.0214193378046,32.86084657511468
2113-01-01,Bekaa,848.3730874489972,40.48960926487456
2113-02-01,Bekaa,511.20589955645255,24.52418582824899
2113-03-01,Bekaa,763.7486763520759,33.88647325657916
2113-04-01,Bekaa,775.4294761330838,37.65917542744778
2113-05-01,Bekaa,783.7952236435623,38.17837691036545
2113-06-01,Bekaa,946.8499243580894,45.48730991454597
2113-07-01,Bekaa,847.3974779081638,43.69160292458808
2113-08-01,Bekaa,929.7888344866278,46.6101128937771
2113-09-01,Bekaa,526.719474631825,35.49018728164329
2113-10-01,Bekaa,565.7521729906525,48.72148438536135
2113-11-01,Bekaa,615.770634421255,33.47546608375076
2113-12-01,Bekaa,664.6592563422545,29.556836198113388
2114-01-01,Bekaa,507.827771922294,28.227807115634768
2114-02-01,Bekaa,659.5673891939311,34.027486674849996
2114-03-01,Bekaa,548.2863083639957,24.087290685204074
2114-04-01,Bekaa,834.8820960964734,36.75351018094011
2114-05-01,Bekaa,831.8630972950929,38.242691251303995
2114-06-01,Bekaa,876.5688180129142,48.11747213305678
2114-07-01,Bekaa,794.8407134304184,37.65228122797113
2114-08-01,Bekaa,926.2182419047898,45.54512603660361
2114-09-01,Bekaa,717.7170006010962,36.600032239140575
2114-10-01,Bekaa,593.4429438223303,35.41265634955203
2114-11-01,Bekaa,703.0891705145459,38.64051729392856
2114-12-01,Bekaa,612.1626577466131,27.628595389283827
2017-01-01,Kesrouan,789.5888642673247,121.7145710230069
2017-02-01,Kesrouan,594.2434765270409,97.94459097559235
2017-03-01,Kesrouan,626.8328001641511,96.63788578367466
2017-04-01,Kesrouan,1007.1489723145082,166.52728236295397
2017-05-01,Kesrouan,825.2830157254268,167.3793095695574
2017-06-01,Kesrouan,908.5511373185271,149.0053367766081
2017-07-01,Kesrouan,953.4588989481208,135.70600494202685
2017-08-01,Kesrouan,687.3067959638172,139.50315832712275
2017-09-01,Kesrouan,802.6468520157956,131.92777775158032
2017-10-01,Kesrouan,795.8595507144141,88.0700567630943
2017-11-01,Kesrouan,771.4050632139098,99.55774035729618
2017-12-01,Kesrouan,794.1108456850745,131.45702533834924
2018-01-01,Kesrouan,684.0328135584318,136.0653336634382
2018-02-01,Kesrouan,817.3716776352001,132.7133921097759
2018-03-01,Kesrouan,876.8039965560253,125.48971109191018
2018-04-01,Kesrouan,826.2847093317187,127.13086158297816
2018-05-01,Kesrouan,602.7321787043236,126.3341610962307
2018-06-01,Kesrouan,795.2015161514053,120.4507951598764
2018-07-01,Kesrouan,744.3207604331908,97.67598389232501
2018-08-01,Kesrouan,854.4469414302976,93.53005913018451
2018-09-01,Kesrouan,638.7955418957355,106.29964090794262
2018-10-01,Kesrouan,756.8993008764999,144.38179457649773
2018-11-01,Kesrouan,757.1789726050871,161.4827362547987
2018-12-01,Kesrouan,719.0306366150273,123.46655223403384
2019-01-01,Kesrouan,860.0961273257391,131.980943486356
2019-02-01,Kesrouan,833.873295125048,129.84310570453755
2019-03-01,Kesrouan,813.5062525256641,125.60858055410554
2019-04-01,Kesrouan,587.1632344004603,90.74592481189498
2019-05-01,Kesrouan,830.8430135815729,110.32889387163983
2019-06-01,Kesrouan,869.5112729009421,142.98452668734717
2019-07-01,Kesrouan,758.453157845248,162.97068604686552
2019-08-01,Kesrouan,909.202484538416,144.1402043915679
2019-09-01,Kesrouan,795.240865886185,159.75926048487318
2019-10-01,Kesrouan,925.1382824072258,173.79263035198574
2019-11-01,Kesrouan,613.4162300382768,85.82610147064335
2019-12-01,Kesrouan,595.7943065931136,82.70648873728112
2020-01-01,Kesrouan,522.5292536250931,107.23592208022913
2020-02-01,Kesrouan,656.361643624118,136.66057960187416
2020-03-01,Kesrouan,790.025582969604,134.80079366131184
2020-04-01,Kesrouan,809.4191595899712,129.8305615987816
2020-05-01,Kesrouan,913.5787522692351,171.2464336342258
2020-06-01,Kesrouan,809.6557507502486,130.1133144231402
2020-07-01,Kesrouan,897.6780101569914,139.20181858582893
2020-08-01,Kesrouan,607.6504028002053,89.60110705108337
2020-09-01,Kesrouan,709.7967532349193,86.72835400516641
2020-10-01,Kesrouan,685.6543182823203,111.2340929261309
2020-11-01,Kesrouan,665.9212006141704,137.41370276996594
2020-12-01,Kesrouan,841.8101859053018,176.02028503137706
2021-01-01,Kesrouan,895.6651902709542,137.42393611939843
2021-02-01,Kesrouan,944.5163725487887,146.81810199354155
2021-03-01,Kesrouan,994.6052060554232,146.08836147872296
2021-04-01,Kesrouan,857.4499808496944,113.28403944064597
2021-05-01,Kesrouan,868.0469559369166,136.81390867622665
2021-06-01,Kesrouan,730.4703577215417,111.39051523513862
2021-07-01,Kesrouan,828.5241245598959,104.74213612791702
2021-08-01,Kesrouan,720.5424689117476,105.46583994466835
2021-09-01,Kesrouan,615.2312101575898,121.99760199396002
2021-10-01,Kesrouan,741.4611117289041,131.86673221547937
2021-11-01,Kesrouan,796.831538438636,122.01186999729063
2021-12-01,Kesrouan,836.5657602513345,130.41357825672787
2022-01-01,Kesrouan,827.6773661347318,163.68445300011473
2022-02-01,Kesrouan,774.0610647219208,129.0961537229763
2022-03-01,Kesrouan,968.0805283042207,154.86104393786837
2022-04-01,Kesrouan,657.4365460393025,89.89803312553713
2022-05-01,Kesrouan,541.9842482125362,85.12173342704317
2022-06-01,Kesrouan,678.3604331413268,122.9983000835972
2022-07-01,Kesrouan,757.7830156715376,138.19440218614017
2022-08-01,Kesrouan,747.9636026064587,132.90178599437024
2022-09-01,Kesrouan,790.6262471679518,138.2215749688328
2022-10-01,Kesrouan,816.390609202952,142.00260807767216
2022-11-01,Kesrouan,774.8831855671691,111.91385569406452
2022-12-01,Kesrouan,782.3150059591485,126.24268448875877
2023-01-01,Kesrouan,876.3702343633358,134.45576350879094
2023-02-01,Kesrouan,912.6002883811497,142.24889313259254
2023-03-01,Kesrouan,869.6339680489227,130.65916947344002
2023-04-01,Kesrouan,907.8075751566677,118.83580573147054
2023-05-01,Kesrouan,659.6491766984569,107.46481838815981
2023-06-01,Kesrouan,508.10050132319145,97.40309151756892
2023-07-01,Kesrouan,768.7851733587469,103.01129711462742
2023-08-01,Kesrouan,801.7351207727393,123.20218459391552
2023-09-01,Kesrouan,790.565216362846,121.7897317346393
2023-10-01,Kesrouan,822.4657436585953,134.37949632389257
2023-11-01,Kesrouan,864.8088036120373,148.41132568678944
2023-12-01,Kesrouan,834.3471813764575,133.07727509960256
2024-01-01,Kesrouan,836.2506104076684,117.34109483756842
2024-02-01,Kesrouan,857.8169400042692,145.41261196879557
2024-03-01,Kesrouan,634.5167333917548,120.17296644720707
2024-04-01,Kesrouan,585.0041376828086,88.13613950345594
2024-05-01,Kesrouan,775.3341236727141,102.231554400476
2024-06-01,Kesrouan,669.7117274807623,118.90491446225576
2024-07-01,Kesrouan,761.8637028364524,146.41056527115964
2024-08-01,Kesrouan,867.6793632445725,170.82082043975794
2024-09-01,Kesrouan,692.3487711039619,121.44333835814982
2024-10-01,Kesrouan,743.2458580180062,117.17524610990782
2024-11-01,Kesrouan,633.5843065815692,131.23934964743367
2024-12-01,Kesrouan,601.9674986168219,152.9645181943853
2025-01-01,Kesrouan,815.7506656629099,125.42148264924819
2025-02-01,Kesrouan,821.7290800191123,127.92664815948658
2025-03-01,Kesrouan,773.024596931405,122.12842564660656
2025-04-01,Kesrouan,764.8038108374355,111.9841534251273
2025-05-01,Kesrouan,849.631702418464,121.94680509007148
2025-06-01,Kesrouan,908.2431675695794,149.0905780098738
2025-07-01,Kesrouan,781.6775965701834,120.83433180467645
2025-08-01,Kesrouan,712.0071665118815,121.35431922168856
2025-09-01,Kesrouan,786.9725644595209,149.17252427578944
2025-10-01,Kesrouan,739.7125474857355,88.91863311799244
2025-11-01,Kesrouan,734.7840459993746,101.43559360027652
2025-12-01,Kesrouan,953.6362895235147,148.00489543767353
2026-01-01,Kesrouan,1003.2238538684903,145.9745597863481
2026-02-01,Kesrouan,791.0390322211699,100.3996289677026
2026-03-01,Kesrouan,627.4698223911461,97.74997088645978
2026-04-01,Kesrouan,597.438020335469,150.14524265195433
2026-05-01,Kesrouan,531.9518960638991,146.35389672322697
2026-06-01,Kesrouan,789.0842162375632,109.87998666402227
2026-07-01,Kesrouan,669.3543417858119,114.28950575761729
2026-08-01,Kesrouan,597.21529661303,126.37300686622403
2026-09-01,Kesrouan,711.8152045677945,148.39416618149852
2026-10-01,Kesrouan,774.1015407460683,155.41432336265194
2026-11-01,Kesrouan,736.0875147630925,154.25846837818418
2026-12-01,Kesrouan,809.2771767365706,129.00060272637847
2027-01-01,Kesrouan,819.6649435737647,125.98734591501548
2027-02-01,Kesrouan,857.5811935610175,133.8010858958133
2027-03-01,Kesrouan,869.7399800356463,138.97156211048562
2027-04-01,Kesrouan,1004.9793166340355,148.15094990878546
2027-05-01,Kesrouan,911.3762230178463,124.52762036089963
2027-06-01,Kesrouan,824.3317939614196,111.95705705633424
2027-07-01,Kesrouan,792.3350393178276,100.02231547088478
2027-08-01,Kesrouan,917.9508668080115,118.62310305714004
2027-09-01,Kesrouan,1033.627190629298,157.32259850733527
2027-10-01,Kesrouan,993.5810570548653,163.9574645805542
2027-11-01,Kesrouan,757.0608530076622,120.36233231660414
2027-12-01,Kesrouan,653.7165530443554,98.47073123979908
2028-01-01,Kesrouan,494.61054640571075,106.26232952905296
2028-02-01,Kesrouan,566.30048369317,121.96808788938407
2028-03-01,Kesrouan,673.769290517099,125.91252753765323
2028-04-01,Kesrouan,727.3665154037465,132.50925696186692
2028-05-01,Kesrouan,938.7635680315299,174.92826316206714
2028-06-01,Kesrouan,800.5386494989415,144.67876955584723
2028-07-01,Kesrouan,849.3082461907119,147.13057982483897
2028-08-01,Kesrouan,509.15914293563156,112.72082926547228
2028-09-01,Kesrouan,505.8204692846959,88.18847996811608
2028-10-01,Kesrouan,852.2437786411393,103.20091056505915
2028-11-01,Kesrouan,632.6515630024988,119.34527553934367
2028-12-01,Kesrouan,685.7023967596989,147.06689342436835
2029-01-01,Kesrouan,858.0526160544352,131.67220076647033
2029-02-01,Kesrouan,899.1136067421436,140.3689950536593
2029-03-01,Kesrouan,1033.5506029523026,157.95496937474593
2029-04-01,Kesrouan,821.6316559888165,105.72043577530766
2029-05-01,Kesrouan,467.9715502836988,86.24042069075249
2029-06-01,Kesrouan,454.1603213241157,83.77587680953378
2029-07-01,Kesrouan,836.2004905308111,112.4233713502774
2029-08-01,Kesrouan,827.9458453627287,134.5380337696408
2029-09-01,Kesrouan,775.71832913323,120.90673550281181
2029-10-01,Kesrouan,859.0534649437014,131.72039654121693
2029-11-01,Kesrouan,836.5906794035922,149.5815281450434
2029-12-01,Kesrouan,791.6481435897746,114.34646773492437
2030-01-01,Kesrouan,861.15786623394,124.78331960824897
2030-02-01,Kesrouan,873.4644781880638,132.81776127038592
2030-03-01,Kesrouan,830.3168252676564,132.98139093840254
2030-04-01,Kesrouan,688.5447287649591,94.8440694909026
2030-05-01,Kesrouan,628.8714895090999,103.32273877344646
2030-06-01,Kesrouan,733.5514630727288,117.42226168170825
2030-07-01,Kesrouan,734.5765975764834,118.98059173184936
2030-08-01,Kesrouan,752.4466566479415,140.46357712201038
2030-09-01,Kesrouan,749.4010998049187,149.23555046016764
2030-10-01,Kesrouan,740.1298376964241,142.62310116853118
2030-11-01,Kesrouan,793.6025372148684,130.31729368669403
2030-12-01,Kesrouan,853.4811482975974,135.9494963047784
2031-01-01,Kesrouan,762.3511749533583,118.00924269276501
2031-02-01,Kesrouan,584.5330671548181,96.7483344341357
2031-03-01,Kesrouan,506.65420498904723,88.4181312453747
2031-04-01,Kesrouan,643.0326073000302,103.03235067224125
2031-05-01,Kesrouan,862.1165496650074,168.80456328529218
2031-06-01,Kesrouan,771.7245774288754,177.22048453005232
2031-07-01,Kesrouan,841.3042708000016,172.43462086788625
2031-08-01,Kesrouan,1013.8680627160657,153.078167058961
2031-09-01,Kesrouan,735.8522610714392,158.50719734427116
2031-10-01,Kesrouan,845.3613762812828,167.19963909573974
2031-11-01,Kesrouan,689.5186874955742,89.79573019677191
2031-12-01,Kesrouan,798.6558456417744,85.3327916742546
2032-01-01,Kesrouan,834.4246841635642,130.19998918116218
2032-02-01,Kesrouan,683.455027112863,143.68678876387477
2032-03-01,Kesrouan,702.8658500391714,133.0467462184401
2032-04-01,Kesrouan,778.0812842264137,126.43225209085074
2032-05-01,Kesrouan,791.7079777124272,126.38687446072083
2032-06-01,Kesrouan,806.9882047762197,146.32912639353728
2032-07-01,Kesrouan,748.9959875980171,118.51675019169679
2032-08-01,Kesrouan,710.5747376155755,114.23715306673321
2032-09-01,Kesrouan,558.4052656195167,133.73055892305177
2032-10-01,Kesrouan,977.8900863373333,112.3741210637165
2032-11-01,Kesrouan,740.8306008623156,105.58131051661015
2032-12-01,Kesrouan,739.410701935224,128.70511323323694
2033-01-01,Kesrouan,751.1212252415559,116.5312389338683
2033-02-01,Kesrouan,775.743881823257,120.02178918826692
2033-03-01,Kesrouan,860.1637046877938,139.97391074035386
2033-04-01,Kesrouan,761.851172867238,121.90528177703666
2033-05-01,Kesrouan,879.8882695960586,132.98968031822957
2033-06-01,Kesrouan,649.2031243864905,101.67843697315958
2033-07-01,Kesrouan,816.8800523262512,108.36905768407209
2033-08-01,Kesrouan,780.7474927318184,127.37396781967578
2033-09-01,Kesrouan,848.6564062192248,158.64122121103236
2033-10-01,Kesrouan,680.1462705232537,167.01707711996178
2033-11-01,Kesrouan,909.0574043892545,123.33219520267046
2033-12-01,Kesrouan,850.5304813337931,139.52491489261277
2034-01-01,Kesrouan,803.3570478551405,166.41174454678054
2034-02-01,Kesrouan,444.9322453735592,85.17746666884491
2034-03-01,Kesrouan,611.8543482577846,82.80126948177113
2034-04-01,Kesrouan,700.2929827651049,122.28090194183966
2034-05-01,Kesrouan,735.3942132642613,131.9501823069388
2034-06-01,Kesrouan,736.89316362634,137.60167484983455
2034-07-01,Kesrouan,833.4940875736008,151.53173312470736
2034-08-01,Kesrouan,859.0581108873428,140.2100785949691
2034-09-01,Kesrouan,800.0846140976356,119.00492191747742
2034-10-01,Kesrouan,777.7048220053,132.6381030227922
2034-11-01,Kesrouan,690.5770475356724,161.67589225361522
2034-12-01,Kesrouan,731.4431901627892,170.60478917596149
2035-01-01,Kesrouan,811.0698774443312,124.74860630194522
2035-02-01,Kesrouan,821.3543072320499,127.8549688651193
2035-03-01,Kesrouan,803.312981783634,127.82506352137747
2035-04-01,Kesrouan,856.7434454507941,130.97756785367733
2035-05-01,Kesrouan,919.011057068332,145.54449013325637
2035-06-01,Kesrouan,894.5868385945814,133.84658578818255
2035-07-01,Kesrouan,882.3265452906994,125.91857034883246
2035-08-01,Kesrouan,794.8296294808473,88.25561722029201
2035-09-01,Kesrouan,839.9359700045625,94.85970683131379
2035-10-01,Kesrouan,817.1087594609554,118.58709377109932
2035-11-01,Kesrouan,602.7252801819471,120.18629303129481
2035-12-01,Kesrouan,747.2496055404982,129.42179308433836
2036-01-01,Kesrouan,813.0761507734194,123.04416676268445
2036-02-01,Kesrouan,824.6408899997349,138.6571525358067
2036-03-01,Kesrouan,765.0976315762032,144.81518976249941
2036-04-01,Kesrouan,743.7327669902284,147.1835499400317
2036-05-01,Kesrouan,707.5836650207092,154.27623308155984
2036-06-01,Kesrouan,668.7385078775446,86.17882803113051
2036-07-01,Kesrouan,631.7409580488102,95.88299286966847
2036-08-01,Kesrouan,721.2297869983136,117.00855682935179
2036-09-01,Kesrouan,685.7637795302321,129.52135122583044
2036-10-01,Kesrouan,778.4614772810576,145.2145043492859
2036-11-01,Kesrouan,916.7498903767432,170.92114272024588
2036-12-01,Kesrouan,771.1516481062043,138.4989146325448
2037-01-01,Kesrouan,728.019763236943,113.58737816955295
2037-02-01,Kesrouan,663.3161285034997,104.33325146434642
2037-03-01,Kesrouan,696.5549691402765,106.73354959534952
2037-04-01,Kesrouan,911.5951455136696,152.11598768782693
2037-05-01,Kesrouan,754.8017981086377,137.23789578291135
2037-06-01,Kesrouan,823.9028888916279,126.35000628244876
2037-07-01,Kesrouan,888.7670902530369,138.79488094841977
2037-08-01,Kesrouan,815.0036542398623,141.55275028114374
2037-09-01,Kesrouan,857.5956241435397,127.5074506760279
2037-10-01,Kesrouan,937.8512032507042,147.5228093148559
2037-11-01,Kesrouan,768.172894301296,124.0292886430301
2037-12-01,Kesrouan,734.1302350214942,108.1442541046032
2038-01-01,Kesrouan,792.71649944801,103.9119969187109
2038-02-01,Kesrouan,669.8400188790383,106.14802044838487
2038-03-01,Kesrouan,599.9520389900795,120.8614679086973
2038-04-01,Kesrouan,652.1957808257799,127.06486136962809
2038-05-01,Kesrouan,773.3136309403603,123.2480848951186
2038-06-01,Kesrouan,807.5020039070928,134.45062238162683
2038-07-01,Kesrouan,794.1434376836489,159.33424637537803
2038-08-01,Kesrouan,746.0508112948798,127.15625850664443
2038-09-01,Kesrouan,935.1298065662882,143.66951310945646
2038-10-01,Kesrouan,659.0407692607072,85.50290735406804
2038-11-01,Kesrouan,660.0659741575472,83.9096744911522
2038-12-01,Kesrouan,618.4063958675127,108.40474297517858
2039-01-01,Kesrouan,863.1858910264394,132.44819308643008
2039-02-01,Kesrouan,1029.9226841131551,160.0388253213411
2039-03-01,Kesrouan,933.2669943453956,134.15967493067666
2039-04-01,Kesrouan,836.600604828644,109.9896986844913
2039-05-01,Kesrouan,562.6447947818031,97.74162648862503
2039-06-01,Kesrouan,564.4635409311891,85.87333443025521
2039-07-01,Kesrouan,736.2645533730591,105.30172734080634
2039-08-01,Kesrouan,773.8433389085505,139.3003864031824
2039-09-01,Kesrouan,914.0618600148417,133.92171593425513
2039-10-01,Kesrouan,980.392419739755,133.03079099620663
2039-11-01,Kesrouan,651.729848993029,127.26530419790907
2039-12-01,Kesrouan,711.0645327043021,156.70376206981928
2040-01-01,Kesrouan,543.0357097302578,85.99601847431789
2040-02-01,Kesrouan,648.13959045461,84.21734130333172
2040-03-01,Kesrouan,717.5145807331786,110.34857809217308
2040-04-01,Kesrouan,706.8139870241391,126.86376138181066
2040-05-01,Kesrouan,820.4355366804461,164.5676142859653
2040-06-01,Kesrouan,881.4195303843698,168.67889604258968
2040-07-01,Kesrouan,872.9068945580261,121.03488466897286
2040-08-01,Kesrouan,844.9249391513454,135.07825558726316
2040-09-01,Kesrouan,495.8309161320268,88.87844551992238
2040-10-01,Kesrouan,867.0012666522035,87.94814297113945
2040-11-01,Kesrouan,682.887870023201,112.60616868086609
2040-12-01,Kesrouan,665.9337657799275,145.28451170753027
2041-01-01,Kesrouan,749.9971884527106,116.38492465549777
2041-02-01,Kesrouan,607.4026543358804,98.71259345821144
2041-03-01,Kesrouan,818.1321341375733,123.97856815304115
2041-04-01,Kesrouan,870.0673078830994,151.42310312505646
2041-05-01,Kesrouan,797.4904881117561,147.9971012199158
2041-06-01,Kesrouan,755.170165124922,109.6800176019187
2041-07-01,Kesrouan,812.9057995065727,97.6856670616805
2041-08-01,Kesrouan,928.2757726198774,118.43331538301727
2041-09-01,Kesrouan,775.6151328699256,139.9990906485453
2041-10-01,Kesrouan,712.5176571677372,163.30603914314287
2041-11-01,Kesrouan,834.7334986295376,130.02556681396808
2041-12-01,Kesrouan,976.5167172397399,122.1707925690928
2042-01-01,Kesrouan,695.2101092423,162.2999187231911
2042-02-01,Kesrouan,788.1205348974272,174.9007052533206
2042-03-01,Kesrouan,563.752711554075,83.55480528492068
2042-04-01,Kesrouan,526.442722015465,81.18132843267213
2042-05-01,Kesrouan,590.1723276252078,111.52439544376858
2042-06-01,Kesrouan,780.677310825601,131.09879086397993
2042-07-01,Kesrouan,784.1918264040503,138.03383518721895
2042-08-01,Kesrouan,907.1177229190247,174.27662376573699
2042-09-01,Kesrouan,824.5487454508499,130.64806500555224
2042-10-01,Kesrouan,889.5576046029075,138.88676713439347
2042-11-01,Kesrouan,548.4641077131109,86.61006528860788
2042-12-01,Kesrouan,848.8373164488925,86.15763081538546
2043-01-01,Kesrouan,855.0279659577982,131.2164621562298
2043-02-01,Kesrouan,894.1501902853876,139.6048499446913
2043-03-01,Kesrouan,754.4917165671258,115.75374890147665
2043-04-01,Kesrouan,886.9305346530261,122.15551895884363
2043-05-01,Kesrouan,969.4746633620288,155.6203780277185
2043-06-01,Kesrouan,858.1003425663866,128.34219305854506
2043-07-01,Kesrouan,798.1274751422083,92.91729912596354
2043-08-01,Kesrouan,670.2933503494894,83.57394849504486
2043-09-01,Kesrouan,553.1998729314447,91.15186906860953
2043-10-01,Kesrouan,688.8058167189813,122.24854829675513
2043-11-01,Kesrouan,823.0124163603847,126.77552778023716
2043-12-01,Kesrouan,825.4799051854968,135.02667314848688
2044-01-01,Kesrouan,821.3275578595698,163.36896751772963
2044-02-01,Kesrouan,814.0751694424632,127.64991369385932
2044-03-01,Kesrouan,885.5044411344129,156.3841930286403
2044-04-01,Kesrouan,561.5563065011221,87.57565271966348
2044-05-01,Kesrouan,560.0136068364216,83.10705039890887
2044-06-01,Kesrouan,647.9400964503773,108.39353152783137
2044-07-01,Kesrouan,714.6197354861552,128.3737581121859
2044-08-01,Kesrouan,808.2105807054719,148.28587851611775
2044-09-01,Kesrouan,867.2884704409366,169.56548678425366
2044-10-01,Kesrouan,769.8311442158017,108.87944140218427
2044-11-01,Kesrouan,683.0026107525232,105.72851425277184
2044-12-01,Kesrouan,535.4330101232911,150.24992358127466
2045-01-01,Kesrouan,785.218298376429,121.10901226468286
2045-02-01,Kesrouan,815.0422296507019,126.6642355203247
2045-03-01,Kesrouan,814.7400321347629,131.33146201855016
2045-04-01,Kesrouan,818.1904196123455,125.94017714307928
2045-05-01,Kesrouan,685.1374218556864,98.43673316759545
2045-06-01,Kesrouan,801.9199730151934,103.23984803173198
2045-07-01,Kesrouan,809.6885539280793,125.17828777242704
2045-08-01,Kesrouan,790.6104791168057,149.35027523244946
2045-09-01,Kesrouan,760.7804940371819,170.0752347387213
2045-10-01,Kesrouan,802.0165523284635,137.09104660724373
2045-11-01,Kesrouan,956.1705813867416,125.7935602656664
2045-12-01,Kesrouan,706.5989361480166,151.06963687802133
2046-01-01,Kesrouan,496.31141933347084,101.48366405622784
2046-02-01,Kesrouan,682.0501219129776,84.5136377272529
2046-03-01,Kesrouan,766.5923583531533,111.62501421018692
2046-04-01,Kesrouan,691.784922489317,127.69125055697916
2046-05-01,Kesrouan,870.986641579387,173.9331524567677
2046-06-01,Kesrouan,846.9110800579879,154.32677629130174
2046-07-01,Kesrouan,844.0797997671473,130.21379870109527
2046-08-01,Kesrouan,650.661422741708,119.12127889065442
2046-09-01,Kesrouan,632.6778196233806,94.80915750845992
2046-10-01,Kesrouan,956.6307409864837,90.93906858448756
2046-11-01,Kesrouan,669.1941623198164,109.73686343009842
2046-12-01,Kesrouan,738.1589720893293,148.88015858286295
2047-01-01,Kesrouan,808.6833406675137,124.40705451013346
2047-02-01,Kesrouan,693.2635292496935,109.07442827803484
2047-03-01,Kesrouan,664.8870557954751,102.48395256736323
2047-04-01,Kesrouan,813.2169369443669,126.43120063559245
2047-05-01,Kesrouan,659.651182901393,109.04062276885817
2047-06-01,Kesrouan,719.8327658240011,105.09522336201022
2047-07-01,Kesrouan,732.1627482825022,115.55274978000668
2047-08-01,Kesrouan,809.8427851783524,148.2424815342651
2047-09-01,Kesrouan,862.4245898070405,173.61248305543467
2047-10-01,Kesrouan,715.2108262248784,159.8867677742777
2047-11-01,Kesrouan,1001.0504673544876,134.28766515592656
2047-12-01,Kesrouan,649.3272625927235,161.6945372451141
2048-01-01,Kesrouan,756.4500522050062,175.80606936183477
2048-02-01,Kesrouan,532.667195401941,90.5982901013396
2048-03-01,Kesrouan,634.3008729951495,94.71704208078746
2048-04-01,Kesrouan,934.1942120672561,143.7650060314906
2048-05-01,Kesrouan,734.1183385900491,135.1297524424719
2048-06-01,Kesrouan,432.82664087500586,85.93889755609966
2048-07-01,Kesrouan,444.50795105086615,113.62179498992631
2048-08-01,Kesrouan,683.6946451758159,127.71094394718035
2048-09-01,Kesrouan,664.4046519807234,125.2446242069353
2048-10-01,Kesrouan,827.2676783772744,148.1081092201218
2048-11-01,Kesrouan,740.0262894676921,135.9392629553459
2048-12-01,Kesrouan,681.8231042123246,121.9798097815805
2049-01-01,Kesrouan,813.5845296367108,125.1097536741667
2049-02-01,Kesrouan,668.2166839349275,106.04898192140995
2049-03-01,Kesrouan,511.504886919417,88.89694379673406
2049-04-01,Kesrouan,974.4943942871638,155.30071728986002
2049-05-01,Kesrouan,825.030022976234,159.1154519849726
2049-06-01,Kesrouan,744.2951373500784,143.8388952158339
2049-07-01,Kesrouan,909.8725563190409,146.6560984133081
2049-08-01,Kesrouan,844.5432678419066,130.3269768560495
2049-09-01,Kesrouan,791.0173511508441,107.30548929441187
2049-10-01,Kesrouan,680.8187356687848,124.35374817378255
2049-11-01,Kesrouan,815.756930647517,105.01854659861003
2049-12-01,Kesrouan,1011.4221141751083,99.95048029216234
2050-01-01,Kesrouan,742.328354541941,121.40238050797191
2050-02-01,Kesrouan,807.1157570470983,151.74841237837228
2050-03-01,Kesrouan,826.4235244962729,126.19591306910041
2050-04-01,Kesrouan,832.9006034699714,128.69612390208968
2050-05-01,Kesrouan,824.9529425476403,143.79512533415127
2050-06-01,Kesrouan,625.216856494015,94.1969782498758
2050-07-01,Kesrouan,835.1414265598581,88.62679009613912
2050-08-01,Kesrouan,765.6719687605837,114.89978383837973
2050-09-01,Kesrouan,730.39433318923,137.08569763427272
2050-10-01,Kesrouan,826.6316064569334,157.528439213483
2050-11-01,Kesrouan,838.3816906773015,140.27927290932186
2050-12-01,Kesrouan,776.2543724791128,133.88658999289362
2051-01-01,Kesrouan,709.7757760954482,111.35798736636302
2051-02-01,Kesrouan,622.5283685770579,99.66510188621396
2051-03-01,Kesrouan,744.97661281055,112.48089879044143
2051-04-01,Kesrouan,1005.7327338278612,170.03053566401968
2051-05-01,Kesrouan,784.4976843604338,151.7556747553889
2051-06-01,Kesrouan,776.708759845846,92.27839028530435
2051-07-01,Kesrouan,907.5677459144586,97.72612058012113
2051-08-01,Kesrouan,804.7182389489469,101.92058956439037
2051-09-01,Kesrouan,892.88466339474,134.782509343419
2051-10-01,Kesrouan,713.6929401228074,159.76901701157226
2051-11-01,Kesrouan,869.18112933007,131.56398645843316
2051-12-01,Kesrouan,849.9533284259936,142.24808008870093
2052-01-01,Kesrouan,814.4243895394985,168.549022978854
2052-02-01,Kesrouan,437.81293508454075,92.99532994366437
2052-03-01,Kesrouan,630.0409650346184,82.20197055010114
2052-04-01,Kesrouan,605.3953603070529,112.48916371782062
2052-05-01,Kesrouan,729.4031985457592,138.56831679270442
2052-06-01,Kesrouan,756.0957638058167,135.07982054392667
2052-07-01,Kesrouan,789.7810373906681,136.8237079947095
2052-08-01,Kesrouan,917.9429827824383,158.48776987444052
2052-09-01,Kesrouan,806.0081922402538,142.49963464613677
2052-10-01,Kesrouan,762.4303671745163,106.22477056912864
2052-11-01,Kesrouan,533.8337144178696,119.70208871518065
2052-12-01,Kesrouan,627.7883511029149,123.79791041164087
2053-01-01,Kesrouan,752.322201672824,116.68782018378715
2053-02-01,Kesrouan,529.3050808535424,92.23752718836197
2053-03-01,Kesrouan,638.9231645596994,97.27446858523045
2053-04-01,Kesrouan,1045.7259318020178,171.69948247520094
2053-05-01,Kesrouan,837.6051845514403,169.62226536820174
2053-06-01,Kesrouan,972.7606125919447,147.4919747780951
2053-07-01,Kesrouan,887.1943679373819,137.74554082686237
2053-08-01,Kesrouan,709.7745090199097,134.8561906819554
2053-09-01,Kesrouan,735.4780514290607,93.84902297327876
2053-10-01,Kesrouan,698.4637480459834,82.38327016825795
2053-11-01,Kesrouan,673.8982506496868,103.8335901446241
2053-12-01,Kesrouan,544.8300646755273,129.55218270603524
2054-01-01,Kesrouan,656.1954455493144,139.55439843162887
2054-02-01,Kesrouan,750.0008488931553,133.71744629788287
2054-03-01,Kesrouan,808.7604914891931,130.4281610853248
2054-04-01,Kesrouan,954.992553101338,164.69105024279992
2054-05-01,Kesrouan,812.0732604846744,148.86032764764246
2054-06-01,Kesrouan,812.2643777117357,136.32405890121112
2054-07-01,Kesrouan,720.6734000507288,126.22571143338283
2054-08-01,Kesrouan,574.1838757284636,91.50345553371486
2054-09-01,Kesrouan,984.6554249960469,89.57075239361197
2054-10-01,Kesrouan,628.3744791291123,107.08503825066337
2054-11-01,Kesrouan,831.2172232239515,163.86243014191757
2054-12-01,Kesrouan,678.9038677611844,171.32598967336241
2055-01-01,Kesrouan,738.2461891222314,114.87417295579462
2055-02-01,Kesrouan,751.4595344103428,116.14895547702142
2055-03-01,Kesrouan,1025.5188926859157,166.91824032568178
2055-04-01,Kesrouan,927.7763336784411,142.4409854499268
2055-05-01,Kesrouan,755.2054320607443,96.73485196569281
2055-06-01,Kesrouan,835.9827647174407,136.15176084042548
2055-07-01,Kesrouan,788.4514527922395,97.23313172211061
2055-08-01,Kesrouan,831.8623054592332,88.75484450906468
2055-09-01,Kesrouan,851.2344825816162,140.4594385452088
2055-10-01,Kesrouan,762.3244255808784,134.98518957067986
2055-11-01,Kesrouan,813.6826575978613,126.95918400305717
2055-12-01,Kesrouan,781.5848888766144,122.26102515827947
2056-01-01,Kesrouan,864.8847577512636,138.09653126355096
2056-02-01,Kesrouan,849.4563532425487,127.67841913496073
2056-03-01,Kesrouan,811.290630160377,133.53399792086972
2056-04-01,Kesrouan,842.6555364687564,130.3749403325414
2056-05-01,Kesrouan,893.8469368731666,150.4647261095658
2056-06-01,Kesrouan,639.628855241574,139.97114150063285
2056-07-01,Kesrouan,560.2285521229157,86.44357468419076
2056-08-01,Kesrouan,619.5903371720962,87.47064779540892
2056-09-01,Kesrouan,654.7352817773318,111.59023671620753
2056-10-01,Kesrouan,613.4917618189902,132.69150716893458
2056-11-01,Kesrouan,719.1388307874005,156.22023936568942
2056-12-01,Kesrouan,850.0036594821073,171.1796295466521
2057-01-01,Kesrouan,902.1652173905172,138.4297692230878
2057-02-01,Kesrouan,1103.149935994276,167.90717067478278
2057-03-01,Kesrouan,1091.5146628963157,152.3190285886938
2057-04-01,Kesrouan,814.4966832382801,109.14348199081238
2057-05-01,Kesrouan,423.67202010914133,85.9418746416275
2057-06-01,Kesrouan,637.7425317301334,90.68755987539149
2057-07-01,Kesrouan,886.8939302485799,133.23065307885076
2057-08-01,Kesrouan,831.9759902922733,146.8181081066535
2057-09-01,Kesrouan,890.2080367126852,131.8474208947761
2057-10-01,Kesrouan,858.7057231014611,113.24146772890884
2057-11-01,Kesrouan,882.8902531191734,125.1219432194286
2057-12-01,Kesrouan,697.9152451239717,131.960843574209
2058-01-01,Kesrouan,625.448696121023,132.63011318545153
2058-02-01,Kesrouan,694.0081473078352,127.53448591370129
2058-03-01,Kesrouan,915.5161107676445,158.82567825152003
2058-04-01,Kesrouan,821.041409967119,135.1979808851339
2058-05-01,Kesrouan,844.8263184385967,143.30665100932828
2058-06-01,Kesrouan,826.8619326326036,131.26652243012632
2058-07-01,Kesrouan,807.0151653279563,134.90801764521038
2058-08-01,Kesrouan,706.6603189185498,137.9050808229732
2058-09-01,Kesrouan,677.2448787192811,100.14142640100283
2058-10-01,Kesrouan,1085.3095124118024,89.54129330704373
2058-11-01,Kesrouan,675.8727063041408,106.46014983230017
2058-12-01,Kesrouan,768.9994499109291,147.75799907155647
2059-01-01,Kesrouan,706.4834914878396,110.96485924888697
2059-02-01,Kesrouan,710.6799048852733,109.89529695294324
2059-03-01,Kesrouan,903.9665764477911,145.85838009341816
2059-04-01,Kesrouan,912.5761435528323,161.9135089157666
2059-05-01,Kesrouan,950.078763769841,135.2395989514042
2059-06-01,Kesrouan,850.7728447270794,123.87781795471554
2059-07-01,Kesrouan,855.5658395239032,109.3084779393536
2059-08-01,Kesrouan,604.015902207566,84.40366589952528
2059-09-01,Kesrouan,601.2181994184963,84.7399115101498
2059-10-01,Kesrouan,493.59227522778986,110.69046610514302
2059-11-01,Kesrouan,676.4614740710435,140.0461860631379
2059-12-01,Kesrouan,756.2682972583129,132.8791124620852
2060-01-01,Kesrouan,808.2010776389329,128.83333575674158
2060-02-01,Kesrouan,955.0908922417448,160.62678443031257
2060-03-01,Kesrouan,824.2408460949875,153.12430271497482
2060-04-01,Kesrouan,866.7308164178133,129.74305240097615
2060-05-01,Kesrouan,911.2913289567648,149.93619867513598
2060-06-01,Kesrouan,572.3517900893803,94.98188043052724
2060-07-01,Kesrouan,530.3302857503825,85.02505761784344
2060-08-01,Kesrouan,746.1111381691309,107.48344809687879
2060-09-01,Kesrouan,651.1864495697141,125.26712351552928
2060-10-01,Kesrouan,713.8152129122752,147.99187450918413
2060-11-01,Kesrouan,710.398895688062,148.76063501768712
2060-12-01,Kesrouan,638.9637109769324,111.42854490468439
2061-01-01,Kesrouan,751.7640548981024,116.61502524648591
2061-02-01,Kesrouan,576.0279281920773,95.8843316411892
2061-03-01,Kesrouan,789.7092364434849,117.7198326894745
2061-04-01,Kesrouan,886.5651945394172,152.60851500588393
2061-05-01,Kesrouan,781.2266584646385,147.73965362254395
2061-06-01,Kesrouan,827.7618378373003,135.83734515263458
2061-07-01,Kesrouan,754.3882387314793,102.95204577688875
2061-08-01,Kesrouan,981.2072900971995,141.92494099013334
2061-09-01,Kesrouan,771.6812152882235,131.0873837970498
2061-10-01,Kesrouan,935.213151979489,127.21949559338549
2061-11-01,Kesrouan,809.308431266521,103.14994249403554
2061-12-01,Kesrouan,519.5287483567733,95.05372783547361
2062-01-01,Kesrouan,865.3525901973222,97.28778294309424
2062-02-01,Kesrouan,671.0807322070563,111.3316398537859
2062-03-01,Kesrouan,812.301122902353,152.9733577542894
2062-04-01,Kesrouan,828.2613471718222,161.83869665151633
2062-05-01,Kesrouan,849.4724732591222,129.68054277455914
2062-06-01,Kesrouan,896.1648403916471,156.70958786552364
2062-07-01,Kesrouan,509.1445363703957,91.66265319555552
2062-08-01,Kesrouan,565.3936095730112,82.5666299051476
2062-09-01,Kesrouan,669.4673578845401,103.7288144620683
2062-10-01,Kesrouan,658.248600673328,124.52910890366357
2062-11-01,Kesrouan,769.3674649617859,154.36467147238423
2062-12-01,Kesrouan,889.4044996420021,178.19320290621727
2063-01-01,Kesrouan,812.7717710718307,124.9928251250208
2063-02-01,Kesrouan,719.2658903066807,112.53634471598076
2063-03-01,Kesrouan,715.6716897554752,109.9782457692214
2063-04-01,Kesrouan,751.8266343510886,115.73172030250412
2063-05-01,Kesrouan,907.5219904089006,148.4800554046327
2063-06-01,Kesrouan,849.2187061859893,158.8455091867405
2063-07-01,Kesrouan,920.491071690418,148.1776030769609
2063-08-01,Kesrouan,682.2884025073063,150.0085901470474
2063-09-01,Kesrouan,801.021616458377,164.20864012504805
2063-10-01,Kesrouan,712.4661998222558,87.27344797302635
2063-11-01,Kesrouan,651.3214635076529,86.31699353124922
2063-12-01,Kesrouan,635.4472243920899,111.69349940355153
2064-01-01,Kesrouan,648.106681687151,137.5706324672669
2064-02-01,Kesrouan,758.4210585982719,135.23325965429456
2064-03-01,Kesrouan,738.1754440713303,125.47621639724335
2064-04-01,Kesrouan,893.3981809532713,147.82146539999627
2064-05-01,Kesrouan,863.2746567072219,164.5528450074534
2064-06-01,Kesrouan,788.8536788826366,108.75888166453007
2064-07-01,Kesrouan,873.9079546265485,117.20660637429775
2064-08-01,Kesrouan,709.0954269243441,114.20142804039894
2064-09-01,Kesrouan,722.4230201901795,101.8359260202055
2064-10-01,Kesrouan,827.167790588987,110.10052023478232
2064-11-01,Kesrouan,639.2919187379539,120.200270661807
2064-12-01,Kesrouan,804.5110017053122,155.89694743932264
2065-01-01,Kesrouan,774.8795251267245,119.69297100868211
2065-02-01,Kesrouan,860.1810213868205,134.12596723129144
2065-03-01,Kesrouan,979.3098444782538,159.3436238891352
2065-04-01,Kesrouan,885.991490892806,117.64828177045852
2065-05-01,Kesrouan,867.4021552739769,110.24047382015134
2065-06-01,Kesrouan,776.9942038074422,120.07890399337317
2065-07-01,Kesrouan,687.8222141356562,85.81631132182845
2065-08-01,Kesrouan,698.6287494383338,96.59999671570414
2065-09-01,Kesrouan,660.0517195577387,127.1887558098602
2065-10-01,Kesrouan,765.625650110342,133.07583851829034
2065-11-01,Kesrouan,771.3044011016823,131.80920783187133
2065-12-01,Kesrouan,965.426357016432,165.36115735038192
2066-01-01,Kesrouan,852.8357844899738,162.026473111802
2066-02-01,Kesrouan,837.2863742673295,140.79461436123913
2066-03-01,Kesrouan,887.3562720339715,165.42713005472814
2066-04-01,Kesrouan,517.2050374087414,85.7180002551776
2066-05-01,Kesrouan,502.8406595835054,81.58354980419887
2066-06-01,Kesrouan,609.498890028204,103.98530230086135
2066-07-01,Kesrouan,651.1549134674219,127.10377438385305
2066-08-01,Kesrouan,724.1703173578096,147.72168107336142
2066-09-01,Kesrouan,922.317983437719,177.77260857667414
2066-10-01,Kesrouan,811.2880960092998,146.49181464231103
2066-11-01,Kesrouan,774.844539763244,162.22406111679447
2066-12-01,Kesrouan,693.3658807959724,173.0119492751474
2067-01-01,Kesrouan,714.657466179969,111.94605956790588
2067-02-01,Kesrouan,646.2120165950815,102.21195270695429
2067-03-01,Kesrouan,868.1274152336131,135.5753310606235
2067-04-01,Kesrouan,921.2479381454322,163.75337833754094
2067-05-01,Kesrouan,900.7100515276034,147.83902225756506
2067-06-01,Kesrouan,853.4458813617749,120.7706729132097
2067-07-01,Kesrouan,668.2092222678673,102.92081083129413
2067-08-01,Kesrouan,744.0798049016141,94.62849671050364
2067-09-01,Kesrouan,910.7007309696398,93.34481044169712
2067-10-01,Kesrouan,1068.3499879009473,165.88554009489815
2067-11-01,Kesrouan,988.2254807189348,167.79888912251397
2067-12-01,Kesrouan,802.9564408057092,112.79454422612451
2068-01-01,Kesrouan,836.5716028774289,129.22683677404763
2068-02-01,Kesrouan,695.3302702392037,157.27099161611116
2068-03-01,Kesrouan,658.7722548361675,159.74280398745844
2068-04-01,Kesrouan,784.881326676266,131.4573798988433
2068-05-01,Kesrouan,842.8226496536711,119.57690135176756
2068-06-01,Kesrouan,705.481516309206,130.22105190844394
2068-07-01,Kesrouan,681.3991970516015,129.287796726581
2068-08-01,Kesrouan,790.4159830216415,130.06391742189209
2068-09-01,Kesrouan,683.1824650859086,133.43464151207255
2068-10-01,Kesrouan,699.8774523815532,127.76667107587015
2068-11-01,Kesrouan,747.3016964237488,125.17091535939502
2068-12-01,Kesrouan,711.1598449420335,136.75274087788637
2069-01-01,Kesrouan,771.5682343860381,119.24445809678642
2069-02-01,Kesrouan,559.8937978049453,94.75908500833945
2069-03-01,Kesrouan,516.2391034898702,88.72103594333203
2069-04-01,Kesrouan,714.4761335917885,113.32032687328119
2069-05-01,Kesrouan,758.3056139380949,154.54589467664147
2069-06-01,Kesrouan,757.2687941821516,170.29974488881575
2069-07-01,Kesrouan,819.9855840780978,174.99306214891573
2069-08-01,Kesrouan,911.9770983954504,158.02649889787
2069-09-01,Kesrouan,920.1869031680859,133.07432857963454
2069-10-01,Kesrouan,775.1811594979797,149.94653594747194
2069-11-01,Kesrouan,750.821421090523,157.1363319857054
2069-12-01,Kesrouan,593.8214699796256,85.95092816045042
2070-01-01,Kesrouan,622.4537519064556,84.26181113633456
2070-02-01,Kesrouan,726.1456177292893,125.23406074945657
2070-03-01,Kesrouan,821.3616985060246,149.57896063801732
2070-04-01,Kesrouan,925.0783074984022,155.52325290478922
2070-05-01,Kesrouan,950.18188964006,147.23724751554852
2070-06-01,Kesrouan,570.6767514239891,102.08179232695616
2070-07-01,Kesrouan,575.6093357093075,109.79403936632437
2070-08-01,Kesrouan,613.2126884316293,115.3098544456719
2070-09-01,Kesrouan,906.0009366179833,106.94423494273096
2070-10-01,Kesrouan,663.022448550903,122.61556731302076
2070-11-01,Kesrouan,803.0846970074425,155.12940955321304
2070-12-01,Kesrouan,681.6390966868961,136.21979977661653
2071-01-01,Kesrouan,942.2986383909374,144.67063300381935
2071-02-01,Kesrouan,1076.9465322851759,163.62195865647763
2071-03-01,Kesrouan,845.5676984148064,117.24525958126414
2071-04-01,Kesrouan,498.60595234757403,88.54559574299545
2071-05-01,Kesrouan,590.4987051660069,94.27037227214977
2071-06-01,Kesrouan,798.6347277161323,109.83680058453247
2071-07-01,Kesrouan,1036.9083531294016,163.73120608043718
2071-08-01,Kesrouan,1055.7648305076038,150.809322231137
2071-09-01,Kesrouan,993.2209964226669,102.23974902706756
2071-10-01,Kesrouan,797.0354672072536,106.00965321557123
2071-11-01,Kesrouan,672.6785848542255,149.12002487021815
2071-12-01,Kesrouan,461.705052225195,117.13892505515679
2072-01-01,Kesrouan,763.2401692298066,110.71298680962889
2072-02-01,Kesrouan,781.3603349339531,120.60502897479998
2072-03-01,Kesrouan,776.6938365117256,124.95614950977571
2072-04-01,Kesrouan,835.4099761809406,167.73996483626553
2072-05-01,Kesrouan,744.7759221238642,136.4287459436434
2072-06-01,Kesrouan,957.0633768898055,154.9321638824907
2072-07-01,Kesrouan,628.7434092900803,86.87415478213173
2072-08-01,Kesrouan,523.9525314202874,83.89353587555972
2072-09-01,Kesrouan,616.734384104797,105.67156144513271
2072-10-01,Kesrouan,637.763438476519,127.56904944876186
2072-11-01,Kesrouan,714.0310381123379,142.37473765554208
2072-12-01,Kesrouan,794.4805501699828,156.22887719289858
2073-01-01,Kesrouan,714.1461308070876,111.88418570513343
2073-02-01,Kesrouan,658.1218227263897,103.53009553136195
2073-03-01,Kesrouan,938.6453780410195,150.12442139259525
2073-04-01,Kesrouan,901.8686513214161,161.8430675265726
2073-05-01,Kesrouan,915.3504758375246,129.429238854714
2073-06-01,Kesrouan,839.6777681670447,117.22596965645275
2073-07-01,Kesrouan,695.4461372578935,97.76319660420006
2073-08-01,Kesrouan,750.878017131244,88.84059313062366
2073-09-01,Kesrouan,926.7354311235404,106.82613573264342
2073-10-01,Kesrouan,955.6241902572941,149.35996451491695
2073-11-01,Kesrouan,688.6156146020312,125.89743732076306
2073-12-01,Kesrouan,763.1337348845702,125.3386499820974
2074-01-01,Kesrouan,789.6060401801802,123.08496261539523
2074-02-01,Kesrouan,836.2159770096152,142.69977181881939
2074-03-01,Kesrouan,760.9552096753279,145.06445190294767
2074-04-01,Kesrouan,710.8748233389503,116.61668495638492
2074-05-01,Kesrouan,763.5160397317784,122.69859865631048
2074-06-01,Kesrouan,717.2780599659868,102.07012850932341
2074-07-01,Kesrouan,844.8827736931465,105.80686600885096
2074-08-01,Kesrouan,726.215095704652,125.54688702813611
2074-09-01,Kesrouan,805.6753033390484,154.02824858151268
2074-10-01,Kesrouan,715.6510645814315,97.69425292743794
2074-11-01,Kesrouan,476.1587588758972,122.53653394495737
2074-12-01,Kesrouan,751.8472595251325,122.21094654504704
2075-01-01,Kesrouan,908.0866837405712,139.3482887485546
2075-02-01,Kesrouan,994.1746819446655,153.83909667103444
2075-03-01,Kesrouan,817.9581224302821,116.42433588834804
2075-04-01,Kesrouan,859.7483854834985,115.5847396949292
2075-05-01,Kesrouan,676.3796773057229,121.13745657466461
2075-06-01,Kesrouan,698.906309374357,105.99280242243461
2075-07-01,Kesrouan,1019.4643834043163,142.96767283765456
2075-08-01,Kesrouan,1062.0176371109828,150.83076702791672
2075-09-01,Kesrouan,990.6764271689608,124.00438688143313
2075-10-01,Kesrouan,764.7357407237824,102.1926077641352
2075-11-01,Kesrouan,679.5762273170872,143.90437887122278
2075-12-01,Kesrouan,678.2842326263013,159.0034597737399
2076-01-01,Kesrouan,802.9122339480317,114.66851258644994
2076-02-01,Kesrouan,979.1299197517828,136.6562943103854
2076-03-01,Kesrouan,881.3378744052202,151.06041830517532
2076-04-01,Kesrouan,728.4184696730666,148.8843154990004
2076-05-01,Kesrouan,636.8033823802849,150.04891834669272
2076-06-01,Kesrouan,639.854007525462,139.95109660649356
2076-07-01,Kesrouan,715.8720284767336,116.2602844156057
2076-08-01,Kesrouan,676.4066378574594,114.65083957975376
2076-09-01,Kesrouan,652.9151981593219,119.03726639289403
2076-10-01,Kesrouan,739.7655534790973,137.21661604015475
2076-11-01,Kesrouan,852.405682737729,165.94888416109865
2076-12-01,Kesrouan,569.2382687223326,100.64622884788926
2077-01-01,Kesrouan,917.738631655308,140.84834250231577
2077-02-01,Kesrouan,903.1211554912511,139.84730207840846
2077-03-01,Kesrouan,774.0821826475631,112.33376229851135
2077-04-01,Kesrouan,780.8072564613858,106.09256229662161
2077-05-01,Kesrouan,695.8940484607631,115.78652129473093
2077-06-01,Kesrouan,751.1927446163972,132.29211922480448
2077-07-01,Kesrouan,825.9779362652239,142.5656562553787
2077-08-01,Kesrouan,759.3632700473385,139.19903100677203
2077-09-01,Kesrouan,823.5275529598817,137.10172010073785
2077-10-01,Kesrouan,891.474197141102,117.91287559571963
2077-11-01,Kesrouan,725.3523580490853,141.5721349591906
2077-12-01,Kesrouan,896.5947309646353,165.61810367257246
2078-01-01,Kesrouan,599.7711639569546,83.34321214041215
2078-02-01,Kesrouan,553.4048575963443,84.73843825016579
2078-03-01,Kesrouan,713.1675261328311,120.09957242493309
2078-04-01,Kesrouan,781.8172564517633,134.66802298250389
2078-05-01,Kesrouan,829.4752759308175,152.14238410529975
2078-06-01,Kesrouan,808.6065418112619,153.01786732252
2078-07-01,Kesrouan,824.8857875440982,108.91287706808694
2078-08-01,Kesrouan,749.8686506786355,114.3898158118813
2078-09-01,Kesrouan,624.0994718517471,113.47433450306198
2078-10-01,Kesrouan,530.8233893141262,117.34150747262618
2078-11-01,Kesrouan,1076.5716891050279,99.60530953806621
2078-12-01,Kesrouan,701.8207238991422,109.92676114023662
2079-01-01,Kesrouan,765.958468618462,118.49032320866411
2079-02-01,Kesrouan,943.078593777987,148.21052829801437
2079-03-01,Kesrouan,942.4211223596618,151.54084166153797
2079-04-01,Kesrouan,860.8252589050765,105.86567414597204
2079-05-01,Kesrouan,852.6892964791028,119.19917827644795
2079-06-01,Kesrouan,1005.1668438137376,156.47303488485448
2079-07-01,Kesrouan,965.174208984265,115.89367803439781
2079-08-01,Kesrouan,1000.5965023462672,121.31338582395854
2079-09-01,Kesrouan,879.2192537117159,127.57341726726216
2079-10-01,Kesrouan,730.8213376457139,111.18043202928591
2079-11-01,Kesrouan,681.7073779798058,107.9985083456456
2079-12-01,Kesrouan,746.5067473094934,120.36199609544596
2080-01-01,Kesrouan,753.1084220444806,120.16219514392148
2080-02-01,Kesrouan,813.4831635936287,144.60535719423734
2080-03-01,Kesrouan,787.0158562070873,153.9796187758164
2080-04-01,Kesrouan,818.5100042203966,102.36997665129732
2080-05-01,Kesrouan,682.7626407241431,111.6525323837057
2080-06-01,Kesrouan,630.2496805330481,141.27549008788733
2080-07-01,Kesrouan,1008.5354345259997,108.89060700119171
2080-08-01,Kesrouan,804.7318248144434,102.04716460421994
2080-09-01,Kesrouan,792.6191458107999,123.78937956389113
2080-10-01,Kesrouan,698.6302276931287,130.4312940552078
2080-11-01,Kesrouan,848.5349781467826,118.51796975753419
2080-12-01,Kesrouan,518.6495739157488,110.42803020840621
2081-01-01,Kesrouan,709.4455621314906,111.31837745737383
2081-02-01,Kesrouan,667.1051419187538,104.493570882233
2081-03-01,Kesrouan,675.6325954895898,104.2194619981955
2081-04-01,Kesrouan,910.2488777539837,150.67214399860094
2081-05-01,Kesrouan,854.0651997277732,164.33497369695493
2081-06-01,Kesrouan,931.5791089419054,151.83178911248814
2081-07-01,Kesrouan,885.8159305376344,138.09580991633885
2081-08-01,Kesrouan,718.6651557152475,147.90330774300844
2081-09-01,Kesrouan,620.7569969741958,88.69917851149455
2081-10-01,Kesrouan,732.1612700277072,81.5410208842455
2081-11-01,Kesrouan,519.1347582573767,100.98225132992701
2081-12-01,Kesrouan,628.9338225862869,135.53102322508778
2082-01-01,Kesrouan,821.4820706821847,139.0893006469671
2082-02-01,Kesrouan,860.7493751589357,139.24289869824617
2082-03-01,Kesrouan,894.296889475515,169.6634677428583
2082-04-01,Kesrouan,713.7148323723897,145.5856313767933
2082-05-01,Kesrouan,898.9324149401341,161.73399126974815
2082-06-01,Kesrouan,558.9190647503899,82.20551309848594
2082-07-01,Kesrouan,596.3652649093915,83.25619810467603
2082-08-01,Kesrouan,717.3616165584441,113.08039334169435
2082-09-01,Kesrouan,696.8320363247012,131.90833194241378
2082-10-01,Kesrouan,878.3910086680314,175.35685344206286
2082-11-01,Kesrouan,839.6187787614176,154.5054870065406
2082-12-01,Kesrouan,795.2744433879561,138.64334301587354
2083-01-01,Kesrouan,740.9214079425767,115.21512871918961
2083-02-01,Kesrouan,569.9680338394392,95.24780080108513
2083-03-01,Kesrouan,553.9486793781718,91.19096241963751
2083-04-01,Kesrouan,987.3499315218121,162.79166967602833
2083-05-01,Kesrouan,786.5630174882346,162.06315789671507
2083-06-01,Kesrouan,811.3498307452603,165.0164022878995
2083-07-01,Kesrouan,923.9338567147695,134.1049870310212
2083-08-01,Kesrouan,944.4169071190142,133.39176414473707
2083-09-01,Kesrouan,825.8945204589374,128.72412195489784
2083-10-01,Kesrouan,835.4548869694729,144.29718299376458
2083-11-01,Kesrouan,697.2338400565854,92.23134683216347
2083-12-01,Kesrouan,671.3149300024276,85.87706037199901
2084-01-01,Kesrouan,689.0793642491324,114.40921882926409
2084-02-01,Kesrouan,678.4392030039719,135.61541473579013
2084-03-01,Kesrouan,770.2846868655092,138.2896016787999
2084-04-01,Kesrouan,832.252001580416,139.7739019430225
2084-05-01,Kesrouan,917.095450033334,168.07723744970048
2084-06-01,Kesrouan,825.8224379394122,124.01560749844829
2084-07-01,Kesrouan,842.3261672218244,141.0808791684227
2084-08-01,Kesrouan,649.4526326779524,137.97885997130106
2084-09-01,Kesrouan,569.310034472973,88.7691125123953
2084-10-01,Kesrouan,874.618220858979,95.54756947260348
2084-11-01,Kesrouan,645.3234798736889,113.87547691032658
2084-12-01,Kesrouan,746.6377488415602,151.77968094608275
2085-01-01,Kesrouan,783.5924292812412,120.88484750541451
2085-02-01,Kesrouan,765.3410508657714,118.83285615494654
2085-03-01,Kesrouan,872.8177769118162,141.08529283526278
2085-04-01,Kesrouan,891.0103067078298,149.2167832064294
2085-05-01,Kesrouan,895.3418044362876,127.95600637970738
2085-06-01,Kesrouan,905.3053825404169,127.79773791088567
2085-07-01,Kesrouan,967.0938988182203,146.13700962375515
2085-08-01,Kesrouan,839.7492875418859,91.5411764911063
2085-09-01,Kesrouan,845.3721464233603,103.56635545499333
2085-10-01,Kesrouan,900.6690123587721,138.81343424323916
2085-11-01,Kesrouan,800.5961606497735,141.1695437443899
2085-12-01,Kesrouan,771.56851595838,118.7779115045885
2086-01-01,Kesrouan,828.9255059332672,125.22148302158479
2086-02-01,Kesrouan,723.4510408104387,118.5710560218543
2086-03-01,Kesrouan,718.8212171857429,120.0228223041893
2086-04-01,Kesrouan,751.5670950449468,138.84212307769957
2086-05-01,Kesrouan,853.882107312456,169.1101822049628
2086-06-01,Kesrouan,846.5684769109871,121.35769671605024
2086-07-01,Kesrouan,847.5277938798237,122.01763466187538
2086-08-01,Kesrouan,919.0081005587421,141.39230554446183
2086-09-01,Kesrouan,676.4351470570764,91.82074132757421
2086-10-01,Kesrouan,557.1594135962591,86.86857045435
2086-11-01,Kesrouan,694.4809072698771,110.38534234754171
2086-12-01,Kesrouan,683.3987830375696,127.94766198187261
2087-01-01,Kesrouan,711.1192281317151,111.51916261992497
2087-02-01,Kesrouan,662.9208361320217,104.03351641494389
2087-03-01,Kesrouan,846.5610856370123,132.12620325291223
2087-04-01,Kesrouan,861.8566583934382,151.613300377681
2087-05-01,Kesrouan,747.4650787751335,123.75729795228912
2087-06-01,Kesrouan,676.2981621127444,88.01797304913676
2087-07-01,Kesrouan,839.3273513875562,97.67148158536143
2087-08-01,Kesrouan,667.9468672383065,107.97919702494232
2087-09-01,Kesrouan,801.371822058609,142.60371037737235
2087-10-01,Kesrouan,876.0681072404823,174.22370255544
2087-11-01,Kesrouan,647.0341374403298,164.16331751292583
2087-12-01,Kesrouan,998.6516117877122,135.12434233838124
2088-01-01,Kesrouan,627.1707573675106,162.19812318271914
2088-02-01,Kesrouan,824.3981042479359,176.32652137535632
2088-03-01,Kesrouan,549.3106549590186,113.18769068293648
2088-04-01,Kesrouan,724.6840460955972,91.59978289553247
2088-05-01,Kesrouan,659.671772878894,91.34542547625986
2088-06-01,Kesrouan,553.6572872008533,111.42134060223145
2088-07-01,Kesrouan,550.0391530005867,131.45799732315197
2088-08-01,Kesrouan,666.0165128519019,134.50131841916792
2088-09-01,Kesrouan,675.5324261289607,134.92600242061684
2088-10-01,Kesrouan,869.4621385272814,155.7348705017456
2088-11-01,Kesrouan,799.7113195653683,160.2651571788017
2088-12-01,Kesrouan,758.544387284022,114.37109746303881
2089-01-01,Kesrouan,865.3273894727226,132.7733556250587
2089-02-01,Kesrouan,774.5445948260403,120.69446991598694
2089-03-01,Kesrouan,837.8052417003568,129.430709058142
2089-04-01,Kesrouan,932.85385732675,148.6903281169564
2089-05-01,Kesrouan,927.0989410169269,138.18164412146538
2089-06-01,Kesrouan,896.1571675453304,123.46200102217452
2089-07-01,Kesrouan,635.4288166002384,89.26853847730689
2089-08-01,Kesrouan,680.1475024022496,84.04716143584261
2089-09-01,Kesrouan,669.985732565969,92.44091348005499
2089-10-01,Kesrouan,588.9750116343844,120.38928502726597
2089-11-01,Kesrouan,781.5523672711256,132.97986266041082
2089-12-01,Kesrouan,802.5250015848404,129.92051298481778
2090-01-01,Kesrouan,918.4736762538251,169.3389287416503
2090-02-01,Kesrouan,843.8301154929717,134.60717306598585
2090-03-01,Kesrouan,874.3384083442207,148.31237274338207
2090-04-01,Kesrouan,600.4513723418877,129.4455364112176
2090-05-01,Kesrouan,494.8072598830672,85.34266435008105
2090-06-01,Kesrouan,819.0101470926877,96.43250050436848
2090-07-01,Kesrouan,665.0897526850969,116.16691579998003
2090-08-01,Kesrouan,877.2078416873883,170.2554126008322
2090-09-01,Kesrouan,797.7634724972233,171.82750937912266
2090-10-01,Kesrouan,775.3847363011697,149.8967996685097
2090-11-01,Kesrouan,549.8906939833225,133.36831424723223
2090-12-01,Kesrouan,519.7918777102744,84.21828272257461
2091-01-01,Kesrouan,772.5207936186692,119.37325830937192
2091-02-01,Kesrouan,840.8187696894892,130.8344599025334
2091-03-01,Kesrouan,922.1119428765373,151.4771063561716
2091-04-01,Kesrouan,971.486004993271,143.62658683722526
2091-05-01,Kesrouan,838.8940115533796,110.86948858909217
2091-06-01,Kesrouan,832.7212418881842,123.46232196055277
2091-07-01,Kesrouan,842.8788233358791,106.8985149783309
2091-08-01,Kesrouan,936.4733289956406,111.56603490593078
2091-09-01,Kesrouan,1015.4156547002065,152.14517779746862
2091-10-01,Kesrouan,885.8699220341928,149.18369904446484
2091-11-01,Kesrouan,899.9207338601858,141.1277728503204
2091-12-01,Kesrouan,847.6844184950029,128.78193059821234
2092-01-01,Kesrouan,665.4049377253057,116.63173849460328
2092-02-01,Kesrouan,665.4571693947273,146.5086501526677
2092-03-01,Kesrouan,703.79574269828,136.13699767502555
2092-04-01,Kesrouan,846.5277897075832,114.43917613445763
2092-05-01,Kesrouan,757.175241771557,113.79725964271077
2092-06-01,Kesrouan,718.714712447421,135.99676899961804
2092-07-01,Kesrouan,772.0090358872749,157.48369123388568
2092-08-01,Kesrouan,783.3996930132139,137.10724635395587
2092-09-01,Kesrouan,884.3894850535937,138.6038584256797
2092-10-01,Kesrouan,747.4553645293381,128.43264571976255
2092-11-01,Kesrouan,670.9619790718621,137.15389551137488
2092-12-01,Kesrouan,571.928868431854,149.30835151058085
2093-01-01,Kesrouan,727.7143980321578,113.5493668393431
2093-02-01,Kesrouan,696.3501252615478,108.36202760531022
2093-03-01,Kesrouan,971.8048856704671,157.79875491154507
2093-04-01,Kesrouan,888.0411967556314,155.3755478934462
2093-05-01,Kesrouan,859.8686872665733,108.91471100167699
2093-06-01,Kesrouan,777.5486901417191,102.53014018482875
2093-07-01,Kesrouan,649.9288067046398,102.99495676634004
2093-08-01,Kesrouan,945.9570374360951,93.47318579300094
2093-09-01,Kesrouan,808.4681490052204,120.34311269258036
2093-10-01,Kesrouan,742.5745191618429,127.2183341021118
2093-11-01,Kesrouan,767.340707244825,134.13662849856163
2093-12-01,Kesrouan,923.4689807783006,160.4747268832492
2094-01-01,Kesrouan,890.2422477522255,168.65584961047466
2094-02-01,Kesrouan,922.742312956955,128.6377559090302
2094-03-01,Kesrouan,773.1705921906777,162.28371897647895
2094-04-01,Kesrouan,570.14718424197,143.32239838575487
2094-05-01,Kesrouan,526.2640995610753,81.46511131639716
2094-06-01,Kesrouan,653.6501723647536,86.66965284750474
2094-07-01,Kesrouan,649.7474037233737,114.75753783602315
2094-08-01,Kesrouan,692.1791941610556,144.92609995291394
2094-09-01,Kesrouan,884.947279862888,179.90423849329028
2094-10-01,Kesrouan,789.1881164317225,141.56326483372672
2094-11-01,Kesrouan,865.314507538081,153.40963221602743
2094-12-01,Kesrouan,508.840051079179,129.4709639004437
2095-01-01,Kesrouan,790.8332028392447,121.88783495548327
2095-02-01,Kesrouan,820.2746884801386,127.56169843162172
2095-03-01,Kesrouan,868.0369601187793,141.02215661486917
2095-04-01,Kesrouan,769.0962404034555,113.73625078528161
2095-05-01,Kesrouan,811.917058228008,108.47074013197266
2095-06-01,Kesrouan,900.4534687310513,136.60548212371697
2095-07-01,Kesrouan,751.9719256795065,129.11270497362656
2095-08-01,Kesrouan,884.7415208740482,115.71601266130529
2095-09-01,Kesrouan,714.8780077167584,116.36496840148199
2095-10-01,Kesrouan,662.7202862315069,106.2346249056192
2095-11-01,Kesrouan,661.2938055509236,95.00835631845565
2095-12-01,Kesrouan,812.687721727775,121.4621300643359
2096-01-01,Kesrouan,818.8111458400533,133.5910699341922
2096-02-01,Kesrouan,757.0418468745843,129.5366217795236
2096-03-01,Kesrouan,763.7510118510897,140.23976997979207
2096-04-01,Kesrouan,854.4030865380474,157.34054660406997
2096-05-01,Kesrouan,841.3924029430149,128.83038618021757
2096-06-01,Kesrouan,822.8671250319668,115.15282999513545
2096-07-01,Kesrouan,743.0256684466442,121.77173778956488
2096-08-01,Kesrouan,706.942806370556,127.66755307843965
2096-09-01,Kesrouan,593.3467390111905,104.16146384841002
2096-10-01,Kesrouan,965.1151491855525,106.39426271152148
2096-11-01,Kesrouan,647.8245110040293,117.69130585248121
2096-12-01,Kesrouan,819.3849198797501,150.83804774426926
2097-01-01,Kesrouan,871.7858142787708,133.75580607547485
2097-02-01,Kesrouan,801.2594746941929,124.69499430999595
2097-03-01,Kesrouan,645.9539555437347,100.2914574514492
2097-04-01,Kesrouan,751.9547497666508,105.93092550310618
2097-05-01,Kesrouan,856.6132182426676,137.78478089257757
2097-06-01,Kesrouan,843.3463038165105,159.45975467716943
2097-07-01,Kesrouan,816.953261135144,155.49436233763387
2097-08-01,Kesrouan,894.8206140314398,153.3470400625989
2097-09-01,Kesrouan,797.546943366306,166.6293346541285
2097-10-01,Kesrouan,510.2652646842237,87.39815240059406
2097-11-01,Kesrouan,681.0024264253286,81.91974956648365
2097-12-01,Kesrouan,602.1621354981569,113.22171015103198
2098-01-01,Kesrouan,700.5364020546732,132.84153516282498
2098-02-01,Kesrouan,775.9458395854813,136.58884834605516
2098-03-01,Kesrouan,858.3463664001174,148.47459639564633
2098-04-01,Kesrouan,919.50627242464,168.46809760263685
2098-05-01,Kesrouan,792.0594503881978,110.50585623685616
2098-06-01,Kesrouan,814.6910385472733,121.97621221518801
2098-07-01,Kesrouan,569.5502508771524,106.84261362595007
2098-08-01,Kesrouan,713.3211942384203,118.05713892502527
2098-09-01,Kesrouan,1039.7915131242366,112.2674075246672
2098-10-01,Kesrouan,767.6998527669122,128.0105292253397
2098-11-01,Kesrouan,739.1548230695269,150.66327387313703
2098-12-01,Kesrouan,798.756085395489,104.74293694558467
2099-01-01,Kesrouan,930.6025456671276,142.85071677950484
2099-02-01,Kesrouan,1065.2950687775565,162.60586775090792
2099-03-01,Kesrouan,974.9545538869057,135.4455680329032
2099-04-01,Kesrouan,574.2722894438186,91.95399494222757
2099-05-01,Kesrouan,662.2051848285525,100.13413957153834
2099-06-01,Kesrouan,599.1965100036894,89.9691958619432
2099-07-01,Kesrouan,649.8879083219795,113.35437690693652
2099-08-01,Kesrouan,708.624286003268,140.65599343427888
2099-09-01,Kesrouan,859.3291946595023,131.8149297046723
2099-10-01,Kesrouan,887.6708587329539,126.25483429879289
2099-11-01,Kesrouan,740.7435246155844,138.58297603520094
2099-12-01,Kesrouan,674.5579746467471,139.07491038139716
2100-01-01,Kesrouan,892.356152109003,152.4074914319661
2100-02-01,Kesrouan,739.5067181038103,87.4604175025324
2100-03-01,Kesrouan,579.771256494859,92.97427638605055
2100-04-01,Kesrouan,807.5819000591056,132.3871903421129
2100-05-01,Kesrouan,758.3406696946608,131.25301245267957
2100-06-01,Kesrouan,729.8387909586709,132.57958831504553
2100-07-01,Kesrouan,750.9536193050428,140.25993713617072
2100-08-01,Kesrouan,877.6743366648229,163.81309732834507
2100-09-01,Kesrouan,745.4067849558803,129.96168479391451
2100-10-01,Kesrouan,739.7551353024472,111.79472642461056
2100-11-01,Kesrouan,725.2749960481497,134.51256043207496
2100-12-01,Kesrouan,633.7231921392089,150.66393408922949
2101-01-01,Kesrouan,880.133167140422,135.03230332460836
2101-02-01,Kesrouan,956.7931378346717,149.07219588218953
2101-03-01,Kesrouan,909.744652082735,133.93596559824985
2101-04-01,Kesrouan,852.7614493917134,109.72162344196508
2101-05-01,Kesrouan,876.717201881636,145.59297322426548
2101-06-01,Kesrouan,998.0479910797746,157.14515320627356
2101-07-01,Kesrouan,960.5310810664147,128.4455627253485
2101-08-01,Kesrouan,890.8255248584611,107.6532947997657
2101-09-01,Kesrouan,909.0343154572191,137.37299555737872
2101-10-01,Kesrouan,769.6649461409982,131.59394682018268
2101-11-01,Kesrouan,785.3021365412282,121.81195595319478
2101-12-01,Kesrouan,844.0659323293089,133.5903547000921
2102-01-01,Kesrouan,791.7488057020021,138.37187193964976
2102-02-01,Kesrouan,708.9091668201804,124.23138201154214
2102-03-01,Kesrouan,724.6339966118254,114.24293301409786
2102-04-01,Kesrouan,748.7677028218257,122.5473174744669
2102-05-01,Kesrouan,760.560163679649,146.38567267923065
2102-06-01,Kesrouan,778.3177346005201,158.39316335364157
2102-07-01,Kesrouan,866.2926898538245,112.92759610808298
2102-08-01,Kesrouan,738.7826548266271,105.66491037931277
2102-09-01,Kesrouan,603.7737851900789,129.9870205864611
2102-10-01,Kesrouan,677.367820243061,119.23478104054288
2102-11-01,Kesrouan,1066.6380280622252,102.05041066667434
2102-12-01,Kesrouan,691.8845287052624,106.48690997993506
2103-01-01,Kesrouan,827.1549086543455,127.07803206936066
2103-02-01,Kesrouan,706.4401293471878,110.95673492308303
2103-03-01,Kesrouan,606.4581199149932,96.1619647342756
2103-04-01,Kesrouan,822.903870222584,124.38136721364877
2103-05-01,Kesrouan,752.4636213815409,130.4420806412733
2103-06-01,Kesrouan,806.3361536254762,138.61183603679643
2103-07-01,Kesrouan,847.4235417202372,153.9090856899429
2103-08-01,Kesrouan,753.774270239977,114.3455599377973
2103-09-01,Kesrouan,890.9085886993201,132.46461290517303
2103-10-01,Kesrouan,792.9445026518596,132.75809729758947
2103-11-01,Kesrouan,849.7380663706149,159.1538545543483
2103-12-01,Kesrouan,629.6957925399978,89.16564257668091
2104-01-01,Kesrouan,520.3571693831716,92.7616745780675
2104-02-01,Kesrouan,870.28285151082,148.43160287918346
2104-03-01,Kesrouan,880.9283978270191,149.34034142550337
2104-04-01,Kesrouan,598.1305827069028,101.48467271970236
2104-05-01,Kesrouan,537.0683822850178,118.78418661402247
2104-06-01,Kesrouan,438.55927777327656,123.92517317656673
2104-07-01,Kesrouan,717.3133269018091,127.29633129769681
2104-08-01,Kesrouan,687.2191565724024,120.65303524307564
2104-09-01,Kesrouan,840.796173509052,143.60324086262386
2104-10-01,Kesrouan,821.4331474877805,168.127854016786
2104-11-01,Kesrouan,730.2315139825291,107.14777100566718
2104-12-01,Kesrouan,741.1979823754032,104.92757737943137
2105-01-01,Kesrouan,942.1151940101928,144.6421336758299
2105-02-01,Kesrouan,1034.0908698833136,158.15199497343744
2105-03-01,Kesrouan,1063.5536142360206,149.91496172416316
2105-04-01,Kesrouan,693.2065108504598,99.68985387656772
2105-05-01,Kesrouan,535.6618932407091,90.88723245156466
2105-06-01,Kesrouan,611.1147985017972,89.82277154755727
2105-07-01,Kesrouan,848.0857998683744,127.0628868344628
2105-08-01,Kesrouan,858.2921637243027,149.27851341107066
2105-09-01,Kesrouan,997.4430329032131,137.16582830593418
2105-10-01,Kesrouan,1060.648491598518,118.07423729919657
2105-11-01,Kesrouan,825.6530721757624,94.88271964131299
2105-12-01,Kesrouan,637.6825216247669,97.25932640688856
2106-01-01,Kesrouan,620.3069739787619,128.059149861368
2106-02-01,Kesrouan,567.5058596922802,149.91463772922893
2106-03-01,Kesrouan,708.964354999192,118.30837560063881
2106-04-01,Kesrouan,822.1907882667348,120.32774432909571
2106-05-01,Kesrouan,809.9515424954093,132.9909151668469
2106-06-01,Kesrouan,723.777383154695,146.38146074508546
2106-07-01,Kesrouan,664.5280862561017,112.26573558854427
2106-08-01,Kesrouan,625.826179041876,106.79988908641376
2106-09-01,Kesrouan,763.7859972145703,111.79637085172965
2106-10-01,Kesrouan,833.9146862593066,110.30173331517113
2106-11-01,Kesrouan,753.250827256394,133.10925278830115
2106-12-01,Kesrouan,811.9954057321405,159.32751583910255
2107-01-01,Kesrouan,933.3938426854194,143.2852551174443
2107-02-01,Kesrouan,909.3034282229854,140.3457040970656
2107-03-01,Kesrouan,976.8861401523062,141.8378902757254
2107-04-01,Kesrouan,880.6302127169523,120.55969719300981
2107-05-01,Kesrouan,919.5901105894392,145.98926793374034
2107-06-01,Kesrouan,817.3159263115049,128.44385411055376
2107-07-01,Kesrouan,753.3325536286291,99.3443316185335
2107-08-01,Kesrouan,846.3745439605069,116.18135497044572
2107-09-01,Kesrouan,870.9510226781372,144.82083216484483
2107-10-01,Kesrouan,913.5963505406037,147.9809687174353
2107-11-01,Kesrouan,979.1798284493838,137.91640230633578
2107-12-01,Kesrouan,911.0580462715047,136.09702403587434
2108-01-01,Kesrouan,750.7657401599133,149.45008401153223
2108-02-01,Kesrouan,572.6877762863467,139.19945281149776
2108-03-01,Kesrouan,621.5466666070406,114.69671848506496
2108-04-01,Kesrouan,765.4555100227519,122.10040925446248
2108-05-01,Kesrouan,763.5230790403257,120.00555276288297
2108-06-01,Kesrouan,766.5708884620838,130.23851095622126
2108-07-01,Kesrouan,817.8125495295224,157.43325806015918
2108-08-01,Kesrouan,819.1022916415728,116.37954817352292
2108-09-01,Kesrouan,850.0568766547256,117.62720681695282
2108-10-01,Kesrouan,775.5307315604424,115.25116857079016
2108-11-01,Kesrouan,636.6995877757538,112.86906306100042
2108-12-01,Kesrouan,957.1171572071075,98.46305317116871
2109-01-01,Kesrouan,846.7507246092787,129.97541178683605
2109-02-01,Kesrouan,899.1556314141715,140.50461444264383
2109-03-01,Kesrouan,705.0492323713114,109.37076443718381
2109-04-01,Kesrouan,767.7279396080162,102.33658989029038
2109-05-01,Kesrouan,881.8689902351198,129.00412999198335
2109-06-01,Kesrouan,664.2889257482045,114.65233423562967
2109-07-01,Kesrouan,911.9309205313796,149.00232912552042
2109-08-01,Kesrouan,720.6217315259912,147.4612563904617
2109-09-01,Kesrouan,955.7197840673675,131.14300700283616
2109-10-01,Kesrouan,685.5375361535193,162.2565523068983
2109-11-01,Kesrouan,751.3928721583992,168.603234055776
2109-12-01,Kesrouan,708.6685632540311,87.08689719169001
2110-01-01,Kesrouan,638.4042619301296,92.61035366099611
2110-02-01,Kesrouan,746.1158545058576,115.2124206105883
2110-03-01,Kesrouan,498.497335816688,112.01866194218016
2110-04-01,Kesrouan,597.041918443508,128.69358390406745
2110-05-01,Kesrouan,743.0857137485534,129.59213494929458
2110-06-01,Kesrouan,759.7702828675477,127.47489529824844
2110-07-01,Kesrouan,913.1833543081291,167.00576786282312
2110-08-01,Kesrouan,805.8253110041929,139.9470130476997
2110-09-01,Kesrouan,845.266767974406,147.29146470558248
2110-10-01,Kesrouan,539.5672312297086,113.34666827274634
2110-11-01,Kesrouan,457.20105624078366,89.3501546351763
2110-12-01,Kesrouan,849.5696861101616,101.66699934066959
2111-01-01,Kesrouan,831.9653609363668,127.78361662224225
2111-02-01,Kesrouan,741.6487796947773,115.80324065596025
2111-03-01,Kesrouan,759.0667039782373,116.84156494975338
2111-04-01,Kesrouan,816.2239887696356,128.06498788329634
2111-05-01,Kesrouan,891.6188549317507,148.33584709333476
2111-06-01,Kesrouan,861.5332725587717,149.595062574938
2111-07-01,Kesrouan,793.6877832413771,136.56166333713858
2111-08-01,Kesrouan,856.1315887518559,159.44245457030323
2111-09-01,Kesrouan,739.9588528918083,91.56195190212563
2111-10-01,Kesrouan,750.878017131244,83.93935059319527
2111-11-01,Kesrouan,558.6481921574868,108.46140540999929
2111-12-01,Kesrouan,628.2059932790307,134.51685183667567
2112-01-01,Kesrouan,769.1470642111676,137.68181774771995
2112-02-01,Kesrouan,826.4047999355369,135.93736789063615
2112-03-01,Kesrouan,942.4209111804054,171.45528199146125
2112-04-01,Kesrouan,835.4545350040455,133.30338688503232
2112-05-01,Kesrouan,871.1641729409517,146.67727423316126
2112-06-01,Kesrouan,595.7051537503611,129.7840713822737
2112-07-01,Kesrouan,531.0564608201299,87.04827760683945
2112-08-01,Kesrouan,845.2726106005005,97.2604634457144
2112-09-01,Kesrouan,682.1222044325027,116.5838667147909
2112-10-01,Kesrouan,836.9624956810646,160.28399778988353
2112-11-01,Kesrouan,795.2098929285766,171.4031249201601
2112-12-01,Kesrouan,772.8127841372144,102.93179915005453
2113-01-01,Kesrouan,676.9699233274206,107.56859763346502
2113-02-01,Kesrouan,700.1210124572924,108.02259400679498
2113-03-01,Kesrouan,843.1418822962947,133.12331905893683
2113-04-01,Kesrouan,900.9380547314528,159.23856394687294
2113-05-01,Kesrouan,872.6681916051845,145.90930842921398
2113-06-01,Kesrouan,905.7050744797369,123.9541095920618
2113-07-01,Kesrouan,625.7763407373607,98.8806245668442
2113-08-01,Kesrouan,510.20743676450695,83.63721309078977
2113-09-01,Kesrouan,892.7856907165639,91.05404399436003
2113-10-01,Kesrouan,912.5613610048827,141.86587610230964
2113-11-01,Kesrouan,851.3766766142734,142.99912479872398
2113-12-01,Kesrouan,934.5472333909071,149.3144646225477
2114-01-01,Kesrouan,862.2481847348433,132.51503996578757
2114-02-01,Kesrouan,606.0994671445043,130.84169782710217
2114-03-01,Kesrouan,796.1133177875471,155.13329137931197
2114-04-01,Kesrouan,680.8127170599768,85.15804836868223
2114-05-01,Kesrouan,656.555611771141,91.01204385859181
2114-06-01,Kesrouan,745.4110789340941,119.48212977694551
2114-07-01,Kesrouan,721.9515273036762,130.45453916346173
2114-08-01,Kesrouan,788.7499194746482,147.38516648581032
2114-09-01,Kesrouan,863.6748413981404,150.99514860870528
2114-10-01,Kesrouan,787.5217009193018,115.58522263077458
2114-11-01,Kesrouan,790.0730279092134,124.1098533456412
2114-12-01,Kesrouan,641.8639764915374,152.26226223096967
2017-01-01,Tripoli,566.4444446251316,34.660191068888615
2017-02-01,Tripoli,498.3968763155555,30.5238651324798
2017-03-01,Tripoli,455.97997115810006,26.089468759518923
2017-04-01,Tripoli,442.9927608865812,25.26707071828371
2017-05-01,Tripoli,450.4112441426047,24.941077446713575
2017-06-01,Tripoli,442.40185879660976,24.885415936074878
2017-07-01,Tripoli,427.28105878088843,24.953072717998506
2017-08-01,Tripoli,426.33654832115025,25.140683992089272
2017-09-01,Tripoli,427.46103929729134,25.203422739475847
2017-10-01,Tripoli,427.8573410435919,25.217600344103644
2017-11-01,Tripoli,428.27593802647607,25.254947336113588
2017-12-01,Tripoli,427.9373323842154,25.25169919137864
2018-01-01,Tripoli,428.288051597641,25.261127796665125
2018-02-01,Tripoli,428.5234830303247,25.27113823888852
2018-03-01,Tripoli,428.8556837958776,25.276368543708223
2018-04-01,Tripoli,428.9045209807752,25.286100522688113
2018-05-01,Tripoli,429.02821516219626,25.307741476037215
2018-06-01,Tripoli,429.2716178816523,25.338391115660226
2018-07-01,Tripoli,429.57952188665024,25.37655481456326
2018-08-01,Tripoli,429.80722569634935,25.400306928541234
2018-09-01,Tripoli,429.9401791017069,25.42674225383682
2018-10-01,Tripoli,430.2418522755596,25.46805534533413
2018-11-01,Tripoli,430.52333616413756,25.49976901703137
2018-12-01,Tripoli,430.73776029740156,25.527993446425
2019-01-01,Tripoli,582.4298333781927,35.6270252365874
2019-02-01,Tripoli,656.9588236341382,39.794595994440016
2019-03-01,Tripoli,711.2209391033623,44.079228963294796
2019-04-01,Tripoli,694.8982152406483,41.62251947001953
2019-05-01,Tripoli,677.6355757210517,40.225991607142085
2019-06-01,Tripoli,652.0781335371651,40.33884840040608
2019-07-01,Tripoli,662.279170227084,40.93635756893673
2019-08-01,Tripoli,637.1962284608253,40.154310008242035
2019-09-01,Tripoli,593.06102367636,38.87994121234773
2019-10-01,Tripoli,563.8760194470435,38.27264223700706
2019-11-01,Tripoli,538.023047897668,37.37328158149337
2019-12-01,Tripoli,490.7201964672454,34.336913926016315
2020-01-01,Tripoli,444.6676187411376,30.883085385578482
2020-02-01,Tripoli,431.6103029169574,29.545808807101857
2020-03-01,Tripoli,439.4356698894944,29.634971314217992
2020-04-01,Tripoli,456.28742264463494,29.392146917586693
2020-05-01,Tripoli,462.73495791994384,29.06472574344204
2020-06-01,Tripoli,464.5333185058023,29.731668342769424
2020-07-01,Tripoli,473.4043860282396,31.033322088232637
2020-08-01,Tripoli,497.47246811831087,32.83689737835447
2020-09-01,Tripoli,527.5711593382089,35.46673182944575
2020-10-01,Tripoli,542.1015794006469,38.185731456629945
2020-11-01,Tripoli,544.2636952125783,39.489781053578014
2020-12-01,Tripoli,548.7473525718875,39.79855319733814
2021-01-01,Tripoli,573.9277424487099,35.08066967692278
2021-02-01,Tripoli,547.9643912034608,33.60177630111572
2021-03-01,Tripoli,536.4712924696195,31.446091801682222
2021-04-01,Tripoli,537.9417338107678,34.28728875118332
2021-05-01,Tripoli,605.1911291697359,39.81116500225804
2021-06-01,Tripoli,620.2649890971932,40.88652955186885
2021-07-01,Tripoli,580.0375945232404,39.0058190536371
2021-08-01,Tripoli,590.7135319355816,39.71884687493515
2021-09-01,Tripoli,626.6335773052549,40.66722150960041
2021-10-01,Tripoli,622.7176913806325,40.078217480392155
2021-11-01,Tripoli,601.1967661008856,39.50708136103234
2021-12-01,Tripoli,602.9934906584544,39.99185650923065
2022-01-01,Tripoli,606.6262044525407,40.183254171705954
2022-02-01,Tripoli,589.256283248087,39.51645480746548
2022-03-01,Tripoli,578.6300358439007,39.499656267644816
2022-04-01,Tripoli,582.9563734190724,40.02333797994848
2022-05-01,Tripoli,580.4306416175182,39.86670107098833
2022-06-01,Tripoli,571.5499319709065,39.54722988899691
2022-07-01,Tripoli,574.5395822198758,39.86183107803322
2022-08-01,Tripoli,581.5951108594147,40.13109880689043
2022-09-01,Tripoli,578.9080910348931,39.8479274883543
2022-10-01,Tripoli,577.4262323048307,39.78974913261696
2022-11-01,Tripoli,584.3034338608126,40.10919896279417
2022-12-01,Tripoli,587.7637381204739,40.098419855259635
2023-01-01,Tripoli,573.2272786770097,35.04829943693894
2023-02-01,Tripoli,570.4920134225036,34.94046565796515
2023-03-01,Tripoli,604.3296906570813,36.86300613952959
2023-04-01,Tripoli,635.2445511387718,42.398962179487114
2023-05-01,Tripoli,642.4248530422208,40.438395896153004
2023-06-01,Tripoli,615.8990387519477,39.498522842174445
2023-07-01,Tripoli,611.5681759921455,39.734535120417505
2023-08-01,Tripoli,643.3394624742846,40.50059195159537
2023-09-01,Tripoli,616.5885202486406,39.662132897788254
2023-10-01,Tripoli,578.1596603061089,38.55181898697022
2023-11-01,Tripoli,552.4621114442373,38.08163691411766
2023-12-01,Tripoli,525.6328835244843,36.97217618620864
2024-01-01,Tripoli,464.81147812413235,32.5366712982273
2024-02-01,Tripoli,410.38186120535187,26.75051292017397
2024-03-01,Tripoli,412.9945113609257,25.1211346268727
2024-04-01,Tripoli,436.2545869260956,25.133401244129733
2024-05-01,Tripoli,456.4359705324116,24.737728995899595
2024-06-01,Tripoli,424.40051769518476,24.82327148085016
2024-07-01,Tripoli,427.49551772326504,25.238623874158836
2024-08-01,Tripoli,428.0542910023594,25.216221372769994
2024-09-01,Tripoli,427.1365139410541,25.21067079073731
2024-10-01,Tripoli,429.25489210307546,25.288232145472264
2024-11-01,Tripoli,427.717565052176,25.26382435286661
2024-12-01,Tripoli,429.00987075988616,25.29422043969602
2025-01-01,Tripoli,589.295652354373,36.0295104928647
2025-02-01,Tripoli,677.9925779792914,40.786499860984605
2025-03-01,Tripoli,713.5136761101109,43.67816894061524
2025-04-01,Tripoli,681.4852547136177,41.21796664640067
2025-05-01,Tripoli,674.4881531694818,40.55977206328219
2025-06-01,Tripoli,657.6656574734336,40.58786927144956
2025-07-01,Tripoli,659.5160576825436,40.795083290292396
2025-08-01,Tripoli,639.389394001145,40.30210904544187
2025-09-01,Tripoli,617.3107571202363,39.76584399730389
2025-10-01,Tripoli,598.9500293363624,39.38990794266456
2025-11-01,Tripoli,576.4851331381217,38.88220450465277
2025-12-01,Tripoli,546.3552007397166,37.93603889309813
2026-01-01,Tripoli,520.6668588881124,37.04938879464502
2026-02-01,Tripoli,504.26304719772975,36.41636711080764
2026-03-01,Tripoli,486.3705541912263,35.308452610110166
2026-04-01,Tripoli,466.46085570830735,33.831546732341415
2026-05-01,Tripoli,454.8751995442145,32.93869037322794
2026-06-01,Tripoli,450.31069802102456,32.337083435689024
2026-07-01,Tripoli,446.2131085289284,31.25615495916167
2026-08-01,Tripoli,443.5850553410544,30.098544110917196
2026-09-01,Tripoli,443.77004836966347,29.08485872491337
2026-10-01,Tripoli,445.0365431204232,27.887521047034745
2026-11-01,Tripoli,445.91333245170915,26.770837178314164
2026-12-01,Tripoli,443.9474182026256,25.97329175914707
2027-01-01,Tripoli,572.1204881345967,34.97801193357427
2027-02-01,Tripoli,527.4330019705262,32.36836384348982
2027-03-01,Tripoli,485.3375589674041,28.069065736916368
2027-04-01,Tripoli,451.506321418647,26.623472294669707
2027-05-01,Tripoli,454.96662567830833,26.05300964711607
2027-06-01,Tripoli,452.9185445190674,25.722541391153506
2027-07-01,Tripoli,441.649929752015,25.485186617592724
2027-08-01,Tripoli,435.27039407805853,25.81504278821493
2027-09-01,Tripoli,435.6514842421779,26.55353798589824
2027-10-01,Tripoli,436.9852127938141,27.774053947748254
2027-11-01,Tripoli,445.9429376019269,28.973263468004944
2027-12-01,Tripoli,469.0723919722797,31.07032567189755
2028-01-01,Tripoli,516.3300959837342,35.200639293291644
2028-02-01,Tripoli,561.3397926980576,38.97686599358394
2028-03-01,Tripoli,554.4386772817589,39.43501720879458
2028-04-01,Tripoli,555.7807774249617,39.89606337414696
2028-05-01,Tripoli,588.2696711667282,40.46166759431151
2028-06-01,Tripoli,601.3290581331047,40.21402035664813
2028-07-01,Tripoli,595.8126492137612,39.835829906293
2028-08-01,Tripoli,597.3932613961077,40.031239930519774
2028-09-01,Tripoli,600.7544293032471,40.21455415200309
2028-10-01,Tripoli,594.1092130778072,39.92218376018312
2028-11-01,Tripoli,587.1580073485593,39.80176664537501
2028-12-01,Tripoli,588.5321840889703,40.0478979042303
2029-01-01,Tripoli,569.0037150066208,34.798183395758855
2029-02-01,Tripoli,524.5582217929484,32.20552957045855
2029-03-01,Tripoli,494.93314335830866,28.62146830829378
2029-04-01,Tripoli,463.3947298390814,27.837346952645063
2029-05-01,Tripoli,465.1702208379992,27.377167315085572
2029-06-01,Tripoli,461.1942891942403,27.1871690860992
2029-07-01,Tripoli,454.61830829364817,27.120619039878193
2029-08-01,Tripoli,454.3674738286643,28.834001597848815
2029-09-01,Tripoli,481.4879147839507,32.35073347257434
2029-10-01,Tripoli,550.664081544948,36.898382537020794
2029-11-01,Tripoli,578.3336710597107,39.233861767230565
2029-12-01,Tripoli,561.588468998064,40.06890986871946
2030-01-01,Tripoli,587.7314700731467,40.53984548268144
2030-02-01,Tripoli,609.4233777137042,40.348317930003105
2030-03-01,Tripoli,616.6379665930077,40.22751648253943
2030-04-01,Tripoli,624.8308829848849,40.43793861146558
2030-05-01,Tripoli,627.8422019064121,40.467345397570455
2030-06-01,Tripoli,621.3043891977231,40.1761564728028
2030-07-01,Tripoli,613.4721474254591,40.04475384958957
2030-08-01,Tripoli,607.65286441788,40.03057802427962
2030-09-01,Tripoli,597.1609801881092,39.80170792788596
2030-10-01,Tripoli,583.7418062344897,39.548003892261605
2030-11-01,Tripoli,575.6882655292342,39.556555293848106
2030-12-01,Tripoli,570.859771696519,39.60845799552894
2031-01-01,Tripoli,577.0061559346634,35.253326674144276
2031-02-01,Tripoli,604.2794785122383,36.87727182039096
2031-03-01,Tripoli,632.3474931291667,39.030914552591724
2031-04-01,Tripoli,629.1580385742013,41.29187950988445
2031-05-01,Tripoli,636.1894619033043,40.597379725357136
2031-06-01,Tripoli,637.0808710618583,40.254012304641904
2031-07-01,Tripoli,633.7653204967064,40.06536190892682
2031-08-01,Tripoli,644.615494921881,40.40268854554172
2031-09-01,Tripoli,639.5768584767446,40.380528921039385
2031-10-01,Tripoli,626.0683817448964,39.97067906818144
2031-11-01,Tripoli,612.1338588800796,39.77269081239021
2031-12-01,Tripoli,604.84731956515,39.88588745536352
2032-01-01,Tripoli,594.4254364607028,39.75982100638207
2032-02-01,Tripoli,582.0852927822434,39.57311896371259
2032-03-01,Tripoli,577.5377258923055,39.71640387152728
2032-04-01,Tripoli,578.6216816568905,39.92051120140423
2032-05-01,Tripoli,577.1154043343791,39.83513597233156
2032-06-01,Tripoli,574.2041964205252,39.69436879927443
2032-07-01,Tripoli,573.5804171237571,39.693059221336924
2032-08-01,Tripoli,573.2658471737072,39.71102855230281
2032-09-01,Tripoli,570.9910368599183,39.65928420991061
2032-10-01,Tripoli,569.3129939715642,39.66665948239834
2032-11-01,Tripoli,567.835503785126,39.64786098931441
2032-12-01,Tripoli,563.9271366288128,39.512518956381555
2033-01-01,Tripoli,579.6824893616343,35.429315444039666
2033-02-01,Tripoli,605.1091537096975,36.854236771506486
2033-03-01,Tripoli,613.8227099978783,37.41388739414536
2033-04-01,Tripoli,600.0033356773533,39.78014793349904
2033-05-01,Tripoli,623.8766259736346,40.82565019163539
2033-06-01,Tripoli,629.7424487646836,40.440495491215856
2033-07-01,Tripoli,618.0317234592242,39.74997248208301
2033-08-01,Tripoli,632.8434011510086,40.32820274171028
2033-09-01,Tripoli,648.3425762200709,40.82015032016143
2033-10-01,Tripoli,636.3280021712249,40.134440365812495
2033-11-01,Tripoli,616.2791542609159,39.69801818018452
2033-12-01,Tripoli,610.8865265457748,39.949651089831626
2034-01-01,Tripoli,600.3516530620136,39.72753528399609
2034-02-01,Tripoli,574.2118892343973,38.98576970010471
2034-03-01,Tripoli,557.2216484250049,38.821864277727826
2034-04-01,Tripoli,548.2173316197535,38.8605537650555
2034-05-01,Tripoli,531.796219800437,38.260099825483294
2034-06-01,Tripoli,512.3117842454543,37.37045958338347
2034-07-01,Tripoli,491.7020745092983,36.11015985372812
2034-08-01,Tripoli,452.33441280148554,32.71004802951907
2034-09-01,Tripoli,410.6526761009354,27.556147118286596
2034-10-01,Tripoli,412.51115202415536,25.362966164143767
2034-11-01,Tripoli,435.49933361125306,25.209706400462675
2034-12-01,Tripoli,455.5539598342442,24.822219014341957
2035-01-01,Tripoli,578.4462785387869,35.36596994926629
2035-02-01,Tripoli,626.9026517452113,38.1501966998501
2035-03-01,Tripoli,688.27964539086,43.54132160478139
2035-04-01,Tripoli,708.743992273037,43.30829502189042
2035-05-01,Tripoli,702.578010504531,40.718156262370925
2035-06-01,Tripoli,681.4626984086899,40.587184234077355
2035-07-01,Tripoli,685.1182817897168,41.491910422567344
2035-08-01,Tripoli,695.9276947441036,41.843524981516744
2035-09-01,Tripoli,678.4929241629825,40.96608819089028
2035-10-01,Tripoli,666.1968140118897,40.615831251460335
2035-11-01,Tripoli,666.4654359333831,40.901146648005565
2035-12-01,Tripoli,655.6476513874297,40.61718353302624
2036-01-01,Tripoli,623.5740825719683,39.844500522175444
2036-02-01,Tripoli,600.0284852611655,39.6544462446768
2036-03-01,Tripoli,590.0296024923393,39.752566727508125
2036-04-01,Tripoli,575.8812472491718,39.41232556825513
2036-05-01,Tripoli,558.5304362475042,38.96369548285917
2036-06-01,Tripoli,549.6376826479527,38.97926629336342
2036-07-01,Tripoli,544.3972925865179,39.02662817589138
2036-08-01,Tripoli,534.604392741164,38.7172652986051
2036-09-01,Tripoli,525.1220597979177,38.4109984343776
2036-10-01,Tripoli,521.9573719265267,38.4968131549592
2036-11-01,Tripoli,520.221197820226,38.5697491729434
2036-12-01,Tripoli,517.1525134812282,38.4727603362646
2037-01-01,Tripoli,579.9145617149576,35.52646708830174
2037-02-01,Tripoli,642.4337119613629,38.9668359788642
2037-03-01,Tripoli,684.1342281781299,42.299576601664526
2037-04-01,Tripoli,652.7176813619152,40.34942644502358
2037-05-01,Tripoli,626.661859709196,39.45057912270958
2037-06-01,Tripoli,625.4544708315341,40.10156924785391
2037-07-01,Tripoli,642.9516367468882,40.63125081994735
2037-08-01,Tripoli,620.2451653076,39.77408223894881
2037-09-01,Tripoli,598.8571760286543,39.408729566880524
2037-10-01,Tripoli,595.3175940151766,39.76365543634854
2037-11-01,Tripoli,586.8281213889904,39.564540872358336
2037-12-01,Tripoli,565.0418810534418,38.8832080399201
2038-01-01,Tripoli,555.3903410141247,38.991395903146014
2038-02-01,Tripoli,557.7616421878824,39.513840989544015
2038-03-01,Tripoli,553.8985094733187,39.402188794464394
2038-04-01,Tripoli,548.9412741378637,39.26544821770154
2038-05-01,Tripoli,555.4637012188088,39.72356384655517
2038-06-01,Tripoli,563.9679851223818,40.02422052160202
2038-07-01,Tripoli,564.4028205562673,39.796243642769
2038-08-01,Tripoli,567.3159603758673,39.802442786157954
2038-09-01,Tripoli,576.1642453341453,40.070352895495716
2038-10-01,Tripoli,580.6995420119118,40.03991944299146
2038-11-01,Tripoli,579.9392587803068,39.855071449521546
2038-12-01,Tripoli,583.068371738679,39.96321482980122
2039-01-01,Tripoli,568.1761631650268,34.72401520016361
2039-02-01,Tripoli,498.2752358717745,30.535634430397792
2039-03-01,Tripoli,452.6455540539499,25.831233690989862
2039-04-01,Tripoli,441.0089025399818,25.141301415383175
2039-05-01,Tripoli,448.52857588616735,24.84612059101932
2039-06-01,Tripoli,440.5341584585659,24.817668408940904
2039-07-01,Tripoli,426.13956355327014,24.942437735209804
2039-08-01,Tripoli,425.68659257174977,25.05898928198906
2039-09-01,Tripoli,425.80988644837663,25.07760361567552
2039-10-01,Tripoli,426.5855379031693,25.12548950731027
2039-11-01,Tripoli,427.84266900265504,25.204005466071678
2039-12-01,Tripoli,428.1461870594726,25.251742784665964
2040-01-01,Tripoli,428.78336786456975,25.2983867124415
2040-02-01,Tripoli,428.85075830645275,25.32848120489535
2040-03-01,Tripoli,429.18353342236253,25.346026168554037
2040-04-01,Tripoli,429.32343124567234,25.358176240491908
2040-05-01,Tripoli,429.5638055723371,25.375118015399487
2040-06-01,Tripoli,429.62348579579185,25.372400997042728
2040-07-01,Tripoli,429.48506735976514,25.363243737728347
2040-08-01,Tripoli,429.5481588762491,25.37507264279431
2040-09-01,Tripoli,429.6761171739567,25.386321490241222
2040-10-01,Tripoli,429.6929125707586,25.386122206642035
2040-11-01,Tripoli,429.64891385250445,25.38773248929617
2040-12-01,Tripoli,429.68302678279645,25.39611663500478
2041-01-01,Tripoli,572.7039932881528,35.008165143517175
2041-02-01,Tripoli,533.1896285755281,32.72003445095149
2041-03-01,Tripoli,485.33517454319497,28.102750892791267
2041-04-01,Tripoli,439.9244246387088,25.670559509828347
2041-05-01,Tripoli,438.3793003465997,24.90616723049904
2041-06-01,Tripoli,435.69590066978253,24.581704172279796
2041-07-01,Tripoli,427.2339968607305,24.610560259510137
2041-08-01,Tripoli,423.4406390122589,24.757427823815554
2041-09-01,Tripoli,424.98475384010425,24.83307730152082
2041-10-01,Tripoli,425.20199751148425,24.86686743714886
2041-11-01,Tripoli,425.2266423631646,24.92963643293888
2041-12-01,Tripoli,426.10600756877886,25.02995704229158
2042-01-01,Tripoli,427.1986482069432,25.135251734693604
2042-02-01,Tripoli,428.35852264598407,25.239070482939155
2042-03-01,Tripoli,428.6583161277595,25.29047853425773
2042-04-01,Tripoli,428.65943001936085,25.311262746062113
2042-05-01,Tripoli,428.79166983791123,25.336166968347882
2042-06-01,Tripoli,429.16628550709754,25.357244767597496
2042-07-01,Tripoli,429.53557538206485,25.375975646603123
2042-08-01,Tripoli,429.80780004670635,25.39907564058912
2042-09-01,Tripoli,429.9790260713047,25.421620487405956
2042-10-01,Tripoli,430.1397049348026,25.45117317757452
2042-11-01,Tripoli,430.3318164269267,25.475740219127736
2042-12-01,Tripoli,430.3813846031877,25.477893193726086
2043-01-01,Tripoli,578.565099444452,35.35943718378047
2043-02-01,Tripoli,635.9517156646366,38.6882214933416
2043-03-01,Tripoli,699.2825273927601,44.13566892549282
2043-04-01,Tripoli,706.1082810804036,42.68283632857394
2043-05-01,Tripoli,694.381961292525,40.48617413905783
2043-06-01,Tripoli,668.6197022904361,40.502180882435304
2043-07-01,Tripoli,683.7410940610707,41.55193037227931
2043-08-01,Tripoli,688.1033024267178,41.59029068580476
2043-09-01,Tripoli,664.9010796065941,40.55824007061345
2043-10-01,Tripoli,650.7468938370756,40.345606249599896
2043-11-01,Tripoli,651.2801868457886,40.705542678133156
2043-12-01,Tripoli,635.0305273103021,40.227614345021166
2044-01-01,Tripoli,603.4850301366723,39.51973586958065
2044-02-01,Tripoli,588.5800118096042,39.625715599354876
2044-03-01,Tripoli,585.4213981283518,39.86261753652286
2044-04-01,Tripoli,573.6951653632547,39.480548173255016
2044-05-01,Tripoli,562.8497423819422,39.27218293576331
2044-06-01,Tripoli,561.5292586976285,39.488419875422856
2044-07-01,Tripoli,555.546755761336,39.260368265240146
2044-08-01,Tripoli,539.5485572548591,38.622726582605566
2044-09-01,Tripoli,528.0649091950731,38.34779706435006
2044-10-01,Tripoli,517.9948940047657,38.03581236221199
2044-11-01,Tripoli,497.70582840879825,36.723496944192334
2044-12-01,Tripoli,472.1276922075048,34.61393147376866
2045-01-01,Tripoli,573.5876922282786,35.02500816628408
2045-02-01,Tripoli,539.5236687393909,33.12590041114356
2045-03-01,Tripoli,505.21946237395764,29.350778667236035
2045-04-01,Tripoli,459.708914743811,27.80452743490413
2045-05-01,Tripoli,453.10954211959006,26.46426871971111
2045-06-01,Tripoli,447.19721435418404,25.41404948995474
2045-07-01,Tripoli,437.0231547264858,24.936590896755117
2045-08-01,Tripoli,430.2751297871506,25.004486996929554
2045-09-01,Tripoli,429.4169111174062,25.13122157976364
2045-10-01,Tripoli,428.63363646696655,25.182610948244786
2045-11-01,Tripoli,428.4707994384911,25.21994904366548
2045-12-01,Tripoli,428.43682574464924,25.283347917974357
2046-01-01,Tripoli,428.69060157964304,25.325317577758273
2046-02-01,Tripoli,429.14148401441076,25.339956025709192
2046-03-01,Tripoli,429.4543483179461,25.35314610893031
2046-04-01,Tripoli,429.80816554238805,25.382832247937618
2046-05-01,Tripoli,430.10372971698956,25.420765525179092
2046-06-01,Tripoli,430.325167886431,25.4511189083801
2046-07-01,Tripoli,430.4369051376936,25.47123231735508
2046-08-01,Tripoli,430.5445175091199,25.492353709892015
2046-09-01,Tripoli,430.7077722469459,25.514472410083805
2046-10-01,Tripoli,430.8781280437307,25.53678594558016
2046-11-01,Tripoli,431.0035278716664,25.553091614356408
2046-12-01,Tripoli,431.0444633880168,25.56068396362182
2047-01-01,Tripoli,579.4124750756393,35.42755214005044
2047-02-01,Tripoli,616.3995415766453,37.50078216066183
2047-03-01,Tripoli,634.8844682740722,39.07405233454409
2047-04-01,Tripoli,615.0272793374243,40.29174096033064
2047-05-01,Tripoli,620.0693096710335,40.193293083014936
2047-06-01,Tripoli,621.658450085953,40.043753872957936
2047-07-01,Tripoli,617.2094277936241,39.856873898503466
2047-08-01,Tripoli,627.068447548253,40.250715228666095
2047-09-01,Tripoli,629.460094648292,40.411803990886625
2047-10-01,Tripoli,619.839987237601,40.009984199485174
2047-11-01,Tripoli,609.7661778540264,39.87635209100605
2047-12-01,Tripoli,609.7332136244482,40.19336959368249
2048-01-01,Tripoli,608.1469449613135,40.20949021340235
2048-02-01,Tripoli,598.9540323843048,39.90162196310996
2048-03-01,Tripoli,595.2303623791441,39.95733774294308
2048-04-01,Tripoli,598.4758596053035,40.17210852469434
2048-05-01,Tripoli,596.1873693102852,40.00262316154024
2048-06-01,Tripoli,589.981809580818,39.80147661656548
2048-07-01,Tripoli,588.7290296204002,39.874350358424934
2048-08-01,Tripoli,586.7306210647579,39.84130842595277
2048-09-01,Tripoli,579.8860878608975,39.65334840556342
2048-10-01,Tripoli,575.2427611023543,39.638588963998714
2048-11-01,Tripoli,573.5517344150218,39.72585738726366
2048-12-01,Tripoli,570.5316261925775,39.68745437010982
2049-01-01,Tripoli,574.7229914338642,35.220269617470386
2049-02-01,Tripoli,579.7785799168089,35.38832885736781
2049-03-01,Tripoli,600.0779142009765,36.25711015631355
2049-04-01,Tripoli,602.1978587730622,39.269289764939415
2049-05-01,Tripoli,604.7252440074622,39.19521142489559
2049-06-01,Tripoli,592.5849568486676,39.52857374134098
2049-07-01,Tripoli,595.0045382615223,39.76438673598484
2049-08-01,Tripoli,606.3398124790942,39.95482178750336
2049-09-01,Tripoli,600.608231030567,39.82686748228319
2049-10-01,Tripoli,599.0333275426775,39.87475782221256
2049-11-01,Tripoli,596.013393365796,39.88019541756178
2049-12-01,Tripoli,591.6458592059298,39.807851912421576
2050-01-01,Tripoli,587.7047366747138,39.7933148855881
2050-02-01,Tripoli,585.6143102300643,39.82702940020752
2050-03-01,Tripoli,583.421475376314,39.82538708983209
2050-04-01,Tripoli,581.1534702440272,39.793273961277556
2050-05-01,Tripoli,578.8133406305515,39.746655833610845
2050-06-01,Tripoli,576.943743195874,39.74443346561635
2050-07-01,Tripoli,574.9675602585903,39.71437189054272
2050-08-01,Tripoli,570.6568345703942,39.579218465301956
2050-09-01,Tripoli,566.5673207924079,39.52703641071869
2050-10-01,Tripoli,564.720331876327,39.57807258460663
2050-11-01,Tripoli,560.8225292856707,39.48183995801402
2050-12-01,Tripoli,553.8892502493823,39.252537487382845
2051-01-01,Tripoli,578.770281758336,35.444858675117246
2051-02-01,Tripoli,628.1797980844092,38.16781461554063
2051-03-01,Tripoli,679.410527178725,42.481374844339754
2051-04-01,Tripoli,680.6784491030991,42.01653695264929
2051-05-01,Tripoli,662.1366095066646,40.08149676318948
2051-06-01,Tripoli,647.7964908624984,40.18623808774019
2051-07-01,Tripoli,664.178564262098,41.033156018605595
2051-08-01,Tripoli,666.1862842553456,40.935950105149104
2051-09-01,Tripoli,639.4565581837965,40.05379100494908
2051-10-01,Tripoli,625.1151516024662,39.97256158646661
2051-11-01,Tripoli,619.4744393422321,40.08391129751176
2051-12-01,Tripoli,596.8148035638703,39.43313646982726
2052-01-01,Tripoli,570.0729117074875,38.886099431426146
2052-02-01,Tripoli,559.8747119602409,39.08055574128538
2052-03-01,Tripoli,554.9287199681374,39.22594736143432
2052-04-01,Tripoli,544.3936376297008,38.9086451679019
2052-05-01,Tripoli,538.128467295004,38.86203593682444
2052-06-01,Tripoli,537.7668876384649,39.07342601466093
2052-07-01,Tripoli,534.949159596345,39.01753942031422
2052-08-01,Tripoli,531.7202663168684,38.95876677241502
2052-09-01,Tripoli,535.060862038495,39.269140302240025
2052-10-01,Tripoli,541.309115144496,39.62043102534075
2052-11-01,Tripoli,546.2662982662821,39.737029724043026
2052-12-01,Tripoli,553.4219031043817,39.901326596346884
2053-01-01,Tripoli,582.2919544834103,35.653943646679224
2053-02-01,Tripoli,619.967841107971,37.58986993642827
2053-03-01,Tripoli,636.1839446589663,39.08684029193113
2053-04-01,Tripoli,616.9977709848072,39.87240200537933
2053-05-01,Tripoli,605.5177778818381,39.188078139635444
2053-06-01,Tripoli,595.0885848637571,39.3105557045137
2053-07-01,Tripoli,597.9820227256578,39.702333025970475
2053-08-01,Tripoli,599.7290572750718,39.750839009875904
2053-09-01,Tripoli,583.6640948907377,39.2963958930644
2053-10-01,Tripoli,575.7101430564674,39.3064312457377
2053-11-01,Tripoli,575.9742746024426,39.671428054236
2053-12-01,Tripoli,574.2942824037862,39.71580957936542
2054-01-01,Tripoli,569.5866806189325,39.58376284309054
2054-02-01,Tripoli,570.1694025674564,39.705692378071035
2054-03-01,Tripoli,573.3723978672009,39.83075707110301
2054-04-01,Tripoli,571.5518116629839,39.66577516142695
2054-05-01,Tripoli,569.1856274287699,39.596506317531336
2054-06-01,Tripoli,572.0890032923016,39.80533595698185
2054-07-01,Tripoli,573.5326242122358,39.836995359484675
2054-08-01,Tripoli,569.3800015132092,39.612555764537206
2054-09-01,Tripoli,568.5708636921503,39.66705093232531
2054-10-01,Tripoli,571.6342744505979,39.8529754130944
2054-11-01,Tripoli,570.4507298150278,39.757187615964256
2054-12-01,Tripoli,566.9856567069481,39.60478370416895
2055-01-01,Tripoli,574.709189620741,35.17823056429033
2055-02-01,Tripoli,597.5059733025215,36.47116654194808
2055-03-01,Tripoli,633.9393138457519,39.18718136343911
2055-04-01,Tripoli,642.339135602584,41.79695845406768
2055-05-01,Tripoli,639.5958294430806,40.29302384850041
2055-06-01,Tripoli,631.776205974113,39.980241122306666
2055-07-01,Tripoli,636.2411534354305,40.331179540473116
2055-08-01,Tripoli,658.6482142931811,40.888257269501075
2055-09-01,Tripoli,647.165767147778,40.42064186264696
2055-10-01,Tripoli,632.8537916711027,40.06873905420588
2055-11-01,Tripoli,628.4977271138193,40.25078818069794
2055-12-01,Tripoli,624.8415867869918,40.26175233728886
2056-01-01,Tripoli,606.48458357816,39.74468257011533
2056-02-01,Tripoli,592.2168504835267,39.64445181631405
2056-03-01,Tripoli,589.5929221754891,39.90735314590441
2056-04-01,Tripoli,583.4756731645432,39.7522019673489
2056-05-01,Tripoli,572.7999794159897,39.46441331899236
2056-06-01,Tripoli,571.8469233191222,39.70000389890498
2056-07-01,Tripoli,576.4402990011665,40.004471872786254
2056-08-01,Tripoli,574.1933707865244,39.81020950857266
2056-09-01,Tripoli,572.1086878454446,39.72683779139894
2056-10-01,Tripoli,578.2532620097368,40.03335731876112
2056-11-01,Tripoli,583.8134085789903,40.13729617096154
2056-12-01,Tripoli,582.0829257625905,39.89240687596546
2057-01-01,Tripoli,580.6063928267472,35.53297227436088
2057-02-01,Tripoli,620.2915310455071,37.67222210447402
2057-03-01,Tripoli,632.1781990103144,38.68004374850358
2057-04-01,Tripoli,589.1042022353872,38.10350028219799
2057-05-01,Tripoli,570.3746370950091,37.86039920164104
2057-06-01,Tripoli,557.0853185357307,37.92730867006772
2057-07-01,Tripoli,512.3238978166193,35.43078782956044
2057-08-01,Tripoli,440.9074687860319,29.797092970450382
2057-09-01,Tripoli,409.75583672082473,25.307048431734685
2057-10-01,Tripoli,431.8124394334938,25.58182048036048
2057-11-01,Tripoli,456.80597399418605,25.048436147821455
2057-12-01,Tripoli,441.7530517479233,25.030699907493904
2058-01-01,Tripoli,428.35606860354983,25.45846749110008
2058-02-01,Tripoli,432.41432379847254,25.515273992775175
2058-03-01,Tripoli,430.12059473201657,25.491686465698315
2058-04-01,Tripoli,430.0989956776837,25.532859880744407
2058-05-01,Tripoli,431.1961963095912,25.512398615129776
2058-06-01,Tripoli,430.0169854085327,25.426706667479824
2058-07-01,Tripoli,430.35191868942013,25.410922338833586
2058-08-01,Tripoli,429.87251018692353,25.410514875045966
2058-09-01,Tripoli,430.0421698014575,25.40680410767005
2058-10-01,Tripoli,429.6322925012652,25.3681831240796
2058-11-01,Tripoli,429.17422198475737,25.331873474376135
2058-12-01,Tripoli,428.9899947566242,25.31638095385728
2059-01-01,Tripoli,569.5148520152003,34.82105919569577
2059-02-01,Tripoli,524.4999165294391,32.20292109049064
2059-03-01,Tripoli,481.0019621682961,27.766416225877666
2059-04-01,Tripoli,439.4716102981949,25.508931614299296
2059-05-01,Tripoli,439.0717058087462,24.85420581132915
2059-06-01,Tripoli,436.74198411992086,24.627857897987692
2059-07-01,Tripoli,428.49044918252156,24.694742455964477
2059-08-01,Tripoli,424.98155140175027,24.917658065173526
2059-09-01,Tripoli,427.8506228848711,25.120338382134882
2059-10-01,Tripoli,428.4814858360417,25.22113940730705
2059-11-01,Tripoli,427.8376216813363,25.277503748496443
2059-12-01,Tripoli,427.87580727779584,25.330343261025245
2060-01-01,Tripoli,428.2195646687129,25.350925520253668
2060-02-01,Tripoli,429.2063682001907,25.370108345993167
2060-03-01,Tripoli,429.70086645297465,25.388380160993528
2060-04-01,Tripoli,430.0662751118934,25.41644267246282
2060-05-01,Tripoli,430.20316194696824,25.44628450178199
2060-06-01,Tripoli,430.33797763984677,25.471833726788336
2060-07-01,Tripoli,430.5401141563832,25.496105401578475
2060-08-01,Tripoli,430.6821179310018,25.509819493906384
2060-09-01,Tripoli,430.7897303024281,25.52229873964648
2060-10-01,Tripoli,430.9076461711671,25.542654135849045
2060-11-01,Tripoli,431.007095805702,25.553588044036523
2060-12-01,Tripoli,431.0791158595532,25.566365325516472
2061-01-01,Tripoli,577.8079838420883,35.357276202251796
2061-02-01,Tripoli,631.0829650932656,38.39069463839269
2061-03-01,Tripoli,685.9627160508942,43.01322718421004
2061-04-01,Tripoli,680.8229765383771,41.89469638356128
2061-05-01,Tripoli,660.7316789153219,40.0563888090099
2061-06-01,Tripoli,643.4911779913027,40.10486988246543
2061-07-01,Tripoli,658.6429929262997,40.8744373077611
2061-08-01,Tripoli,660.5017299178637,40.956253901134026
2061-09-01,Tripoli,642.4607586418088,40.283630829570924
2061-10-01,Tripoli,632.4551055005929,40.168557006265985
2061-11-01,Tripoli,630.846837478331,40.39647872624566
2061-12-01,Tripoli,619.5401067330442,40.109818165405926
2062-01-01,Tripoli,600.956792079015,39.73725925604566
2062-02-01,Tripoli,593.6195184825541,39.87174721641057
2062-03-01,Tripoli,591.7217082621607,39.957681151288114
2062-04-01,Tripoli,582.8843011515523,39.65690348262747
2062-05-01,Tripoli,574.4571194322617,39.49538412548726
2062-06-01,Tripoli,569.9736361185153,39.49588055516739
2062-07-01,Tripoli,558.4251212775057,39.09967984953583
2062-08-01,Tripoli,538.107564422922,38.3792500659823
2062-09-01,Tripoli,514.1496531740489,37.375079582180675
2062-10-01,Tripoli,476.2421293100718,34.62094376541501
2062-11-01,Tripoli,415.83345555714055,28.321875665321162
2062-12-01,Tripoli,402.6046700445743,24.589239583374017
2063-01-01,Tripoli,582.116620983532,35.60556399434113
2063-02-01,Tripoli,667.4613246432345,40.42318094921873
2063-03-01,Tripoli,736.4459542624646,45.44505291735481
2063-04-01,Tripoli,717.6488246346408,41.72508468883984
2063-05-01,Tripoli,704.7185620712421,40.57437492487611
2063-06-01,Tripoli,668.7268273342868,40.845453999304496
2063-07-01,Tripoli,685.6526364763623,41.69117800789264
2063-08-01,Tripoli,662.6619312286053,40.85940918920106
2063-09-01,Tripoli,630.0983023222093,39.829006222338734
2063-10-01,Tripoli,607.7996196363608,39.465609020587465
2063-11-01,Tripoli,583.7799396172803,38.96926296841143
2063-12-01,Tripoli,539.5895797939909,37.32525156511279
2064-01-01,Tripoli,494.1429068853605,34.873719886780655
2064-02-01,Tripoli,443.65524791649705,30.99523134136145
2064-03-01,Tripoli,414.9841828293197,27.215252059723767
2064-04-01,Tripoli,423.20621704383893,26.15752499829985
2064-05-01,Tripoli,443.74792717864244,25.53645499246008
2064-06-01,Tripoli,447.12571643702097,25.079166746406635
2064-07-01,Tripoli,431.1986329474692,25.179276506594125
2064-08-01,Tripoli,431.2508466162834,25.384772594052905
2064-09-01,Tripoli,430.27739237946594,25.461803712068598
2064-10-01,Tripoli,430.44099520841735,25.558618175598117
2064-11-01,Tripoli,431.8258757509354,25.65483478833008
2064-12-01,Tripoli,431.38966535710443,25.724106301202468
2065-01-01,Tripoli,579.1983990335007,35.41936905725887
2065-02-01,Tripoli,603.0401696783745,36.7267175095006
2065-03-01,Tripoli,611.6898164359266,37.21655303766396
2065-04-01,Tripoli,587.9640645631581,38.55204318101931
2065-05-01,Tripoli,596.7534350984573,39.428798492909266
2065-06-01,Tripoli,599.8752555477519,39.847906136540104
2065-07-01,Tripoli,585.3473939550856,39.17061591425677
2065-08-01,Tripoli,578.6823539400526,39.041199009764
2065-09-01,Tripoli,576.141845670224,39.27455654577504
2065-10-01,Tripoli,565.844683616018,39.02605345622587
2065-11-01,Tripoli,545.439581843389,38.29935157725153
2065-12-01,Tripoli,534.911844227699,38.210343870788336
2066-01-01,Tripoli,532.9450945599144,38.534221533434966
2066-02-01,Tripoli,526.0323354954701,38.30866986483132
2066-03-01,Tripoli,519.6342465645282,38.154766877747505
2066-04-01,Tripoli,525.0187811610031,38.82010809101
2066-05-01,Tripoli,532.780656312262,39.368680680715556
2066-06-01,Tripoli,531.9761481031711,39.15736889286446
2066-07-01,Tripoli,533.945804331853,39.21687995767137
2066-08-01,Tripoli,542.5453433718997,39.62133847744418
2066-09-01,Tripoli,547.5363087374086,39.7027440483938
2066-10-01,Tripoli,548.5731155590541,39.57061724281566
2066-11-01,Tripoli,554.3425171083593,39.7302113780423
2066-12-01,Tripoli,560.9161832029672,39.874809422430204
2067-01-01,Tripoli,572.7172207509191,34.993728648142216
2067-02-01,Tripoli,548.9915384963757,33.686644424601184
2067-03-01,Tripoli,533.3736991626547,31.1766950722809
2067-04-01,Tripoli,503.19287584171184,31.50466516598224
2067-05-01,Tripoli,531.1066860900754,32.83327646652998
2067-06-01,Tripoli,518.9724035031944,33.22979922869236
2067-07-01,Tripoli,481.13756106620684,30.81212796904334
2067-08-01,Tripoli,466.9906329966535,30.26907482330809
2067-09-01,Tripoli,469.1235961768303,30.036957471838413
2067-10-01,Tripoli,469.1837637278606,29.608685451621795
2067-11-01,Tripoli,470.3817019314671,29.526806582124124
2067-12-01,Tripoli,475.59563706736935,30.351551543603325
2068-01-01,Tripoli,489.0650405703883,31.6767714643292
2068-02-01,Tripoli,508.6301288391328,33.07311427815026
2068-03-01,Tripoli,527.2998397104934,35.190338822258724
2068-04-01,Tripoli,546.3046927174169,38.092813699191645
2068-05-01,Tripoli,558.1563601195622,39.74977497780168
2068-06-01,Tripoli,559.4744245705542,39.76639558583735
2068-07-01,Tripoli,567.8999180478866,39.887864277494735
2068-08-01,Tripoli,583.2537824766387,40.13686557604187
2068-09-01,Tripoli,588.3282200940254,39.99153623201767
2068-10-01,Tripoli,583.4311871187133,39.7260798019949
2068-11-01,Tripoli,581.7821924347763,39.768370628650715
2068-12-01,Tripoli,581.7476791996901,39.871768568224766
2069-01-01,Tripoli,566.96487566676,34.65274640300474
2069-02-01,Tripoli,487.78953025948005,29.821327279565672
2069-03-01,Tripoli,438.14426921871024,24.993441881376455
2069-04-01,Tripoli,433.6276998434918,24.67282126005402
2069-05-01,Tripoli,440.3255822562091,24.507142747439733
2069-06-01,Tripoli,432.9475123798479,24.588882830145117
2069-07-01,Tripoli,422.24818324387786,24.747245677419645
2069-08-01,Tripoli,424.82772993342337,24.888607142638627
2069-09-01,Tripoli,424.83665847079055,24.9141536986682
2069-10-01,Tripoli,424.8945982386182,24.957319949706154
2069-11-01,Tripoli,425.81108736275934,25.037172176172824
2069-12-01,Tripoli,426.3464689182249,25.1108528386772
2070-01-01,Tripoli,427.7106728478925,25.203619354098258
2070-02-01,Tripoli,428.076899520956,25.26774507974881
2070-03-01,Tripoli,428.5805003566699,25.31725459892157
2070-04-01,Tripoli,428.7918612880302,25.355267945466284
2070-05-01,Tripoli,429.2163758200468,25.390538473545423
2070-06-01,Tripoli,429.6382970731789,25.419059159361062
2070-07-01,Tripoli,429.94496535468153,25.44106398321046
2070-08-01,Tripoli,430.14703225299286,25.452481865853105
2070-09-01,Tripoli,430.220201007558,25.462421135362504
2070-10-01,Tripoli,430.3638408104661,25.47809425664312
2070-11-01,Tripoli,430.4442150513276,25.48366174219538
2070-12-01,Tripoli,430.40583800474906,25.47651511205136
2071-01-01,Tripoli,573.5679902705792,35.07922665014654
2071-02-01,Tripoli,568.7023377102247,34.81977452820816
2071-03-01,Tripoli,581.4078900476029,34.770079959979014
2071-04-01,Tripoli,588.2606556065797,38.89558141624813
2071-05-01,Tripoli,623.5060481615034,40.94625235549988
2071-06-01,Tripoli,617.8447637157565,40.3591272859411
2071-07-01,Tripoli,604.766336164819,39.6111963656999
2071-08-01,Tripoli,628.7010993538511,40.40101064880929
2071-09-01,Tripoli,653.4283093944778,41.031223679420634
2071-10-01,Tripoli,644.959948495049,40.343851842199925
2071-11-01,Tripoli,630.3315407808027,40.05599913840078
2071-12-01,Tripoli,636.9207491441612,40.63418135644609
2072-01-01,Tripoli,639.7768194237472,40.59946686519504
2072-02-01,Tripoli,620.3629071307763,39.920393766426145
2072-03-01,Tripoli,608.9008581253231,39.954426778940686
2072-04-01,Tripoli,611.0161208717718,40.30862312809026
2072-05-01,Tripoli,603.158694706583,39.99170348789556
2072-06-01,Tripoli,588.4864101059765,39.5955454858924
2072-07-01,Tripoli,583.9904651299396,39.73759910575498
2072-08-01,Tripoli,580.9950713774008,39.7550880209014
2072-09-01,Tripoli,567.3268556280933,39.26636812502992
2072-10-01,Tripoli,556.2403969469777,39.0965429121665
2072-11-01,Tripoli,553.8037938780896,39.31829573716066
2072-12-01,Tripoli,549.6611962034754,39.31158237091309
2073-01-01,Tripoli,578.6886195803104,35.47221924569477
2073-02-01,Tripoli,607.252107105174,36.90205949735756
2073-03-01,Tripoli,629.9205495890092,38.60022888771176
2073-04-01,Tripoli,621.4834994863126,40.175581753137294
2073-05-01,Tripoli,616.7117445070423,39.65500139184596
2073-06-01,Tripoli,606.8575980281694,39.56429354717721
2073-07-01,Tripoli,600.8400075064337,39.53266439307784
2073-08-01,Tripoli,599.5512871373154,39.52455070368241
2073-09-01,Tripoli,574.9648973614808,38.78877608299156
2073-10-01,Tripoli,546.5802416523062,37.916110533179534
2073-11-01,Tripoli,528.0314054242506,37.38157854062734
2073-12-01,Tripoli,510.11169169173866,36.505144395609285
2074-01-01,Tripoli,485.0640289610423,34.73927907833876
2074-02-01,Tripoli,464.51156281046303,33.35056508979904
2074-03-01,Tripoli,454.2791108964742,32.694408715277596
2074-04-01,Tripoli,448.45154332011,31.792875512669212
2074-05-01,Tripoli,441.6653675934278,30.26372441453352
2074-06-01,Tripoli,434.85933326803985,28.296917173840974
2074-07-01,Tripoli,436.2231717020257,26.69757554516343
2074-08-01,Tripoli,442.60519622752895,25.74650435429669
2074-09-01,Tripoli,442.3376707930807,25.24077773841611
2074-10-01,Tripoli,435.3097805889008,25.190899010789504
2074-11-01,Tripoli,431.80060433522925,25.343041362860873
2074-12-01,Tripoli,430.97253035694695,25.433734972986827
2075-01-01,Tripoli,581.1629209180825,35.56301338727924
2075-02-01,Tripoli,626.8223471225749,38.03915925908761
2075-03-01,Tripoli,663.4958357332386,41.38091657509217
2075-04-01,Tripoli,659.1823253160389,41.723122101251434
2075-05-01,Tripoli,647.4041399504715,40.118035055236646
2075-06-01,Tripoli,638.3942710917695,40.094370127833315
2075-07-01,Tripoli,648.3814057851125,40.596716039799134
2075-08-01,Tripoli,649.2724668525411,40.501476272566755
2075-09-01,Tripoli,619.2895507409606,39.601837153809555
2075-10-01,Tripoli,593.7396273253833,39.12248892505337
2075-11-01,Tripoli,575.4834661155883,38.9257195019893
2075-12-01,Tripoli,547.8618957715782,38.01565180131399
2076-01-01,Tripoli,513.845473744093,36.44237984811389
2076-02-01,Tripoli,483.8577887840943,34.61913064052599
2076-03-01,Tripoli,451.0506005172358,32.13401344811855
2076-04-01,Tripoli,431.77615093366785,30.1523542413331
2076-05-01,Tripoli,435.5805954844843,29.68257251499676
2076-06-01,Tripoli,450.7989480381071,29.76464444048115
2076-07-01,Tripoli,465.5976071218005,29.883102526336543
2076-08-01,Tripoli,476.76064585051034,30.813764941465223
2076-09-01,Tripoli,497.5986337467225,32.98211462535413
2076-10-01,Tripoli,535.0417170265964,36.61143906464294
2076-11-01,Tripoli,558.6289460360005,39.65184666129813
2076-12-01,Tripoli,554.7282542890031,40.17278822411299
2077-01-01,Tripoli,588.8496083862487,36.00573791673146
2077-02-01,Tripoli,729.4423608188397,43.8276102881905
2077-03-01,Tripoli,824.1877874574318,47.8524735268707
2077-04-01,Tripoli,791.7176384227696,42.055112563634566
2077-05-01,Tripoli,796.8013352640927,41.995953803761935
2077-06-01,Tripoli,710.3870171941728,42.41438708592768
2077-07-01,Tripoli,711.4949216281873,43.37276326622708
2077-08-01,Tripoli,693.1517028279225,42.24187510311094
2077-09-01,Tripoli,685.1229462107975,41.46754088529546
2077-10-01,Tripoli,688.8163322880459,41.53565139327081
2077-11-01,Tripoli,689.1905650569943,41.50610582037364
2077-12-01,Tripoli,662.1114599228524,40.76059121377258
2078-01-01,Tripoli,638.067222074873,40.50342284629451
2078-02-01,Tripoli,631.3163950019781,40.675525586005776
2078-03-01,Tripoli,622.7433805056892,40.401652982553095
2078-04-01,Tripoli,605.9934966184053,39.95171865717318
2078-05-01,Tripoli,598.4219925036434,40.01327059955389
2078-06-01,Tripoli,596.6833817594647,40.086190603677444
2078-07-01,Tripoli,588.5784453995398,39.79927382106733
2078-08-01,Tripoli,581.5152935643539,39.688763948047324
2078-09-01,Tripoli,581.606667484779,39.868373629767206
2078-10-01,Tripoli,579.9212798736785,39.83685123473883
2078-11-01,Tripoli,574.7970652253554,39.67577670706109
2078-12-01,Tripoli,574.3750221403294,39.7854947836379
2079-01-01,Tripoli,569.4379760901494,34.888175064993035
2079-02-01,Tripoli,516.4687406789924,31.64458894237852
2079-03-01,Tripoli,480.34410475034844,27.746591956053287
2079-04-01,Tripoli,457.05717395485163,26.884483988703497
2079-05-01,Tripoli,457.59283398321753,26.076492194439787
2079-06-01,Tripoli,449.6051173097806,25.393674521255825
2079-07-01,Tripoli,436.54983781868424,25.18273372117643
2079-08-01,Tripoli,433.05904077643527,25.429983281300366
2079-09-01,Tripoli,433.0375983631089,25.606759399344323
2079-10-01,Tripoli,432.3212094224204,25.6711858297115
2079-11-01,Tripoli,432.8522920524869,25.758246962446936
2079-12-01,Tripoli,432.8428413784315,25.972606721774866
2080-01-01,Tripoli,433.9087138090504,26.348410217234385
2080-02-01,Tripoli,435.3356089504076,26.873807191945325
2080-03-01,Tripoli,437.8107979205496,27.9353571177697
2080-04-01,Tripoli,448.4552330860395,30.25989532252059
2080-05-01,Tripoli,492.8987073711845,33.823330732169616
2080-06-01,Tripoli,555.4291357700537,37.93179522002618
2080-07-01,Tripoli,556.2609865370468,39.7437252971121
2080-08-01,Tripoli,551.654748887918,40.152046715937004
2080-09-01,Tripoli,577.1527371075814,40.31967625057368
2080-10-01,Tripoli,594.9815120335752,40.193536849560374
2080-11-01,Tripoli,602.3287062271108,40.17046799363675
2080-12-01,Tripoli,604.5194351295524,40.20016302923331
2081-01-01,Tripoli,572.2815847074451,34.983571412196206
2081-02-01,Tripoli,512.8700353878605,31.45560759354335
2081-03-01,Tripoli,453.5764889597964,26.02142497596295
2081-04-01,Tripoli,430.03057836698065,24.73863466868518
2081-05-01,Tripoli,439.9887344741317,24.626706679338824
2081-06-01,Tripoli,436.4087738901042,24.54085281376453
2081-07-01,Tripoli,424.18912195471194,24.71601509051865
2081-08-01,Tripoli,425.7163195538614,24.98414494561086
2081-09-01,Tripoli,427.36822079869575,25.109673150942733
2081-10-01,Tripoli,427.71793054785763,25.23510527311071
2081-11-01,Tripoli,427.98333262644076,25.33809219026145
2081-12-01,Tripoli,428.0118238850571,25.385403362230686
2082-01-01,Tripoli,428.9595193785929,25.43153662578331
2082-02-01,Tripoli,429.722691766539,25.46755980531294
2082-03-01,Tripoli,430.45535396734135,25.501275209591288
2082-04-01,Tripoli,430.8176994243563,25.5293991075264
2082-05-01,Tripoli,431.06132840304383,25.562356522400705
2082-06-01,Tripoli,431.37650751256325,25.60784567289167
2082-07-01,Tripoli,431.7190987982101,25.659162089340974
2082-08-01,Tripoli,432.07389067780326,25.712374368959324
2082-09-01,Tripoli,432.31087111599516,25.75506287315459
2082-10-01,Tripoli,432.51855968598215,25.80181978761359
2082-11-01,Tripoli,432.71383880734766,25.838775329696556
2082-12-01,Tripoli,432.80138372539295,25.838549356329622
2083-01-01,Tripoli,578.0881275798333,35.44256869304446
2083-02-01,Tripoli,606.6354462719208,36.87089652453486
2083-03-01,Tripoli,619.7089135243209,37.70666169111726
2083-04-01,Tripoli,585.8825144422073,37.86724067877381
2083-05-01,Tripoli,577.3852793839241,38.100954078354825
2083-06-01,Tripoli,583.6679412976737,39.39680457865067
2083-07-01,Tripoli,589.5378019457775,39.79630591889374
2083-08-01,Tripoli,589.6933116560627,39.79509776207368
2083-09-01,Tripoli,595.3152966137487,40.13954878735948
2083-10-01,Tripoli,606.7080058670165,40.40638774735161
2083-11-01,Tripoli,606.2362379647229,40.09878817405456
2083-12-01,Tripoli,603.4228262525583,39.97603303559171
2084-01-01,Tripoli,607.5730123137067,40.197851695346316
2084-02-01,Tripoli,610.5819816201372,40.24214781321894
2084-03-01,Tripoli,606.2408675766911,40.03043567885163
2084-04-01,Tripoli,604.4591631511845,40.066360106240595
2084-05-01,Tripoli,606.5842594719265,40.22355572100561
2084-06-01,Tripoli,604.4318379978383,40.128520575325965
2084-07-01,Tripoli,599.0524551500198,39.98635841707454
2084-08-01,Tripoli,596.6604599588553,40.01011586900606
2084-09-01,Tripoli,594.3453755018543,39.97729279262943
2084-10-01,Tripoli,588.8463363296697,39.82543869004974
2084-11-01,Tripoli,584.4455246582125,39.78743424009427
2084-12-01,Tripoli,583.3595499651001,39.88441951813738
2085-01-01,Tripoli,571.6432203925215,34.994085401371116
2085-02-01,Tripoli,540.2478723258453,33.11847264877926
2085-03-01,Tripoli,528.3195726624367,30.854877859704423
2085-04-01,Tripoli,540.6069979399501,34.481056465034655
2085-05-01,Tripoli,618.8249013021822,40.806819670830166
2085-06-01,Tripoli,624.1279477661942,40.58740131085504
2085-07-01,Tripoli,579.8437251709329,39.08562145920397
2085-08-01,Tripoli,604.4956082920169,40.21931916520505
2085-09-01,Tripoli,642.7205564532724,40.82591886863072
2085-10-01,Tripoli,627.4079408228836,39.97528572209477
2085-11-01,Tripoli,613.8359374606446,39.841858235168374
2085-12-01,Tripoli,624.0037662571975,40.5079138445476
2086-01-01,Tripoli,624.580309588245,40.34934637572033
2086-02-01,Tripoli,604.7364525417009,39.68242779718392
2086-03-01,Tripoli,596.9295343988117,39.860060656772596
2086-04-01,Tripoli,598.7240137686216,40.14850587341575
2086-05-01,Tripoli,588.0660204537962,39.71689140461814
2086-06-01,Tripoli,577.3456144001815,39.524675255931896
2086-07-01,Tripoli,579.5142221116021,39.88358145943009
2086-08-01,Tripoli,578.9472512865038,39.854987821582604
2086-09-01,Tripoli,569.0209629218858,39.442787489844974
2086-10-01,Tripoli,565.8661782430132,39.51848678845003
2086-11-01,Tripoli,570.1146652379828,39.86342000887316
2086-12-01,Tripoli,566.845167128725,39.65631096978347
2087-01-01,Tripoli,579.4133975171217,35.40633199537284
2087-02-01,Tripoli,647.6608049418064,39.35653149843661
2087-03-01,Tripoli,713.7030724914566,44.785160865007555
2087-04-01,Tripoli,712.7594670686445,42.490041901586494
2087-05-01,Tripoli,705.1016711638889,40.671548810611306
2087-06-01,Tripoli,675.3583287693848,40.7410916694558
2087-07-01,Tripoli,689.2993435336907,41.74151668918344
2087-08-01,Tripoli,687.4502138571886,41.603763680564
2087-09-01,Tripoli,668.805321883071,40.74869469462831
2087-10-01,Tripoli,661.2921404363747,40.657588282761196
2087-11-01,Tripoli,665.172555875316,40.99053068019401
2087-12-01,Tripoli,650.7878293534261,40.54156608304228
2088-01-01,Tripoli,625.158924061489,40.05737988905228
2088-02-01,Tripoli,615.0272445283117,40.2527205198829
2088-03-01,Tripoli,612.6356148328288,40.32965288575792
2088-04-01,Tripoli,600.3725907432081,39.89818965897756
2088-05-01,Tripoli,591.7847475649758,39.833216088371536
2088-06-01,Tripoli,594.849411451475,40.17074378790348
2088-07-01,Tripoli,595.3661179180614,40.1371413703086
2088-08-01,Tripoli,589.3434800750069,39.862094417075
2088-09-01,Tripoli,588.7224681026859,39.940742045357304
2088-10-01,Tripoli,591.9835075975957,40.09488613000978
2088-11-01,Tripoli,589.3446635848334,39.928680049653
2088-12-01,Tripoli,585.5498959673038,39.83862699395301
2089-01-01,Tripoli,571.8881373083731,34.94882133458816
2089-02-01,Tripoli,530.4369761693068,32.565227570399934
2089-03-01,Tripoli,491.2563960368557,28.444297181687155
2089-04-01,Tripoli,456.9197127694199,27.268151179400537
2089-05-01,Tripoli,462.3616475924779,27.039293538231828
2089-06-01,Tripoli,458.79858683258993,26.663656408991272
2089-07-01,Tripoli,448.16821454856733,25.96333825509487
2089-08-01,Tripoli,440.47444342599863,26.280695607480638
2089-09-01,Tripoli,438.8189046289036,26.95403396481939
2089-10-01,Tripoli,440.233372917083,27.428943685199073
2089-11-01,Tripoli,443.9786419765766,27.339419086900485
2089-12-01,Tripoli,444.38491653362064,27.779665026587832
2090-01-01,Tripoli,444.3574521438244,28.365278565633147
2090-02-01,Tripoli,447.0645742308394,28.03787429500807
2090-03-01,Tripoli,445.4077997102491,27.644411959547472
2090-04-01,Tripoli,443.57569168978034,27.968940852527155
2090-05-01,Tripoli,447.23447750916114,28.499407993451314
2090-06-01,Tripoli,453.649048554892,28.794231174927344
2090-07-01,Tripoli,461.3456914292455,29.68796028944618
2090-08-01,Tripoli,478.30862448984794,31.56449472868427
2090-09-01,Tripoli,508.7547628665926,33.93323296814389
2090-10-01,Tripoli,534.3834418992982,36.44655501744862
2090-11-01,Tripoli,544.5122322761345,38.96596589243561
2090-12-01,Tripoli,555.7008905116758,40.12274135094957
2091-01-01,Tripoli,566.4594473526375,34.68762815013368
2091-02-01,Tripoli,494.8090662766496,30.267009924943313
2091-03-01,Tripoli,452.70523427740466,25.89298135833406
2091-04-01,Tripoli,443.302005042412,25.214257895522657
2091-05-01,Tripoli,449.28151439502585,24.840918755285216
2091-06-01,Tripoli,439.4887537861223,24.802223930003994
2091-07-01,Tripoli,426.32843779792773,24.954278205841792
2091-08-01,Tripoli,426.688746921859,25.140400190892215
2091-09-01,Tripoli,427.0118276999256,25.14742315844567
2091-10-01,Tripoli,426.6091558860297,25.121427324659006
2091-11-01,Tripoli,426.83557175856475,25.144136758376952
2091-12-01,Tripoli,427.2044787332941,25.185206972987757
2092-01-01,Tripoli,428.51963662338875,25.252105765507338
2092-02-01,Tripoli,429.0450975817796,25.301123303294606
2092-03-01,Tripoli,429.30559157549413,25.33103630532777
2092-04-01,Tripoli,429.3053653162626,25.360745575467124
2092-05-01,Tripoli,429.6346073072493,25.40447053230994
2092-06-01,Tripoli,430.0501933018986,25.43771263804022
2092-07-01,Tripoli,430.23790144128606,25.451800387116602
2092-08-01,Tripoli,430.33818649452206,25.464707558799592
2092-09-01,Tripoli,430.4212410370493,25.481088848584463
2092-10-01,Tripoli,430.61695527232155,25.506340037850958
2092-11-01,Tripoli,430.8935658851435,25.54286231603748
2092-12-01,Tripoli,431.15759300378113,25.580992207901364
2093-01-01,Tripoli,562.3285803489504,34.394844956572534
2093-02-01,Tripoli,465.40023945368245,28.159682836374778
2093-03-01,Tripoli,420.8965976175071,24.271918707004176
2093-04-01,Tripoli,437.5564825443114,24.639118311000622
2093-05-01,Tripoli,445.32333539866386,24.433209421800672
2093-06-01,Tripoli,429.08991431417854,24.643660909471354
2093-07-01,Tripoli,422.4922473364722,24.88849059731946
2093-08-01,Tripoli,425.052387945775,24.94578107344972
2093-09-01,Tripoli,424.5115065505277,24.936044646175205
2093-10-01,Tripoli,424.0233609607828,24.92790782564773
2093-11-01,Tripoli,424.56123136779513,24.9389449342705
2093-12-01,Tripoli,424.5313825537897,24.92790782564773
2094-01-01,Tripoli,425.398059837882,24.96179849273429
2094-02-01,Tripoli,425.89962434051216,25.004147147220227
2094-03-01,Tripoli,426.6614217685128,25.06690190846745
2094-04-01,Tripoli,427.1750128195265,25.127524157271598
2094-05-01,Tripoli,427.5974910184593,25.182249746721265
2094-06-01,Tripoli,428.0422296448633,25.239603388635192
2094-07-01,Tripoli,428.31562041477497,25.267476402753477
2094-08-01,Tripoli,428.5091590805133,25.291676015170697
2094-09-01,Tripoli,428.86386393732516,25.325754400290418
2094-10-01,Tripoli,429.14656614484204,25.34506088862048
2094-11-01,Tripoli,429.2662050646519,25.355560643252588
2094-12-01,Tripoli,429.38379024682166,25.368683112395413
2095-01-01,Tripoli,578.0735425616779,35.41034524678323
2095-02-01,Tripoli,648.6289159798486,39.38848448838466
2095-03-01,Tripoli,708.1648034494362,44.02752198657744
2095-04-01,Tripoli,690.6431145142956,41.487463907260505
2095-05-01,Tripoli,669.2593371379676,40.06811629295842
2095-06-01,Tripoli,648.2550835156944,40.32911731108511
2095-07-01,Tripoli,665.3576881403751,41.05906822445333
2095-08-01,Tripoli,648.5540067696563,40.523436613469904
2095-09-01,Tripoli,622.8597299643636,39.81510797061337
2095-10-01,Tripoli,614.7840680680872,39.94692517488562
2095-11-01,Tripoli,607.5437030409456,39.89933376035502
2095-12-01,Tripoli,581.0335180422044,39.075890369883005
2096-01-01,Tripoli,561.6793729954695,38.88775063839083
2096-02-01,Tripoli,560.8902504141228,39.43503500197308
2096-03-01,Tripoli,558.7404222189191,39.50467928193501
2096-04-01,Tripoli,551.1286091518325,39.23451655619932
2096-05-01,Tripoli,553.4288823314466,39.52007216065428
2096-06-01,Tripoli,562.1593732528795,39.95452464142243
2096-07-01,Tripoli,564.7733113456172,39.87227745312983
2096-08-01,Tripoli,565.7030627416373,39.75895981654273
2096-09-01,Tripoli,572.5111508046652,39.96049959076231
2096-10-01,Tripoli,578.916549649241,40.056689513726525
2096-11-01,Tripoli,578.820946421642,39.86640214558955
2096-12-01,Tripoli,578.9882216119669,39.82415224324428
2097-01-01,Tripoli,574.6341933877673,35.23198197721718
2097-02-01,Tripoli,563.1401199987748,34.39292863124822
2097-03-01,Tripoli,557.6735577285926,32.9204941792362
2097-04-01,Tripoli,535.7885291316474,33.83943266905206
2097-05-01,Tripoli,549.7657627775542,34.434747049014895
2097-06-01,Tripoli,508.8027646327892,33.43955233410696
2097-07-01,Tripoli,446.2146923435491,29.287156488537
2097-08-01,Tripoli,425.2072188783657,26.183893599176063
2097-09-01,Tripoli,435.8099701315856,25.41421318719693
2097-10-01,Tripoli,445.5492117299545,24.952044272281277
2097-11-01,Tripoli,437.94397758513855,24.900126446398716
2097-12-01,Tripoli,428.8501143378707,25.14483336131518
2098-01-01,Tripoli,429.90427350211894,25.268532427897377
2098-02-01,Tripoli,428.84717296786084,25.292706240205774
2098-03-01,Tripoli,429.1565737646981,25.387158659289586
2098-04-01,Tripoli,430.2350644986138,25.474081894891654
2098-05-01,Tripoli,430.42613171736156,25.511956454644082
2098-06-01,Tripoli,431.12991975930953,25.55171353268168
2098-07-01,Tripoli,431.12151335863047,25.581889873756626
2098-08-01,Tripoli,431.54158972879776,25.627670832374974
2098-09-01,Tripoli,431.76412438528433,25.66363529441556
2098-10-01,Tripoli,432.0078751958658,25.70822944802804
2098-11-01,Tripoli,432.3037352479239,25.778155749869182
2098-12-01,Tripoli,432.55350803497515,25.84466843041534
2099-01-01,Tripoli,578.4871444369123,35.453133392778085
2099-02-01,Tripoli,601.980545483457,36.60743382016287
2099-03-01,Tripoli,603.1296116930533,36.328264187471106
2099-04-01,Tripoli,537.5150959228862,34.456612196413076
2099-05-01,Tripoli,497.86991856532535,32.30337692799993
2099-06-01,Tripoli,448.5597822555621,29.100255162268333
2099-07-01,Tripoli,422.84143494894596,25.436417294645512
2099-08-01,Tripoli,434.97662257275306,25.21890369442868
2099-09-01,Tripoli,445.67974590199026,24.890115114516398
2099-10-01,Tripoli,435.98526882235143,24.867086293244395
2099-11-01,Tripoli,425.678847544209,25.018108564729268
2099-12-01,Tripoli,427.11634206033557,25.084327657830197
2100-01-01,Tripoli,426.64586209520616,25.11444439175717
2100-02-01,Tripoli,427.4711687490412,25.162827602730957
2100-03-01,Tripoli,428.1915085240033,25.175503463093467
2100-04-01,Tripoli,427.6675617620081,25.170458207330146
2100-05-01,Tripoli,428.33071016506227,25.21634147672486
2100-06-01,Tripoli,428.4011115951802,25.230298445939276
2100-07-01,Tripoli,428.60885237883605,25.239100731342603
2100-08-01,Tripoli,428.6392581386423,25.25629605904379
2100-09-01,Tripoli,428.87524651712664,25.28541103702129
2100-10-01,Tripoli,429.1271948737119,25.312316991888167
2100-11-01,Tripoli,429.19169615925387,25.32388967518375
2100-12-01,Tripoli,429.2541263025995,25.338371543163877
2101-01-01,Tripoli,586.3451449524582,35.84886079986157
2101-02-01,Tripoli,693.5248217052695,41.81203995216322
2101-03-01,Tripoli,769.0769910152999,46.481873883701624
2101-04-01,Tripoli,744.5943149902869,41.76510154728352
2101-05-01,Tripoli,735.5962986344058,40.91469081547881
2101-06-01,Tripoli,673.5747794609133,41.055208884036944
2101-07-01,Tripoli,683.6580395185434,41.940826978137125
2101-08-01,Tripoli,658.1319951541705,40.972189471797506
2101-09-01,Tripoli,627.155592161504,39.84712857463971
2101-10-01,Tripoli,615.5572306713331,39.87483967083365
2101-11-01,Tripoli,607.4533037756718,39.9195574870367
2101-12-01,Tripoli,575.4217495590497,38.88188600675764
2102-01-01,Tripoli,555.4539198581842,38.73324535221482
2102-02-01,Tripoli,560.2678112681875,39.65699956579137
2102-03-01,Tripoli,563.0747484854193,39.81344786705944
2102-04-01,Tripoli,554.6950463956371,39.34991599467078
2102-05-01,Tripoli,558.5445513426403,39.63578475906732
2102-06-01,Tripoli,568.6840803306959,39.99219813825783
2102-07-01,Tripoli,565.4735836671985,39.6006681419822
2102-08-01,Tripoli,558.2161795794672,39.26158176001376
2102-09-01,Tripoli,557.4836044014462,39.3594887247031
2102-10-01,Tripoli,550.3771152211445,39.123488901685
2102-11-01,Tripoli,530.9027220951305,38.30338173218149
2102-12-01,Tripoli,506.76606605334973,37.07550829102225
2103-01-01,Tripoli,577.9830388690664,35.321134698085146
2103-02-01,Tripoli,609.0663580509083,37.129794388963
2103-03-01,Tripoli,659.2261151796179,41.583027510341566
2103-04-01,Tripoli,682.4192876304804,43.30308339990815
2103-05-01,Tripoli,677.1255177949611,40.64146054576993
2103-06-01,Tripoli,666.5381695740415,40.324923458912956
2103-07-01,Tripoli,669.4453396308404,40.97762706714671
2103-08-01,Tripoli,688.4220494702729,41.52026207318724
2103-09-01,Tripoli,672.1971044046918,40.85226522803381
2103-10-01,Tripoli,661.4773075105466,40.572006652817926
2103-11-01,Tripoli,662.0031165600628,40.80672358766627
2103-12-01,Tripoli,654.1647831931035,40.59023576418989
2104-01-01,Tripoli,626.3727700295275,39.92286879755531
2104-02-01,Tripoli,606.0115799523712,39.818010038026515
2104-03-01,Tripoli,597.9822489848893,39.937880902254705
2104-04-01,Tripoli,585.2497892035155,39.6210786970381
2104-05-01,Tripoli,572.9266497765332,39.430901646607815
2104-06-01,Tripoli,572.8194551144575,39.779251157302696
2104-07-01,Tripoli,573.4381696853507,39.857443280215435
2104-08-01,Tripoli,566.7823366805852,39.53096158589551
2104-09-01,Tripoli,563.6465925862735,39.4936226008159
2104-10-01,Tripoli,565.8520109342082,39.685536265467654
2104-11-01,Tripoli,562.5883607558578,39.52799190440407
2104-12-01,Tripoli,554.4818231767557,39.21916638110845
2105-01-01,Tripoli,570.7375220932686,34.95642969771422
2105-02-01,Tripoli,566.8026826068665,34.7089523849055
2105-03-01,Tripoli,590.7028455380309,35.43072466377677
2105-04-01,Tripoli,590.6793493870646,38.38373572628183
2105-05-01,Tripoli,589.4480988627545,38.26485149380139
2105-06-01,Tripoli,572.3902935659164,38.82828761516587
2105-07-01,Tripoli,564.3495278049642,38.705272696296944
2105-08-01,Tripoli,552.8012566277424,38.15707999095234
2105-09-01,Tripoli,525.8216359372481,37.04427414548555
2105-10-01,Tripoli,496.70229909874365,35.1325145507735
2105-11-01,Tripoli,447.7820248494605,31.24309298682574
2105-12-01,Tripoli,416.8522660676015,27.456201055341296
2106-01-01,Tripoli,422.4770183497347,26.056139467214
2106-02-01,Tripoli,442.1555669208127,25.442967853309824
2106-03-01,Tripoli,448.97420214494116,25.044760966802535
2106-04-01,Tripoli,432.34578465587566,25.15983123147177
2106-05-01,Tripoli,431.62292122025417,25.417362579791206
2106-06-01,Tripoli,430.79963349494653,25.500071501065847
2106-07-01,Tripoli,430.7241151252848,25.586896874186174
2106-08-01,Tripoli,431.8863739885349,25.634942904427408
2106-09-01,Tripoli,431.1235148826017,25.62666195915409
2106-10-01,Tripoli,431.79590510503596,25.673297879999303
2106-11-01,Tripoli,431.7267393984133,25.68975034249817
2106-12-01,Tripoli,432.0247228063365,25.693574096557548
2107-01-01,Tripoli,572.8009714756972,35.039450889271514
2107-02-01,Tripoli,522.4946505786259,32.03846941753384
2107-03-01,Tripoli,471.94468329831074,27.255649692187315
2107-04-01,Tripoli,440.9106538198296,25.512108586320245
2107-05-01,Tripoli,444.1114387409276,24.924879426667243
2107-06-01,Tripoli,437.3894510177745,24.610682142782856
2107-07-01,Tripoli,425.436471693573,24.66015340662184
2107-08-01,Tripoli,423.5221271447217,24.83289759041798
2107-09-01,Tripoli,425.27116321810695,24.883901736584633
2107-10-01,Tripoli,425.5300559926445,24.912360146275528
2107-11-01,Tripoli,425.58921407941114,24.958424016432
2107-12-01,Tripoli,425.69270157100107,24.99526034421903
2108-01-01,Tripoli,426.0242931770845,25.019408356418598
2108-02-01,Tripoli,426.65623521074394,25.063039009415373
2108-03-01,Tripoli,427.5292825624316,25.138781901307755
2108-04-01,Tripoli,428.1764013691598,25.1944772189856
2108-05-01,Tripoli,428.11050771911613,25.206062357506134
2108-06-01,Tripoli,428.057406417932,25.22548272217859
2108-07-01,Tripoli,428.38584779933024,25.262556588898576
2108-08-01,Tripoli,428.8121898097553,25.293057655481125
2108-09-01,Tripoli,429.05754183951365,25.312978898128318
2108-10-01,Tripoli,429.16198658169856,25.32968669273864
2108-11-01,Tripoli,429.3167304915078,25.35532844227318
2108-12-01,Tripoli,429.51213144476725,25.376705166921575
2109-01-01,Tripoli,580.643638577168,35.50364822653602
2109-02-01,Tripoli,622.2487430164549,37.81019396918898
2109-03-01,Tripoli,663.875846814869,41.6499138476362
2109-04-01,Tripoli,668.542426060591,42.43125146050879
2109-05-01,Tripoli,662.4090952396502,40.47056418356088
2109-06-01,Tripoli,649.5348753474454,40.10206567753403
2109-07-01,Tripoli,653.5719666019422,40.62228661661968
2109-08-01,Tripoli,671.0595948204596,41.24199811328107
2109-09-01,Tripoli,660.8063618662827,40.713683057296336
2109-10-01,Tripoli,645.7844719438519,40.203168297081746
2109-11-01,Tripoli,639.3393210927521,40.35892800234191
2109-12-01,Tripoli,633.9828600455431,40.40293587072286
2110-01-01,Tripoli,614.5928268037767,39.92422463775692
2110-02-01,Tripoli,598.9370977510528,39.78703389357805
2110-03-01,Tripoli,596.8040475480947,40.066669707546474
2110-04-01,Tripoli,594.2140755293426,40.03609746824993
2110-05-01,Tripoli,586.5438527714091,39.7968539487915
2110-06-01,Tripoli,585.9756114137031,39.95250155702713
2110-07-01,Tripoli,591.2914676311309,40.2037447960651
2110-08-01,Tripoli,590.9855303409915,40.05063983303695
2110-09-01,Tripoli,588.1743812211422,39.897965464928475
2110-10-01,Tripoli,589.7538969164436,39.98367164712123
2110-11-01,Tripoli,589.2819375640311,39.91377114538891
2110-12-01,Tripoli,581.7594794888421,39.622226357051275
2111-01-01,Tripoli,563.7559628178832,34.49695022172865
2111-02-01,Tripoli,488.78568003767555,29.87829303018833
2111-03-01,Tripoli,451.4067325476618,25.765274378295015
2111-04-01,Tripoli,446.39860628966926,25.314832947327886
2111-05-01,Tripoli,452.6095440270243,24.96693360404903
2111-06-01,Tripoli,443.22867964684053,25.09073765038437
2111-07-01,Tripoli,430.8782672801809,25.408460652588285
2111-08-01,Tripoli,432.1186029828646,25.723042269128243
2111-09-01,Tripoli,432.818057290301,26.05024013888274
2111-10-01,Tripoli,434.0670778665642,26.364566423311246
2111-11-01,Tripoli,436.27743910848,26.660465202427524
2111-12-01,Tripoli,436.8891744523084,27.3069118394422
2112-01-01,Tripoli,442.0383298297683,28.912594956936694
2112-02-01,Tripoli,462.0768742427647,31.092650772959924
2112-03-01,Tripoli,508.12367365619036,33.59463056063063
2112-04-01,Tripoli,539.0992760392683,36.898249088182055
2112-05-01,Tripoli,543.6800160134595,39.47386683472874
2112-06-01,Tripoli,553.4489497848275,40.00587041661626
2112-07-01,Tripoli,564.3464646030604,39.88095340696582
2112-08-01,Tripoli,579.810900177805,40.016815000710835
2112-09-01,Tripoli,589.6639327650765,40.04375743159363
2112-10-01,Tripoli,584.5682267799261,39.7551058140799
2112-11-01,Tripoli,577.4264063503934,39.596956484947356
2112-12-01,Tripoli,573.3149628315052,39.59963969626496
2113-01-01,Tripoli,569.0304484050538,34.79654909231375
2113-02-01,Tripoli,517.7594451675257,31.782745856149877
2113-03-01,Tripoli,487.8479573548832,28.165215625228964
2113-04-01,Tripoli,466.92329476843935,28.07650595450562
2113-05-01,Tripoli,476.5149631341828,28.517013453916896
2113-06-01,Tripoli,483.67937467775585,29.58554898161988
2113-07-01,Tripoli,487.01668093824696,29.737478705208186
2113-08-01,Tripoli,490.85683963853245,31.30203200094391
2113-09-01,Tripoli,512.5026078004144,33.800876630563124
2113-10-01,Tripoli,534.179269049678,35.5883811218649
2113-11-01,Tripoli,531.6300236926011,36.15358677483108
2113-12-01,Tripoli,532.4904875501045,37.47740459309125
2114-01-01,Tripoli,543.2140960420733,38.58807080884357
2114-02-01,Tripoli,534.2440662126766,38.16611714631185
2114-03-01,Tripoli,517.7046208152706,37.408080590342294
2114-04-01,Tripoli,508.4769339348317,36.94159149168715
2114-05-01,Tripoli,483.8357198067421,35.07095104282676
2114-06-01,Tripoli,433.5259354029727,30.453023371604893
2114-07-01,Tripoli,408.78090309672405,26.073461126482528
2114-08-01,Tripoli,420.3350396094093,25.25303812806067
2114-09-01,Tripoli,443.34629963812284,24.78237830836542
2114-10-01,Tripoli,439.22566651352327,24.62997617588797
2114-11-01,Tripoli,424.1649818351634,24.84495424816873
2114-12-01,Tripoli,427.8429474755554,25.103352124281052
