0,1,2,3,4,5,6
0.10441720485254888,0.030766636127925642,0.00011318920910954589,0.0120193648239882,0.0,0.0,0.9951906401125887
0.08302393555297391,0.06368532775742064,5.999206896722376e-05,0.0003210603869766029,0.0,8.940695822239011e-08,0.9999922706062416
0.23448202012998484,0.1324485540163216,2.4735925108194595e-06,5.900859242677747e-06,0.0,0.004890322196209479,0.9998725844915013
0.1757552623676003,0.07322433589635119,0.00023519990476370093,3.874301522970238e-07,0.0,1.0281800195574863e-05,0.9999865485609154
0.2104187309654844,0.04233881830444139,6.72042302638299e-05,5.066394299268773e-07,1.4901159703731684e-07,1.9073484420776557e-06,0.9999907208856325
0.22161853312528373,0.03773298858950131,6.702541634738512e-05,3.278255134820971e-07,2.086162358522436e-07,1.4603136509657052e-06,0.999991793769131
0.23942619561157638,0.03827616571724644,3.9488073214888964e-05,2.9802319407463367e-07,5.066394299268773e-07,2.5033948302269232e-06,0.9999896480021337
0.25175088642985266,0.038619011633935774,2.8759238228202153e-05,2.086162358522436e-07,9.536742210388278e-07,3.5166736900806776e-06,0.9999880982815246
0.25979477166053766,0.03843638300237525,2.3424623054266208e-05,2.086162358522436e-07,1.5795229285955586e-06,4.112720078229945e-06,0.9999870253980259
0.2645585536847239,0.03819587826074773,2.086162358522436e-05,2.086162358522436e-07,1.9669530808925826e-06,4.440545591712042e-06,0.9999863101423602
0.2669510543235867,0.03793430327719572,1.9788740086555676e-05,1.7881391644478022e-07,2.1457669973373625e-06,4.410743272304579e-06,0.9999858333052496
0.26589033006520774,0.037278473370844396,2.086162358522436e-05,2.086162358522436e-07,2.026557719707509e-06,3.874301522970238e-06,0.9999861313284437
0.15529996156049442,0.025752931828857406,1.7881391644478022e-06,2.682208746671703e-07,0.9997287584980409,2.115964677929899e-05,3.5166736900806776e-06
0.42330458758508727,0.08012828229485772,2.086162358522436e-07,4.172324717044872e-07,0.9999666406115512,0.01219758269404483,0.0
0.23653107880566598,0.11057665942205966,5.3942198127508695e-06,8.940695822239011e-08,0.9825911731413343,0.30814087289723163,0.0
0.09763079881263824,0.06079885362537706,9.736417750418283e-05,0.0,0.08256735572069668,0.9936745365196923,0.0
0.1227488517710403,0.10491204259983322,3.749131781458892e-05,0.0,0.0006913840079337427,0.9999331428045373,0.0
0.11860024928555533,0.11078268287669052,3.150105161368878e-05,0.0,0.00016349552426934405,0.999966044565163,0.0
0.12338596581901806,0.11962550876476372,2.598762252330806e-05,0.0,8.091329719126304e-05,0.9999773694465379,0.0
0.11500960587978971,0.11958041785099885,3.1441446974873854e-05,0.0,7.781385597288686e-05,0.9999714089826564,0.0
0.10035169124187737,0.11757123468293164,4.386901416778608e-05,0.0,9.995697929263214e-05,0.9999493552662949,0.0
0.08473530411369407,0.11412975190115705,6.288289394974771e-05,0.0,0.0001702904530942457,0.9998783065368275,0.0
0.0696675777406455,0.10629114506808768,0.00010359286226034267,0.0,0.0005677043823927697,0.99942852993233,0.0
0.05539226531753055,0.08896324036982191,0.00030547377392649955,0.0,0.012048660503965736,0.9830518573947349,8.940695822239011e-08
0.12134891747925866,0.1118653714465277,0.00023663041609525915,0.0,0.0011868475680828212,0.9998631669585685,0.0
0.22201338409458193,0.1854579448382382,1.069903266727935e-05,0.0,4.2498107475042767e-05,0.9999996615814547,2.9802319407463367e-07
0.22912585734372287,0.1686291396329137,6.7055218666792585e-06,0.0,9.924172362685302e-06,0.9999994827675383,2.682208746671703e-07
0.2512722313300037,0.17419147488472309,5.155801257491163e-06,0.0,7.033347380161355e-06,0.9999996615814547,5.066394299268773e-07
0.25529140232936426,0.1800190806080599,5.48362677097326e-06,0.0,6.765126505494185e-06,0.9999997807907323,6.556510269641942e-07
0.2555623054398572,0.1810519396948734,5.930661562085211e-06,0.0,6.616114908456868e-06,0.9999997807907323,8.344649434089744e-07
0.2534356117143593,0.17792814966969725,6.407498672604624e-06,0.0,6.198882436752381e-06,0.9999997807907323,7.748603045940476e-07
0.24910438059729012,0.17159783837241085,7.033347380161355e-06,0.0,5.811452284455357e-06,0.9999996615814547,6.556510269641942e-07
0.244709610928893,0.16529497501403884,7.68899840712555e-06,0.0,5.543231409788187e-06,0.9999996019768158,5.66244068741804e-07
0.23676472901317583,0.15705785152606944,8.612870308756914e-06,0.0,5.334615173935943e-06,0.9999994231628994,4.172324717044872e-07
0.21984213589711632,0.14520463344948584,1.1026858180761447e-05,0.0,5.543231409788187e-06,0.9999991847443441,2.086162358522436e-07
0.19371223448904912,0.1328356861840715,1.707672902047651e-05,0.0,6.884335783124038e-06,0.9999980522562066,5.960463881492674e-08
0.695228934259237,0.4115378557931014,0.9999996615814547,3.5762783288956045e-06,2.3841855525970696e-07,6.556510269641942e-07,2.7030703702569276e-05
0.5411847233548185,0.450802296322877,0.9999999000000099,0.0,3.5762783288956044e-07,0.0,1.4901159703731684e-07
0.5918448567145372,0.3092705308861442,0.9999999000000099,0.0,2.3841855525970696e-07,0.0,5.960463881492674e-08
0.5483335852395933,0.34262293571327307,0.9999999000000099,0.0,5.960463881492674e-08,0.0,1.4901159703731684e-07
0.5784543156384315,0.3325960039522947,0.9999999000000099,0.0,1.1920927762985348e-07,0.0,2.980231940746337e-08
0.5772681236028055,0.3390295504943144,0.9999999000000099,0.0,8.940695822239011e-08,0.0,8.940695822239011e-08
0.5799865722416091,0.33755710715235765,0.9999999000000099,0.0,5.960463881492674e-08,0.0,0.0
0.5844708680864551,0.3387548922912364,0.9999999000000099,0.0,2.086162358522436e-07,0.0,8.940695822239011e-08
0.5862112045045349,0.3415297567259572,0.9999999000000099,0.0,5.960463881492674e-08,0.0,1.4901159703731684e-07
0.5886878967041393,0.34252279991006757,0.9999999000000099,0.0,1.1920927762985348e-07,0.0,0.0
0.5912961959594024,0.3449222742920572,0.9999999000000099,0.0,2.3841855525970696e-07,0.0,0.0
0.592860996698626,0.3469466566445395,0.9999999000000099,0.0,1.7881391644478022e-07,0.0,0.0
0.16536375879556658,0.4654632805980917,5.364417493343406e-07,0.9999999000000099,5.960463881492674e-08,0.0,0.0
0.158693492405996,0.4226948022118605,0.0,0.9999999000000099,0.0,6.645917227864331e-06,0.0
0.1772499382422485,0.47049054495384407,5.960463881492674e-08,0.9999999000000099,0.0,6.616114908456868e-06,8.940695822239011e-08
0.1782937645838343,0.5415201782252964,8.940695822239011e-08,0.9999999000000099,0.0,9.536742210388277e-06,5.960463881492674e-08
0.17726960777502354,0.5538820027356613,0.0,0.9999999000000099,0.0,9.953974682092765e-06,5.960463881492674e-08
0.1788797080442745,0.5565514563561148,5.960463881492674e-08,0.9999999000000099,0.0,9.953974682092765e-06,2.980231940746337e-08
0.18029603361336868,0.5582656859395615,2.980231940746337e-08,0.9999999000000099,0.0,1.0222195556759936e-05,0.0
0.18133792280399938,0.5588477849003384,2.980231940746337e-08,0.9999999000000099,0.0,1.0550021070242033e-05,2.980231940746337e-08
0.18225553631027852,0.5594696997638182,2.980231940746337e-08,0.9999999000000099,0.0,1.1026858180761447e-05,0.0
0.18305954336362049,0.5604499577516265,2.980231940746337e-08,0.9999999000000099,0.0,1.1593102249503251e-05,8.940695822239011e-08
0.18384724854661702,0.5602018832201138,2.980231940746337e-08,0.9999999000000099,0.0,1.2338160234689835e-05,0.0
0.18456044792364742,0.5601701139444539,1.1920927762985348e-07,0.9999999000000099,0.0,1.317262517809881e-05,1.1920927762985348e-07
0.41879385708028444,0.3091232776112518,0.9999997211860935,2.682208746671703e-07,1.1920927762985348e-07,0.0,9.238719016313645e-07
0.7265598177608998,0.4310984610773038,0.9999999000000099,0.0,2.3841855525970696e-07,0.0,8.940695822239011e-08
0.5735671519995653,0.3720480202991463,0.9999999000000099,0.0,3.874301522970238e-07,0.0,2.980231940746337e-08
0.6025111675012965,0.3104480504458028,0.9999999000000099,0.0,3.874301522970238e-07,0.0,8.940695822239011e-08
0.6018087267626476,0.3388568162337849,0.9999999000000099,0.0,2.682208746671703e-07,0.0,5.960463881492674e-08
0.5873838662857974,0.34617793554100296,0.9999999000000099,0.0,2.086162358522436e-07,0.0,2.980231940746337e-08
0.5865893363709743,0.3460998534563605,0.9999999000000099,0.0,8.940695822239011e-08,0.0,0.0
0.5855681895967246,0.34820628160236217,0.9999999000000099,0.0,1.7881391644478022e-07,0.0,2.980231940746337e-08
0.5850735306497541,0.34685313695690295,0.9999999000000099,0.0,1.7881391644478022e-07,0.0,2.980231940746337e-08
0.587263226484777,0.3463897704484984,0.9999999000000099,0.0,1.7881391644478022e-07,0.0,2.980231940746337e-08
0.5873935222382506,0.3464886843564862,0.9999999000000099,0.0,1.7881391644478022e-07,0.0,1.1920927762985348e-07
0.5884665250534528,0.3470637201668583,0.9999999000000099,0.0,1.7881391644478022e-07,0.0,8.940695822239011e-08
0.11642333864683628,0.10756063459461895,0.0002636909221172359,0.0,0.0018718836819827743,0.9997217847552995,0.0
0.20500034093007952,0.1665179133130085,1.2695788067579396e-05,0.0,5.531310482025202e-05,0.9999994231628994,1.1920927762985348e-07
0.21699959038789562,0.15892648694178035,7.241963616013599e-06,0.0,1.1473892971873398e-05,0.9999993039536218,1.7881391644478022e-07
0.23931547998391067,0.16296830770562987,5.48362677097326e-06,0.0,7.450579851865842e-06,0.999999542372177,3.278255134820971e-07
0.2487703263656603,0.17102527615479649,5.48362677097326e-06,0.0,6.8247311443091115e-06,0.9999996615814547,4.768371105194139e-07
0.2502561807528821,0.17362141606218887,5.900859242677747e-06,0.0,6.526707950234478e-06,0.9999996615814547,5.66244068741804e-07
0.24638545512132848,0.1692899763294253,6.467103311419552e-06,0.0,6.288289394974771e-06,0.9999996615814547,5.066394299268773e-07
0.24041640757518892,0.16231352088056195,7.241963616013599e-06,0.0,5.871056923270284e-06,0.999999542372177,3.874301522970238e-07
0.2330541312598047,0.15504780409065314,8.255242475867353e-06,0.0,5.6624406874180405e-06,0.9999994231628994,2.682208746671703e-07
0.22097769378700766,0.14647096392984457,1.0102986279130082e-05,0.0,5.871056923270284e-06,0.9999990655350666,2.3841855525970696e-07
0.20383799075236275,0.13741880652935604,1.3500450691580906e-05,0.0,6.675719547271795e-06,0.9999985290933172,1.4901159703731684e-07
0.18596407770340498,0.12972739336653427,1.8984077462554166e-05,0.0,8.1360331982375e-06,0.9999975158144573,5.960463881492674e-08
0.10187199711377792,0.031272798771271586,0.00012856720592379698,0.00961002611381123,0.0,0.0,0.995828230933992
0.318205416189369,0.26547402138932547,0.0,0.999971528191934,0.0,5.066394299268773e-07,0.030761656069189614
0.1346418559495487,0.3375075756925578,0.0,0.9999999000000099,0.0,0.0007069408186644386,1.3947485482692857e-05
0.11706313490382883,0.4697990416676008,0.0,0.9999999000000099,0.0,4.9054617744684705e-05,7.450579851865842e-07
0.15221512317027183,0.47850072375687003,0.0,0.9999999000000099,0.0,0.0009310840629279706,2.2053716361522894e-06
0.15286567806564588,0.4992459117511357,0.0,0.9999999000000099,0.0,0.0008564590551316823,1.7881391644478022e-06
0.1527749299939791,0.5233755706844581,0.0,0.9999999000000099,0.0,0.000646829540419585,1.2814997345209249e-06
0.1552143990929229,0.5343093871155387,0.0,0.9999999000000099,0.0,0.00043508406102955773,9.536742210388278e-07
0.1583091318541778,0.5404465197591412,0.0,0.9999999000000099,0.0,0.00031170245868265936,7.748603045940476e-07
0.16135191916751312,0.5437005757354516,0.0,0.9999999000000099,0.0,0.00023710725320577857,6.556510269641942e-07
0.16405349969184582,0.5463762878436055,0.0,0.9999999000000099,0.0,0.00019001958854198645,6.854533463716575e-07
0.16650310158040102,0.5480272172943116,0.0,0.9999999000000099,0.0,0.00015911458331644692,5.66244068741804e-07
0.36865776775740927,0.0679339170339606,1.7285345256328755e-06,1.1920927762985348e-07,0.9990654184726695,0.00033336874489188527,0.0
0.3084666132799212,0.08070036767531395,1.4603136509657052e-06,8.940695822239011e-08,0.9969370560298662,0.0594072282511717,0.0
0.10737174748929787,0.07947340606282263,0.00010335444370508297,0.0,0.12397943687421206,0.9972814516329388,0.0
0.13192400335719295,0.10845017431309456,3.0457970434427562e-05,0.0,0.0004237889819741291,0.9999713493780176,0.0
0.13345679640217345,0.11937114594322829,2.256035579144977e-05,0.0,8.010863456726154e-05,0.9999849392356673,0.0
0.13652348517806268,0.12410804627200701,2.0444391113519873e-05,0.0,4.82499551206832e-05,0.9999874426304977,0.0
0.13173821567943575,0.12299588320533343,2.381205320656323e-05,0.0,4.619359508156822e-05,0.9999854756774167,0.0
0.11838832497106522,0.12007179854244303,3.334879541695151e-05,0.0,5.528330250084455e-05,0.9999776674697319,0.0
0.11491775512219464,0.11794096229441008,3.862380595207253e-05,0.0,6.130337102115215e-05,0.9999727202847103,0.0
0.10469293593926841,0.11588373778266213,5.039572211802056e-05,0.0,7.46846124351032e-05,0.9999591900316993,0.0
0.09728759526803575,0.11350861189805907,6.276368467211785e-05,0.0,9.661911951899624e-05,0.9999379111756425,0.0
0.0925699472389037,0.11042588947312612,7.68005771130331e-05,0.0,0.00013509391387403146,0.9999034000897685,0.0
0.11630174517149951,0.02283442020025254,1.1622904568910714e-06,6.258487075567308e-07,0.9992351724840144,2.6941296744346887e-05,2.565979700982596e-05
0.117679536337748,0.02334383129673819,2.166628620922587e-05,8.940695822239011e-08,0.9999988271165112,4.768371105194139e-07,5.66244068741804e-07
0.18639835714522052,0.038076221936381625,3.0130144920945468e-05,2.980231940746337e-08,0.9999998403953712,1.3113020539283883e-06,1.4901159703731684e-07
0.19567710160398852,0.03709095715841313,7.697939102947789e-05,5.960463881492674e-08,0.9999997807907323,7.152556657791209e-07,5.960463881492674e-08
0.1798187494203495,0.030833899969543152,7.554887969791964e-05,2.980231940746337e-08,0.9999999000000099,4.4703479111195056e-07,0.0
0.16081818937589398,0.028790891165571698,5.954503417611181e-05,0.0,0.9999997807907323,4.172324717044872e-07,2.3841855525970696e-07
0.14464861153957317,0.028701275582167243,4.339217705726667e-05,2.980231940746337e-08,0.9999998403953712,4.4703479111195056e-07,2.3841855525970696e-07
0.13544711470043086,0.029782086605694327,3.2484528154135074e-05,0.0,0.9999997211860935,6.854533463716575e-07,2.9802319407463367e-07
0.11652976274007833,0.029841482634202835,2.1606681570410942e-05,1.7881391644478022e-07,0.9999996615814547,8.642672628164378e-07,6.556510269641942e-07
0.08159157633443581,0.03206843137191965,9.208916696906181e-06,7.152556657791209e-07,0.999998290674762,2.264976274967216e-06,3.725289925932921e-06
0.043046772478228516,0.039231926196056165,2.1457669973373625e-06,8.821486544609158e-06,0.9999468518714647,1.5258787536621245e-05,7.450579851865843e-05
0.03315582871299782,0.048708975306753305,5.066394299268773e-07,4.711746698319959e-05,0.9984082773297349,7.483362403214052e-05,0.0007666646667569952
0.1835895478649413,0.6377831696371881,3.2782551348209707e-06,0.9999998403953712,8.940695822239011e-08,2.980231940746337e-08,0.0
0.17478796838990293,0.4676534830723108,2.980231940746337e-08,0.9999999000000099,0.0,1.919269369840641e-05,5.960463881492674e-08
0.18150675296031868,0.5712885855650172,0.0,0.9999999000000099,0.0,1.4096497079730174e-05,0.0
0.17520347236861497,0.6352770923480359,5.960463881492674e-08,0.9999999000000099,0.0,1.1444090652465934e-05,0.0
0.18072602152076056,0.6443951128809899,5.960463881492674e-08,0.9999999000000099,0.0,1.069903266727935e-05,8.940695822239011e-08
0.1850274503154433,0.6465629338110996,8.940695822239011e-08,0.9999999000000099,0.0,1.0490416431427107e-05,2.980231940746337e-08
0.18799132107909924,0.6464197634543737,2.980231940746337e-08,0.9999999000000099,0.0,1.0818241944909203e-05,8.940695822239011e-08
0.19002044200110385,0.6455999015656286,2.980231940746337e-08,0.9999999000000099,0.0,1.1533497610688325e-05,2.980231940746337e-08
0.1915709078232595,0.6435397862286095,0.0,0.9999999000000099,0.0,1.2457369512319688e-05,2.980231940746337e-08
0.19272333382762155,0.641164541134717,2.980231940746337e-08,0.9999999000000099,0.0,1.370906692743315e-05,2.980231940746337e-08
0.1935566663661918,0.6400398014879979,5.960463881492674e-08,0.9999999000000099,0.0,1.5050171300769002e-05,0.0
0.1944214999595245,0.6384731530049899,0.0,0.9999999000000099,0.0,1.662969422936456e-05,8.940695822239011e-08
0.39100864527990603,0.22641879316267569,3.957748017311135e-05,1.4901159703731684e-07,3.418326036036048e-05,0.9999999000000099,2.980231940746337e-06
0.18271720408636719,0.15214470026272006,2.6375052675605083e-05,0.0,1.3828276205063004e-05,0.9999989463257889,1.4901159703731684e-07
0.20996809004867872,0.13824728128926972,1.3500450691580906e-05,0.0,5.960463881492674e-06,0.9999987079072337,2.086162358522436e-07
0.21058613061032916,0.13706254956759453,1.379847388565554e-05,0.0,5.722045326232967e-06,0.9999987079072337,1.7881391644478022e-07
0.2042048275386177,0.13439637420260309,1.5705822327733197e-05,0.0,5.990266200900137e-06,0.9999985290933172,1.4901159703731684e-07
0.1873660385531089,0.12819761035631344,2.1308658376336308e-05,0.0,7.182358977198672e-06,0.999997635023735,1.1920927762985348e-07
0.16515472530634795,0.12090483305768124,3.28719583064321e-05,0.0,9.775160765647985e-06,0.9999956084660152,1.4901159703731684e-07
0.13773286342050528,0.11385783551173828,5.8054918205738646e-05,0.0,1.5169380578398855e-05,0.9999902440485219,2.980231940746337e-08
0.0996956825215066,0.11036917565363205,0.0001199245332956326,0.0,2.4795529747009523e-05,0.9999711705641011,0.0
0.046725243328067045,0.11777025459180258,0.00021189449098706455,8.940695822239011e-08,3.0368563476205174e-05,0.9998687101899782,2.980231940746337e-08
0.022110372780837998,0.09783405063861236,0.000497043083077674,0.0,0.0006021558636277974,0.993688126377342,9.238719016313645e-07
0.10519149899047152,0.07080668209770817,2.333521609604382e-05,1.4901159703731684e-07,0.9788732145859756,0.00047376747162044516,2.264976274967216e-06
0.5243982076427756,0.36304515593987857,0.9999996615814547,8.642672628164378e-07,2.980231940746337e-08,8.940695822239011e-08,4.053115439415018e-06
0.5924242734663748,0.4200350641485037,0.9999999000000099,0.0,2.086162358522436e-07,0.0,0.0
0.5879620909447395,0.3435937761672084,0.9999999000000099,0.0,1.4901159703731684e-07,0.0,8.940695822239011e-08
0.5480281114351321,0.34448575967611933,0.9999999000000099,0.0,1.4901159703731684e-07,0.0,0.0
0.5718190073730203,0.3451562523250829,0.9999999000000099,0.0,0.0,0.0,2.980231940746337e-08
0.5518996715317125,0.35225617879557736,0.9999999000000099,0.0,8.940695822239011e-08,0.0,0.0
0.5627690553432131,0.3427022694954555,0.9999999000000099,0.0,5.960463881492674e-08,0.0,5.960463881492674e-08
0.5590523481137527,0.3478626608252909,0.9999999000000099,0.0,5.960463881492674e-08,0.0,5.960463881492674e-08
0.5643817186121893,0.34238755697109535,0.9999999000000099,0.0,8.940695822239011e-08,0.0,2.980231940746337e-08
0.5628420114284152,0.34440210455719145,0.9999999000000099,0.0,8.940695822239011e-08,0.0,2.980231940746337e-08
0.5686357021096328,0.3410621582877743,0.9999999000000099,0.0,5.960463881492674e-08,0.0,5.960463881492674e-08
0.5696069001915628,0.34192141884670924,0.9999999000000099,0.0,5.960463881492674e-08,0.0,2.980231940746337e-08
0.12109705805277067,0.03147754072603999,0.0001248121136784566,8.58306798934945e-05,2.3841855525970696e-07,1.1920927762985348e-07,0.9998693658410053
0.1746627688335574,0.032311558717916834,0.00013414023965299261,1.3113020539283883e-06,1.7881391644478022e-07,3.874301522970238e-07,0.9999977542330126
0.18334403633312163,0.033621698612177967,0.000101298083665968,8.642672628164378e-07,1.4901159703731684e-07,6.258487075567308e-07,0.999997277395902
0.15084716677041085,0.028978943819805852,0.00011205672097206227,1.9073484420776557e-06,0.0,1.4901159703731684e-07,0.9999985290933172
0.10204431414181644,0.026148468251519168,4.0024514964223304e-05,1.6868112784624266e-05,0.0,2.980231940746337e-08,0.9999991847443441
0.07936269044547475,0.027550637717297745,1.573562464714066e-05,9.751318910122014e-05,0.0,0.0,0.9999993039536218
0.08946985005961923,0.045248597852588154,9.208916696906181e-06,0.0005642771156609115,0.0,8.940695822239011e-08,0.9999959660938481
0.2954143881675466,0.15222123262659856,0.0,0.9934642513539532,0.0,1.4901159703731685e-06,0.9731881837404467
0.2332540154360507,0.33757841581286124,0.0,0.9999993039536218,0.0,0.0001549720609188095,0.03261580737112495
0.14335581659677085,0.2933582066987292,0.0,0.9999999000000099,0.0,0.0048559005172938595,0.0003086030174642832
0.13498011230863502,0.30253195757453866,0.0,0.9999999000000099,0.0,0.004388153114193722,8.365511057674967e-05
0.13592511414918731,0.32124567026359496,0.0,0.9999999000000099,0.0,0.0032366212946087444,4.5865769568086125e-05
0.30360829828912506,0.03918588160797506,2.9504296213388737e-06,8.940695822239011e-08,0.999903578903685,2.9027459102869323e-05,8.940695822239011e-08
0.10067930817187175,0.015111327168738094,2.5153157579899085e-05,8.940695822239011e-08,0.9999946547917942,5.960463881492674e-08,4.768371105194139e-07
0.13188859819819784,0.027494788165152766,1.7464159172773534e-05,2.3841855525970696e-07,0.9999997211860935,6.258487075567308e-07,3.278255134820971e-07
0.12569528817610018,0.03217375277921973,2.1010635182261677e-05,1.1920927762985348e-07,0.9999997807907323,1.0132788598537545e-06,5.364417493343406e-07
0.05247443914196167,0.033791780466015414,4.500150230526969e-06,2.8312203437090202e-06,0.9999900652346054,5.0067896604538464e-06,1.9073484420776555e-05
0.032526433466518144,0.05344325303116236,4.172324717044872e-07,5.9723848092556595e-05,0.9968458013278405,0.00011670588279962656,0.002587765196469452
0.05473813414347011,0.05902093647899877,1.1920927762985348e-07,4.929303629994441e-05,0.6321575605520967,0.0003483295092344319,0.08631449074675526
0.09665215015011162,0.05012965201473147,1.7881391644478022e-07,1.1980532401800274e-05,0.009380190626540873,8.43703662425288e-05,0.8194669261671684
0.20476585625754284,0.04453492163849222,2.354383233189606e-06,1.3113020539283883e-06,3.0845400586724586e-05,4.887580382823993e-06,0.9993652894105474
0.23833021520581427,0.03563758730278126,1.5258787536621245e-05,6.258487075567308e-07,1.847743803262729e-06,6.258487075567308e-07,0.999954779288427
0.2259607911016359,0.032116383308633235,3.0279156517982785e-05,6.258487075567308e-07,5.066394299268773e-07,3.5762783288956044e-07,0.9999793363996188
0.2223624288943722,0.032327413553424375,4.005431728363077e-05,6.258487075567308e-07,2.9802319407463367e-07,3.5762783288956044e-07,0.9999845220031957
0.2331560552023664,0.17058303949296122,7.593630985021666e-05,1.1920927762985348e-07,0.00010681151275634872,0.9999993039536218,1.7881391644478022e-07
0.013956904410737993,0.16635325548184468,0.00028991696319580364,1.7881391644478022e-07,4.6312804359198076e-05,0.9984548285526494,3.5762783288956044e-07
0.12656462192011325,0.06640937923247908,7.188319441080164e-05,0.0,0.000719636606732018,0.99984397426487,8.940695822239011e-08
0.15351665019353336,0.11795532701379849,3.6209818080067994e-05,0.0,3.448128355443512e-05,0.9999889923511068,5.960463881492674e-08
0.14173981546768738,0.11310207841843813,4.410743272304579e-05,0.0,2.5898215565085667e-05,0.9999892903743008,5.960463881492674e-08
0.14278927444820425,0.11596867440145252,4.2140479642153204e-05,0.0,2.035498415529748e-05,0.9999907208856325,5.960463881492674e-08
0.15097820758194413,0.1177128851212161,3.647803895473517e-05,0.0,1.6659496548772024e-05,0.9999926878387133,2.980231940746337e-08
0.15763106941524105,0.1192180812154713,3.269314438998732e-05,0.0,1.4424322593212271e-05,0.999994058745406,0.0
0.1686539649893543,0.12197652457055926,2.723931993842152e-05,0.0,1.177191616594803e-05,0.9999958468845705,1.4901159703731684e-07
0.18699893354595248,0.12745976445876522,2.0116565600037775e-05,0.0,8.761881905794231e-06,0.9999973966051797,5.960463881492674e-08
0.20860201119512814,0.1355776190525595,1.4513729551434662e-05,0.0,6.526707950234478e-06,0.999998588697956,1.1920927762985348e-07
0.22509288786909737,0.1438631713144006,1.1742113846540568e-05,0.0,5.334615173935943e-06,0.9999991847443441,2.682208746671703e-07
0.36912578342816627,0.07663801311134281,1.5795229285955586e-06,8.940695822239011e-08,0.9980774119796733,0.0006611942583739823,0.0
0.3139593005050355,0.35286742442764435,5.6624406874180405e-06,1.1920927762985348e-07,0.0010950862266272416,0.9999999000000099,8.642672628164378e-07
0.41646724937621815,0.20281586047514324,9.447335252165889e-06,5.960463881492674e-08,2.74181338548663e-06,0.9999971581866245,2.682208746671703e-07
0.5281027555247023,0.39115700118996294,0.9999914361412983,1.3113020539283883e-06,1.4901159703731684e-07,1.5169380578398855e-05,0.0
0.40897399185394545,0.41103172295207785,0.9999999000000099,2.682208746671703e-07,1.5497206091880952e-06,0.0,0.0
0.43627545235734677,0.44842284910152846,0.9999999000000099,1.7881391644478022e-07,2.6226041078567766e-06,0.0,0.0
0.47409170864049466,0.43367299430096884,0.9999999000000099,1.1920927762985348e-07,1.2516974151134616e-06,0.0,0.0
0.5049750208645576,0.42315131418611707,0.9999999000000099,0.0,4.768371105194139e-07,0.0,0.0
0.5351938009040473,0.41480657451202413,0.9999999000000099,0.0,2.3841855525970696e-07,0.0,0.0
0.547998726345259,0.40605747692784416,0.9999999000000099,0.0,1.1920927762985348e-07,0.0,0.0
0.5491593479882774,0.39441385858457734,0.9999999000000099,0.0,2.086162358522436e-07,0.0,0.0
0.5500217675934967,0.38126468651918677,0.9999999000000099,0.0,5.960463881492674e-08,0.0,0.0
0.178149998180642,0.5524811743743899,1.2218950957059981e-06,0.9999999000000099,8.940695822239011e-08,0.0,0.0
0.15766158699336477,0.4113773404847488,0.0,0.9999999000000099,0.0,8.761881905794231e-06,0.0
0.18093869089331036,0.48719128957989055,0.0,0.9999999000000099,0.0,8.910893502831548e-06,0.0
0.17721486090879962,0.5648369192109888,0.0,0.9999999000000099,0.0,1.1116265138983837e-05,0.0
0.17725789546232568,0.576964139839558,0.0,0.9999999000000099,0.0,1.0818241944909203e-05,2.980231940746337e-08
0.17965617775173137,0.5794992445907108,2.980231940746337e-08,0.9999999000000099,0.0,1.0669230347871886e-05,5.960463881492674e-08
0.18135207890713295,0.5799643396338136,2.980231940746337e-08,0.9999999000000099,0.0,1.0848044264316667e-05,1.1920927762985348e-07
0.18256425856787986,0.5805535911519621,0.0,0.9999999000000099,0.0,1.1116265138983837e-05,0.0
0.18361717461779356,0.5801793931921263,5.960463881492674e-08,0.9999999000000099,0.0,1.1682509207725642e-05,8.940695822239011e-08
0.1844942271633047,0.5801554917295755,0.0,0.9999999000000099,0.0,1.2338160234689835e-05,0.0
0.1853037178439658,0.5800011753042784,5.960463881492674e-08,0.9999999000000099,0.0,1.3142822858691347e-05,1.1920927762985348e-07
0.18607604502861091,0.5796789525946778,5.960463881492674e-08,0.9999999000000099,0.0,1.4096497079730174e-05,2.980231940746337e-08
0.09482771157825723,0.02093791961311391,8.642672628164378e-07,1.4305113315582417e-06,0.9957977729635576,4.0888782227039746e-05,0.0004227459007948679
0.03603747486918953,0.03363123535534039,1.7881391644478022e-06,9.208916696906181e-06,0.9939415653015832,1.3321636775136126e-05,0.002487122763830448
0.05418470501675352,0.05660331248267813,1.1920927762985348e-07,3.3974644124508245e-05,0.9126644413949938,0.000311613051724437,0.043062533602300716
0.06208559870462827,0.05348205565490449,1.4901159703731684e-07,2.8431412714720055e-05,0.2636598681004133,0.0003127455398619206,0.19320342992892459
0.14346680044533805,0.04821303485998459,8.344649434089744e-07,3.397464412450824e-06,0.0007199644322455,2.226233259737514e-05,0.9911670885740259
0.22919195889477603,0.03663727640478293,1.4752148106694368e-05,7.152556657791209e-07,3.0100342601538e-06,7.152556657791209e-07,0.9999476267317693
0.20957037805643142,0.030389934773009677,3.8892026826739695e-05,8.642672628164378e-07,3.278255134820971e-07,2.086162358522436e-07,0.9999851180495838
0.20678880809881345,0.03133341669499778,5.0038094285131e-05,8.344649434089744e-07,1.4901159703731684e-07,2.9802319407463367e-07,0.9999886943279127
0.2180428802876785,0.03404763340366997,5.099176850616983e-05,5.960463881492673e-07,1.4901159703731684e-07,5.960463881492673e-07,0.9999876214444141
0.23082643746373913,0.03611981868125398,4.276632834970993e-05,4.172324717044872e-07,2.086162358522436e-07,9.536742210388278e-07,0.9999860717238048
0.2423236369986329,0.03711456059774014,3.4093853402138094e-05,3.5762783288956044e-07,4.172324717044872e-07,1.5795229285955586e-06,0.999984760421751
0.24782297014163945,0.036585837596350576,3.129243537783654e-05,2.9802319407463367e-07,5.66244068741804e-07,1.7285345256328755e-06,0.9999851180495838
0.12750458716818222,0.46389988056822334,0.7612339093006507,2.086162358522436e-07,0.002523720012062813,0.8157171387346825,0.0
0.17957457899303725,0.1396562754868739,0.02945819202526539,0.0,0.00010281800195574862,0.9948302108616749,0.0
0.3048629164569503,0.1619684397896939,2.405047176182294e-05,0.0,7.808207684755402e-06,0.9999996615814547,7.152556657791209e-07
0.327821850763098,0.19584494825824303,7.301568254828525e-06,0.0,3.0994412183761904e-06,0.9999999000000099,5.632638368010577e-06
0.331791937337488,0.19470420476440456,5.871056923270284e-06,0.0,2.2053716361522894e-06,0.9999997807907323,6.7055218666792585e-06
0.33467912672564365,0.18651753660822887,5.155801257491163e-06,0.0,1.5497206091880952e-06,0.9999999000000099,5.930661562085211e-06
0.3371665477613072,0.17917737361700836,4.6193595081568225e-06,0.0,1.2516974151134616e-06,0.9999997807907323,5.155801257491163e-06
0.3398882150509284,0.17434555289144107,4.321336314082188e-06,0.0,1.1026858180761447e-06,0.9999997807907323,4.678964146971749e-06
0.341680973754086,0.17161080238264728,4.172324717044872e-06,0.0,1.0132788598537545e-06,0.9999999000000099,4.440545591712042e-06
0.34535366295338155,0.1688611209103398,4.053115439415018e-06,0.0,1.0132788598537545e-06,0.9999996615814547,4.291533994674725e-06
0.34647196529861113,0.16770538684834288,3.933906161785165e-06,0.0,9.536742210388278e-07,0.9999997807907323,4.172324717044872e-06
0.3449637293672771,0.16801631447776047,3.993510800600092e-06,0.0,9.834765404462913e-07,0.9999998403953712,4.112720078229945e-06
0.7047569751447678,0.41436943404731624,0.9999997807907323,3.8146968841553113e-06,2.9802319407463367e-07,6.258487075567308e-07,2.9504296213388735e-05
0.5770453214406445,0.4391743838035058,0.9999999000000099,0.0,5.66244068741804e-07,0.0,1.1920927762985348e-07
0.5902238487952928,0.314694166129585,0.9999999000000099,0.0,3.278255134820971e-07,0.0,8.940695822239011e-08
0.555450201011546,0.3404790758503589,0.9999999000000099,0.0,1.1920927762985348e-07,0.0,0.0
0.582670509791089,0.334249287786469,0.9999999000000099,0.0,1.7881391644478022e-07,0.0,2.980231940746337e-08
0.5823609232661384,0.3374053239244631,0.9999999000000099,0.0,1.7881391644478022e-07,0.0,1.1920927762985348e-07
0.5812307595965991,0.3394343256369148,0.9999999000000099,0.0,1.4901159703731684e-07,0.0,0.0
0.5852697491403466,0.3391473888770152,0.9999999000000099,0.0,1.7881391644478022e-07,0.0,0.0
0.5850951671358067,0.342650115431286,0.9999999000000099,0.0,1.7881391644478022e-07,0.0,0.0
0.5852600931878934,0.34344866865952756,0.9999999000000099,0.0,1.1920927762985348e-07,0.0,2.980231940746337e-08
0.5828932523486053,0.3462028800848372,0.9999999000000099,0.0,0.0,0.0,2.980231940746337e-08
0.5807082652805196,0.3476206361652218,0.9999999000000099,0.0,1.1920927762985348e-07,0.0,2.980231940746337e-08
0.5058019161014924,0.354716956554708,0.9999996615814547,7.450579851865842e-07,1.1920927762985348e-07,0.0,3.1590458571911173e-06
0.5516133904228682,0.5520383118637846,0.9999999000000099,0.0,1.7881391644478022e-07,0.0,0.0
0.5894885062927293,0.5919586419045563,0.9999999000000099,0.0,2.086162358522436e-07,0.0,0.0
0.6062744855629693,0.7109869121287729,0.9999999000000099,1.4901159703731684e-07,5.960463881492674e-08,0.0,0.0
0.6108765005812419,0.7541344760557106,0.9999999000000099,1.4901159703731684e-07,1.4901159703731684e-07,0.0,0.0
0.44927573202180177,0.486204385674191,0.9999999000000099,0.0,2.980231940746337e-08,0.0,0.0
0.17146313189750215,0.09077933429117231,0.8576907253881539,0.0,2.324580913782143e-06,0.6928050421277294,0.0
0.206661224356677,0.10994207857156713,3.85642013132576e-05,0.0,1.2099741679430129e-05,0.9999965025355975,1.4901159703731684e-07
0.20992881058777338,0.13651740548657215,2.279877434670948e-05,0.0,6.377696353197161e-06,0.9999990655350666,2.9802319407463367e-07
0.1950652301230721,0.1276786029120206,2.6047227162122984e-05,0.0,5.155801257491163e-06,0.9999982310701231,1.7881391644478022e-07
0.13854286074064692,0.11235848067267007,7.355212429761959e-05,0.0,1.0639428028464424e-05,0.9999914361412983,0.0
0.037533581255312275,0.12563094494575747,0.0002551972610861088,8.940695822239011e-08,1.0758637306094277e-05,0.9999156190407257,8.940695822239011e-08
0.17698213457328374,0.5408892630604569,1.1026858180761447e-06,0.9999999000000099,8.940695822239011e-08,0.0,0.0
0.1641105711392159,0.4307878612734325,2.980231940746337e-08,0.9999999000000099,0.0,1.0162590917945008e-05,0.0
0.17998313903063323,0.48951715222559516,0.0,0.9999999000000099,0.0,9.268521335721107e-06,2.980231940746337e-08
0.177279204122832,0.5510600208292536,0.0,0.9999999000000099,0.0,1.0788439625501739e-05,1.1920927762985348e-07
0.17738556861142926,0.5616660117141258,0.0,0.9999999000000099,0.0,1.0669230347871886e-05,2.980231940746337e-08
0.17913788556310842,0.5644619463907711,5.960463881492674e-08,0.9999999000000099,0.0,1.0490416431427107e-05,1.4901159703731684e-07
0.18056842683998095,0.5653609632477643,2.980231940746337e-08,0.9999999000000099,0.0,1.0669230347871886e-05,0.0
0.18163424729548797,0.5655927657112562,2.980231940746337e-08,0.9999999000000099,0.0,1.0937451222539056e-05,0.0
0.18254891037185084,0.5656794308647447,0.0,0.9999999000000099,0.0,1.1384486013651007e-05,2.980231940746337e-08
0.1833549141807927,0.5656159519180698,0.0,0.9999999000000099,0.0,1.20401370406152e-05,8.940695822239011e-08
0.18410187958908697,0.5653424262032424,2.980231940746337e-08,0.9999999000000099,0.0,1.272559038698686e-05,0.0
0.184804409734703,0.5649504660592665,2.980231940746337e-08,0.9999999000000099,0.0,1.3589857649803297e-05,8.940695822239011e-08
0.3669686317291894,0.08810546992700614,1.4603136509657052e-06,2.086162358522436e-07,0.9950912791796843,0.0016730128045767713,0.0
0.12763532995649163,0.07660093902229888,7.483362403214052e-05,0.0,0.24678585445654638,0.9968136744275192,0.0
0.17503252624740623,0.150766640875749,1.433491563498988e-05,0.0,0.00026610490998924045,0.9999975158144573,0.0
0.23378214239106118,0.17712938782519902,4.261731675267262e-06,0.0,1.803040324151534e-05,0.999999542372177,2.3841855525970696e-07
0.27500957249456337,0.22202146049512422,3.2186504960060438e-06,0.0,1.2069939360022665e-05,0.9999999000000099,1.1622904568910714e-06
0.3006642460698561,0.2647744416737165,3.5166736900806776e-06,0.0,1.3321636775136126e-05,0.9999999000000099,4.678964146971749e-06
0.32837289570402367,0.260846197560467,3.3378597736358976e-06,0.0,9.924172362685302e-06,0.9999999000000099,6.079673159122528e-06
0.3841363191445552,0.19292846318756018,2.65240642726424e-06,0.0,2.8908249825239467e-06,0.9999997807907323,1.6689298868179488e-06
0.4984640478881427,0.2551124095479906,9.271501567661854e-05,5.960463881492674e-08,1.4901159703731685e-06,0.9999383880127529,8.940695822239011e-08
0.5338206887024135,0.44616234294880885,0.9999998403953712,4.172324717044872e-07,4.768371105194139e-07,2.3841855525970696e-07,0.0
0.44329753516268955,0.43407851450162876,0.9999999000000099,3.5762783288956044e-07,3.397464412450824e-06,0.0,0.0
0.44519370792452817,0.46409174791972246,0.9999999000000099,1.1920927762985348e-07,4.529952549934432e-06,0.0,0.0
0.15059125422807831,0.10257208345564162,8.755921441912738e-05,0.0,0.05968659519329726,0.96904864157475,0.0
0.06676366924963109,0.08463916181068686,1.9073484420776555e-05,8.940695822239011e-08,0.9956906038229684,0.00010466574575901135,3.5762783288956044e-07
0.1803475618287749,0.01712539791767605,3.212690032124551e-05,0.0,0.9999960853031258,1.1920927762985348e-07,1.7881391644478022e-07
0.21809002756169388,0.03549453615534482,8.821486544609157e-05,0.0,0.9999997807907323,7.152556657791209e-07,8.940695822239011e-08
0.20206731557009353,0.030633121723651627,0.00014376638882160328,0.0,0.9999997807907323,4.172324717044872e-07,8.940695822239011e-08
0.16701370476984825,0.02529159187837488,9.873508419692615e-05,0.0,0.9999997211860935,2.9802319407463367e-07,1.7881391644478022e-07
0.12178742885085304,0.023187398906551963,4.607438580393837e-05,8.940695822239011e-08,0.9999996615814547,3.5762783288956044e-07,5.066394299268773e-07
0.046874552963223216,0.0321667790357822,6.109475478529991e-06,2.8312203437090202e-06,0.9999827338640312,5.871056923270284e-06,4.1604037892818864e-05
0.03320521116119218,0.05382460354837001,5.66244068741804e-07,5.2809709990025094e-05,0.9932291706584672,0.0001502632944524303,0.006109058246058286
0.06262707710006789,0.056314200153244606,1.7881391644478022e-07,2.9742714768648444e-05,0.3169531505251439,0.0003062188319116861,0.26840994058149126
0.13519865273869494,0.046225905410480495,8.344649434089744e-07,3.844499203562775e-06,0.0007248818149477315,2.601742484271552e-05,0.9879603590057828
0.2333788573645276,0.037435054772642536,1.2606381109357005e-05,6.258487075567308e-07,3.2782551348209707e-06,1.1026858180761447e-06,0.9999330235952596
0.18219274281701026,0.6081612109096554,2.354383233189606e-06,0.9999999000000099,5.960463881492674e-08,0.0,0.0
0.16794681548376836,0.4423452316957241,2.980231940746337e-08,0.9999999000000099,0.0,1.4513729551434662e-05,5.960463881492674e-08
0.18271049856383023,0.523775637060122,0.0,0.9999999000000099,0.0,1.2814997345209249e-05,2.980231940746337e-08
0.1758367121146825,0.5892357825223932,5.960463881492674e-08,0.9999999000000099,0.0,1.1950730082392812e-05,0.0
0.1782613992617226,0.5992655753063202,2.980231940746337e-08,0.9999999000000099,0.0,1.123547441661369e-05,0.0
0.18112254142011242,0.6011656521721448,2.980231940746337e-08,0.9999999000000099,0.0,1.1026858180761447e-05,0.0
0.18314257263378916,0.6004328726694016,2.980231940746337e-08,0.9999999000000099,0.0,1.1116265138983837e-05,1.1920927762985348e-07
0.18451771139334525,0.5998147725031866,0.0,0.9999999000000099,0.0,1.150369529128086e-05,0.0
0.1855715811175753,0.6000111102030431,5.960463881492674e-08,0.9999999000000099,0.0,1.2129543998837591e-05,2.980231940746337e-08
0.1865460872572902,0.5996913908885227,2.980231940746337e-08,0.9999999000000099,0.0,1.2934206622839103e-05,2.980231940746337e-08
0.18745049833475214,0.5989313124584771,8.940695822239011e-08,0.9999999000000099,0.0,1.3947485482692857e-05,0.0
0.18826749920065458,0.5982649921346471,5.960463881492674e-08,0.9999999000000099,0.0,1.5020368981361538e-05,2.980231940746337e-08
0.13575428723726812,0.022815793748763424,1.370906692743315e-06,1.1920927762985347e-06,0.858683619461533,5.459784915447289e-05,0.07352399090809895
0.1532660424645856,0.05159631370614598,2.65240642726424e-06,1.1920927762985347e-06,0.035670068273279426,2.6762482827902106e-05,0.985176762768487
0.20192793010829205,0.04883781074641325,4.768371105194139e-07,9.536742210388278e-07,0.0019802151130289035,8.41319476872691e-05,0.9968784050652723
0.21500787138048605,0.0477463304914732,8.046626240015109e-07,7.748603045940476e-07,0.0003052651576906473,3.632902735769785e-05,0.9989846541870753
0.25384977458856395,0.04397237300119841,3.069638898968727e-06,4.768371105194139e-07,3.576278328895604e-05,9.298323655128571e-06,0.9998663856090645
0.26151019333710235,0.0388812422685802,8.22544015645989e-06,3.278255134820971e-07,8.165835517644963e-06,3.1590458571911173e-06,0.9999572230786185
0.248982757319631,0.03520944713943294,1.776218236684817e-05,3.5762783288956044e-07,2.4735925108194595e-06,1.2218950957059981e-06,0.9999776078650932
0.23660203813526814,0.03343701362037304,2.9236075338721565e-05,3.874301522970238e-07,9.238719016313645e-07,7.152556657791209e-07,0.9999849988403062
0.22899514435773585,0.03293955325516281,3.94582708954815e-05,4.768371105194139e-07,4.4703479111195056e-07,6.854533463716575e-07,0.9999880982815246
0.22919350861554014,0.033634006971321975,4.33623747378592e-05,3.874301522970238e-07,3.5762783288956044e-07,7.748603045940476e-07,0.9999886943279127
0.22936883567813968,0.03383812307732035,4.667043219208764e-05,4.172324717044872e-07,3.278255134820971e-07,8.344649434089744e-07,0.9999891711650233
0.23217874764434718,0.034259110683296845,4.601478116512344e-05,3.278255134820971e-07,3.5762783288956044e-07,8.940695822239011e-07,0.9999890519557456
0.6373463868830938,0.3969355820929804,0.9999996615814547,2.324580913782143e-06,1.1920927762985348e-07,2.682208746671703e-07,1.5527008411288415e-05
0.5514809489021827,0.4518413542927461,0.9999999000000099,0.0,3.278255134820971e-07,0.0,2.980231940746337e-08
0.5774111151456158,0.3160485326702619,0.9999999000000099,0.0,1.1920927762985348e-07,0.0,8.940695822239011e-08
0.5510131120453601,0.3388211428538929,0.9999999000000099,0.0,1.4901159703731684e-07,0.0,0.0
0.5793401598690467,0.33364510530480673,0.9999999000000099,0.0,1.4901159703731684e-07,0.0,2.980231940746337e-08
0.5767343044042194,0.341363280953128,0.9999999000000099,0.0,8.940695822239011e-08,0.0,2.980231940746337e-08
0.5829478502032174,0.33827924722601027,0.9999999000000099,0.0,1.4901159703731684e-07,0.0,2.980231940746337e-08
0.5855602621789698,0.3424698113808713,0.9999999000000099,0.0,5.960463881492674e-08,0.0,0.0
0.5853796005006631,0.34534317249106655,0.9999999000000099,0.0,1.1920927762985348e-07,0.0,0.0
0.588635504221384,0.34621763223441654,0.9999999000000099,0.0,1.1920927762985348e-07,0.0,2.980231940746337e-08
0.5900231599563424,0.3486818670629436,0.9999999000000099,0.0,1.7881391644478022e-07,0.0,0.0
0.5945671200506061,0.3494172691700564,0.9999999000000099,0.0,1.1920927762985348e-07,0.0,2.980231940746337e-08
0.0941376686057211,0.10137212274722893,1.5497206091880952e-06,0.9999977542330126,0.0,0.0,2.324580913782143e-06
0.10465961694284034,0.47609901420070166,8.940695822239011e-08,0.9999999000000099,0.0,6.258487075567308e-07,0.0
0.1758270561622293,0.38692933314373557,0.0,0.9999999000000099,0.0,1.671910118758695e-05,2.980231940746337e-08
0.17354941367384397,0.4881722032187912,0.0,0.9999999000000099,0.0,2.0384786474704945e-05,2.980231940746337e-08
0.18122401832783833,0.5120397805290811,0.0,0.9999999000000099,0.0,4.0978189185262135e-05,5.960463881492674e-08
0.17662617563469984,0.5229487418232946,0.0,0.9999999000000099,0.0,3.260373743176492e-05,8.940695822239011e-08
0.17836984991288693,0.5267192720464954,0.0,0.9999999000000099,0.0,2.9474493893981274e-05,8.940695822239011e-08
0.17947232722492928,0.5290668605852169,0.0,0.9999999000000099,0.0,2.6911494424939423e-05,8.940695822239011e-08
0.1807138025685821,0.5306965111777419,0.0,0.9999999000000099,0.0,2.5302169176936402e-05,2.980231940746337e-08
0.18186995386324248,0.5320515631718336,0.0,0.9999999000000099,0.0,2.4378297275305036e-05,0.0
0.18296998738484915,0.5331404208224039,0.0,0.9999999000000099,0.0,2.3901460164785624e-05,8.940695822239011e-08
0.18401378392411258,0.5340155362168464,0.0,0.9999999000000099,0.0,2.381205320656323e-05,2.980231940746337e-08
0.11402010917191442,0.10459363458749761,0.0002829432204544572,0.0,0.002808749394875793,0.999494273848943,0.0
0.3455273210859275,0.3073641657302969,7.301568254828525e-06,2.980231940746337e-08,4.443525823652788e-05,0.9999999000000099,8.31484711468228e-06
0.385982304795495,0.25767377014516246,1.71661359786989e-05,0.0,4.559754869341896e-06,0.999999542372177,7.748603045940476e-07
0.49712947008935454,0.30240058893747623,0.12005369654794455,1.1920927762985348e-07,2.086162358522436e-07,0.7432610245355918,0.0
0.612539291356472,0.41479599468757833,0.9999999000000099,1.4901159703731684e-07,8.940695822239011e-08,0.0,0.0
0.5362061261908706,0.4253163038956005,0.9999999000000099,0.0,3.278255134820971e-07,0.0,0.0
0.5659934282068492,0.3973917662416907,0.9999999000000099,0.0,9.238719016313645e-07,0.0,0.0
0.5601038336521919,0.3956154882230435,0.9999999000000099,0.0,6.258487075567308e-07,0.0,8.940695822239011e-08
0.5614007115131611,0.3920938967987045,0.9999999000000099,0.0,2.682208746671703e-07,0.0,2.980231940746337e-08
0.5597599148518521,0.3938018678944508,0.9999999000000099,0.0,1.1920927762985348e-07,0.0,5.960463881492674e-08
0.5552877783545397,0.39240103953317945,0.9999999000000099,0.0,1.1920927762985348e-07,0.0,5.960463881492674e-08
0.5575836300619031,0.38376516097173097,0.9999999000000099,0.0,8.940695822239011e-08,0.0,5.960463881492674e-08
0.43777379391764853,0.2545709013502989,6.911157870590756e-05,2.086162358522436e-07,3.0487772753835027e-05,0.9999999000000099,5.57303372919565e-06
0.18548449873156206,0.16272884604528573,3.5673376330733654e-05,0.0,1.981854240596314e-05,0.9999994231628994,2.682208746671703e-07
0.23840472101178042,0.15425238010626174,1.0758637306094277e-05,0.0,4.768371105194139e-06,0.999999542372177,5.66244068741804e-07
0.2451580166715197,0.1564984023303034,1.0043381640315155e-05,0.0,4.142522397637409e-06,0.9999996615814547,6.556510269641942e-07
0.24615600704127513,0.15860307213928446,1.0311602514982325e-05,0.0,4.2319293558597985e-06,0.9999996019768158,7.152556657791209e-07
0.2484774589435685,0.16146227714634795,1.034140483438979e-05,0.0,4.261731675267262e-06,0.9999996615814547,9.238719016313645e-07
0.24913927911680467,0.16280260679318265,1.0490416431427107e-05,0.0,4.291533994674725e-06,0.9999997211860935,9.238719016313645e-07
0.24115708469345964,0.15567168590741032,1.1563299930095787e-05,0.0,4.172324717044872e-06,0.999999542372177,7.152556657791209e-07
0.22866407035834463,0.14567479488739363,1.3470648372173444e-05,0.0,4.142522397637409e-06,0.9999993039536218,4.768371105194139e-07
0.21018838881575946,0.13535204527444566,1.7553566130995923e-05,0.0,4.678964146971749e-06,0.9999987079072337,2.9802319407463367e-07
0.1851658821029284,0.12544146178004895,2.6762482827902106e-05,0.0,6.1690801173449175e-06,0.9999975158144573,1.7881391644478022e-07
0.15677362679786017,0.11668074129013979,4.610418812334583e-05,0.0,9.506939890980815e-06,0.9999945355825166,8.940695822239011e-08
0.08856508135428864,0.3079096674391879,0.9999725414707938,3.874301522970238e-07,0.0001451372955143466,9.268521335721107e-06,0.0
0.6863077878667841,0.5410124658611866,0.9999999000000099,0.0,1.1920927762985348e-07,0.0,0.0
0.5602947473293995,0.7645087240817358,0.9999999000000099,1.4901159703731684e-07,5.960463881492674e-08,0.0,0.0
0.5434399246944468,0.6051813362992647,0.9999999000000099,0.0,5.960463881492674e-08,0.0,0.0
0.46601653097130386,0.2064712047223353,0.9999497724987666,5.960463881492674e-08,0.0,0.0019003448970169017,5.960463881492674e-08
0.4644672274397213,0.1249950527930801,6.0170882883668546e-05,5.960463881492674e-08,3.874301522970238e-07,0.999996979372708,5.066394299268773e-07
0.334505796418644,0.1633710562903082,6.079673159122528e-06,0.0,1.8179414838552655e-06,0.9999997807907323,2.712011066079167e-06
0.31627917288424245,0.19022390243133994,5.871056923270284e-06,0.0,1.9073484420776557e-06,0.9999997807907323,5.900859242677747e-06
0.30838292835866,0.1797111034085582,5.602836048603113e-06,0.0,1.4305113315582417e-06,0.9999997807907323,4.321336314082188e-06
0.2956192791339535,0.17035439607564196,6.0200685203076e-06,0.0,1.4007090121507783e-06,0.9999997807907323,3.0100342601538e-06
0.2784488797072506,0.1635452210623121,7.659196087718087e-06,0.0,1.7583368450403388e-06,0.9999997807907323,1.996755400300046e-06
0.261662006367339,0.1586502492156161,9.953974682092765e-06,0.0,2.5331971496343865e-06,0.9999996615814547,1.3113020539283883e-06
0.15502533315970318,0.027641177172696058,4.339217705726667e-05,0.7074935324801694,0.0,0.0,0.8728468737367359
0.17629164456591181,0.1477668881163292,0.008607625100541201,2.0563600391149723e-06,0.0,8.493661031127061e-06,0.999860425145183
0.27392953633127803,0.1501715779047358,1.7881391644478022e-07,8.165835517644963e-06,0.0,0.019940940531769594,0.9990053369967441
0.17735144495229677,0.06696847080037652,0.00024902818096876394,3.874301522970238e-07,0.0,6.467103311419552e-06,0.9999798728413681
0.233582705249651,0.0417907833981479,3.865360827147999e-05,4.768371105194139e-07,2.086162358522436e-07,2.5331971496343865e-06,0.99998279346867
0.24043351410823877,0.03742119669273463,4.598497884571598e-05,2.9802319407463367e-07,3.278255134820971e-07,1.8179414838552655e-06,0.9999869657933871
0.25082623957549033,0.036519229405825485,3.2484528154135074e-05,2.682208746671703e-07,6.258487075567308e-07,2.1159646779298993e-06,0.9999861909330825
0.2544066905869998,0.03608036040641943,2.9772517088055905e-05,2.086162358522436e-07,8.046626240015109e-07,2.175569316744826e-06,0.9999861909330825
0.2562805712116933,0.03589639067035169,2.8282401117682738e-05,2.086162358522436e-07,9.238719016313645e-07,2.175569316744826e-06,0.9999861909330825
0.25658553837667397,0.03573924302442828,2.8014180243015567e-05,2.3841855525970696e-07,9.834765404462913e-07,2.2053716361522894e-06,0.9999861909330825
0.2540223002328592,0.035175144666370575,3.030895883739025e-05,2.3841855525970696e-07,8.642672628164378e-07,1.9073484420776557e-06,0.9999869061887483
0.2507212459937228,0.03468167781235962,3.308057454228434e-05,2.3841855525970696e-07,7.152556657791209e-07,1.5795229285955586e-06,0.9999873830258588
0.3369945883611374,0.03299626707465689,1.2844799664616713e-05,3.278255134820971e-07,0.0027446744081497465,2.8342005756497666e-05,0.9983255460910598
0.3179361224042849,0.045639872543149204,1.519918289780632e-06,1.1920927762985348e-07,0.0016677079917222428,6.633996300101346e-05,0.9996394111444572
0.16223064064307793,0.040286034338728446,2.086162358522436e-07,8.344649434089744e-07,0.019763527324336963,0.0002776086052805213,0.9737479905081965
0.070224702355338,0.04140123724228504,1.4901159703731684e-07,6.288289394974771e-06,0.24664468086951322,0.0003453492772936855,0.256853405777901
0.050102204082321744,0.04425069688992944,2.086162358522436e-07,1.5676020008325733e-05,0.405225027808262,0.00025209781986773263,0.09025855949945838
0.057905763385282305,0.046627700320842604,1.7881391644478022e-07,1.4990566661954075e-05,0.18430895750408655,0.00027716157048940935,0.24160573450641873
0.06786346435265868,0.0460932254712332,1.7881391644478022e-07,1.1801718485355495e-05,0.05489590215086693,0.0002664327355027225,0.45514963486108934
0.0793218612638053,0.04531756042658147,2.086162358522436e-07,8.40425407290467e-06,0.015101610104066283,0.0002008676328063031,0.7066767701144885
0.10235795378261156,0.04467588662336188,3.5762783288956044e-07,4.589557188749359e-06,0.0027226802964270386,0.00011315940679013842,0.9339767356542978
0.13734921812442438,0.044233143322046094,6.854533463716575e-07,2.264976274967216e-06,0.00048699970143735894,6.237625451982083e-05,0.9897965395091155
0.17800858616091825,0.04313161968446311,1.4007090121507783e-06,1.0132788598537545e-06,0.00011181830241680256,3.087520290613205e-05,0.9983402684368471
0.21382975577422683,0.04193431138274247,2.1457669973373625e-06,5.066394299268773e-07,4.643201363682793e-05,1.9311902976036264e-05,0.9995259239121537
0.35285985468357,0.2762374281410224,0.9999998403953712,5.960463881492674e-08,8.940695822239011e-08,0.0,3.5762783288956044e-07
0.708193898171664,0.4433244466022489,0.9999999000000099,0.0,1.1920927762985348e-07,0.0,0.0
0.578341841673745,0.3817870616259088,0.9999999000000099,0.0,3.5762783288956044e-07,0.0,0.0
0.6004846095790171,0.3056907057238696,0.9999999000000099,0.0,4.172324717044872e-07,0.0,0.0
0.5984557866802364,0.3419452309022929,0.9999999000000099,0.0,2.682208746671703e-07,0.0,1.1920927762985348e-07
0.5897213220352123,0.3417226969610621,0.9999999000000099,0.0,2.086162358522436e-07,0.0,2.980231940746337e-08
0.5910774469130858,0.3444719910031786,0.9999999000000099,0.0,1.1920927762985348e-07,0.0,0.0
0.5898447036498923,0.34530854219245793,0.9999999000000099,0.0,1.4901159703731684e-07,0.0,0.0
0.5926091670744604,0.34458392852604763,0.9999999000000099,0.0,1.4901159703731684e-07,0.0,1.1920927762985348e-07
0.5938805937521117,0.345032483280228,0.9999999000000099,0.0,1.4901159703731684e-07,0.0,8.940695822239011e-08
0.5943833589307712,0.3460816740397072,0.9999999000000099,0.0,1.4901159703731684e-07,0.0,2.980231940746337e-08
0.5950004458181053,0.3473128973842992,0.9999999000000099,0.0,1.4901159703731684e-07,0.0,2.980231940746337e-08
0.18333372472957593,0.6318634151330442,3.039836579561264e-06,0.9999999000000099,1.4901159703731684e-07,2.980231940746337e-08,0.0
0.1773194968626985,0.4792903660907192,0.0,0.9999999000000099,0.0,1.946091457307358e-05,5.960463881492674e-08
0.18155521153651907,0.5686479209879851,0.0,0.9999999000000099,0.0,1.3858078524470467e-05,1.1920927762985348e-07
0.1761798560546402,0.6254060267331185,8.940695822239011e-08,0.9999999000000099,0.0,1.1473892971873398e-05,2.980231940746337e-08
0.1807415783330463,0.633083939443901,0.0,0.9999999000000099,0.0,1.0788439625501739e-05,0.0
0.18441429733466422,0.6343778370724635,0.0,0.9999999000000099,0.0,1.069903266727935e-05,0.0
0.1868911981505254,0.6344410776005593,5.960463881492674e-08,0.9999999000000099,0.0,1.087784658372413e-05,1.1920927762985348e-07
0.18863928317242568,0.6341705321179703,0.0,0.9999999000000099,0.0,1.1533497610688325e-05,0.0
0.19003713130164027,0.6330140828002361,0.0,0.9999999000000099,0.0,1.2367962554097299e-05,1.1920927762985348e-07
0.19111400841875265,0.6322691439499608,0.0,0.9999999000000099,0.0,1.344084605276598e-05,2.980231940746337e-08
0.19211322068372594,0.6308995484225465,2.980231940746337e-08,0.9999999000000099,0.0,1.4752148106694368e-05,8.940695822239011e-08
0.19302523135339641,0.6290391086454907,8.940695822239011e-08,0.9999999000000099,0.0,1.6242264077067537e-05,1.1920927762985348e-07
0.14624929427495,0.45395895830964117,0.4470079392221644,1.4901159703731684e-07,0.0017921922798872173,0.9706621391474701,0.0
0.11974793672065796,0.10468691585655512,0.0006306170786619249,0.0,0.0003737508876889981,0.9999849988403062,0.0
0.27608859537888764,0.24628192182138378,1.4781950426101832e-05,0.0,1.4364717954397344e-05,0.9999999000000099,9.119509738683792e-06
0.29069969056833084,0.22201949354184697,9.119509738683792e-06,0.0,4.559754869341896e-06,0.9999998403953712,8.374451753497206e-06
0.29834038017944936,0.20931971069566346,7.539986810088233e-06,0.0,3.2782551348209707e-06,0.9999998403953712,6.973742741346429e-06
0.2973579168196573,0.1991729139940623,7.122754338383746e-06,0.0,2.74181338548663e-06,0.9999997807907323,5.543231409788187e-06
0.2932863831398637,0.19145825501978214,7.122754338383746e-06,0.0,2.5331971496343865e-06,0.9999999000000099,4.410743272304579e-06
0.2871683239817919,0.18625918027549418,7.599591448903159e-06,0.0,2.65240642726424e-06,0.9999999000000099,3.695487606525458e-06
0.27917402981555794,0.18198820945484492,8.40425407290467e-06,0.0,2.8312203437090202e-06,0.9999998403953712,2.980231940746337e-06
0.2716295719034253,0.17912775275024134,9.477137571573351e-06,0.0,3.2484528154135075e-06,0.9999998403953712,2.5331971496343865e-06
0.2674655914195889,0.17946609851625092,1.0371207153797252e-05,0.0,3.635882967710531e-06,0.9999998403953712,2.3841855525970694e-06
0.2634768783937073,0.17827528712080967,1.096725354194652e-05,0.0,3.8146968841553113e-06,0.9999999000000099,2.264976274967216e-06
0.1835406720562275,0.6368787287575212,3.2186504960060438e-06,0.9999998403953712,5.960463881492674e-08,0.0,0.0
0.17831230162835868,0.4838718175059503,2.980231940746337e-08,0.9999999000000099,0.0,2.0325181835890017e-05,1.1920927762985348e-07
0.18174996971331459,0.5656617878898942,0.0,0.9999999000000099,0.0,1.4275310996174954e-05,0.0
0.17665612696869826,0.6178444622889177,5.960463881492674e-08,0.9999999000000099,0.0,1.1861323124170421e-05,8.940695822239011e-08
0.18052810429779206,0.6256697176815597,0.0,0.9999999000000099,0.0,1.1056660500168911e-05,0.0
0.18383464216424755,0.6272473334192046,5.960463881492674e-08,0.9999999000000099,0.0,1.0788439625501739e-05,1.1920927762985348e-07
0.18610948323432852,0.628009974848975,2.980231940746337e-08,0.9999999000000099,0.0,1.1056660500168911e-05,1.1920927762985348e-07
0.18781918286499505,0.62777900685051,0.0,0.9999999000000099,0.0,1.150369529128086e-05,8.940695822239011e-08
0.1891602873723858,0.6271591185449521,0.0,0.9999999000000099,0.0,1.2397764873504761e-05,2.980231940746337e-08
0.19028559326337618,0.6259781121135747,0.0,0.9999999000000099,0.0,1.335143909454359e-05,2.980231940746337e-08
0.1912415623585667,0.6246929763677925,2.980231940746337e-08,0.9999999000000099,0.0,1.4722345787286905e-05,2.980231940746337e-08
0.1921081840912426,0.6232268809205034,5.960463881492674e-08,0.9999999000000099,0.0,1.609325248003022e-05,2.980231940746337e-08
0.7127457856836826,0.41657966368217647,0.9999997807907323,4.0829177588224814e-06,2.682208746671703e-07,6.556510269641942e-07,3.182887712717088e-05
0.5057728290348432,0.4604211448834705,0.9999999000000099,0.0,2.682208746671703e-07,0.0,5.960463881492674e-08
0.5887072086090458,0.3013795315703262,0.9999999000000099,0.0,1.4901159703731684e-07,0.0,8.940695822239011e-08
0.5343501567619313,0.3490548133252393,0.9999999000000099,0.0,0.0,0.0,5.960463881492674e-08
0.5777157544850503,0.32550805801539806,0.9999999000000099,0.0,5.960463881492674e-08,0.0,2.980231940746337e-08
0.5656360387567907,0.3427501916298467,0.9999999000000099,0.0,5.960463881492674e-08,0.0,0.0
0.5773602723836245,0.33003318304132606,0.9999999000000099,0.0,1.4901159703731684e-07,0.0,1.1920927762985348e-07
0.5772067904233342,0.33652049297292397,0.9999999000000099,0.0,8.940695822239011e-08,0.0,8.940695822239011e-08
0.5826902985331536,0.3347706794165525,0.9999999000000099,0.0,0.0,0.0,8.940695822239011e-08
0.5853489637132498,0.33663082117038434,0.9999999000000099,0.0,1.1920927762985348e-07,0.0,2.980231940746337e-08
0.5858293175454747,0.3394652008429031,0.9999999000000099,0.0,1.1920927762985348e-07,0.0,2.980231940746337e-08
0.5896389484161362,0.34071230882532505,0.9999999000000099,0.0,1.7881391644478022e-07,0.0,8.940695822239011e-08
0.18195366858682605,0.6032232045094389,2.2351739555597527e-06,0.9999999000000099,5.960463881492674e-08,0.0,0.0
0.18357715009882852,0.5222910641729556,5.960463881492674e-08,0.9999999000000099,0.0,1.8060205560922803e-05,8.940695822239011e-08
0.18062016367164385,0.6044594644465137,2.980231940746337e-08,0.9999999000000099,0.0,1.1652706888318178e-05,2.980231940746337e-08
0.17836624383187816,0.6545202730965413,2.980231940746337e-08,0.9999999000000099,0.0,9.894370043277838e-06,1.1920927762985348e-07
0.1839384436531196,0.6615464686214612,2.980231940746337e-08,0.9999999000000099,0.0,9.506939890980815e-06,8.940695822239011e-08
0.18825727700407602,0.6621408461390597,2.980231940746337e-08,0.9999999000000099,0.0,9.566544529795742e-06,8.940695822239011e-08
0.19105079769297098,0.6617074011623272,0.0,0.9999999000000099,0.0,1.0192393237352472e-05,2.980231940746337e-08
0.1929609775463312,0.6607804893315838,2.980231940746337e-08,0.9999999000000099,0.0,1.0997055861353983e-05,0.0
0.1943790316501238,0.6596050857368144,8.940695822239011e-08,0.9999999000000099,0.0,1.2129543998837591e-05,8.940695822239011e-08
0.19557914137030422,0.6574323772258339,0.0,0.9999999000000099,0.0,1.353025301098837e-05,8.940695822239011e-08
0.19657209514757634,0.6546673177551771,0.0,0.9999999000000099,0.0,1.5139578258991392e-05,8.940695822239011e-08
0.19741550087111318,0.6514689325170773,5.960463881492674e-08,0.9999999000000099,0.0,1.7046926701069047e-05,8.940695822239011e-08
0.14782026409490753,0.39451318972507854,2.9802319407463367e-07,0.9999999000000099,0.0,0.0,0.0
0.1323705315535093,0.37946999066530707,5.960463881492674e-08,0.9999999000000099,0.0,1.7881391644478022e-06,0.0
0.1380302309932774,0.38316616409416326,2.980231940746337e-08,0.9999999000000099,0.0,6.854533463716575e-07,0.0
0.1777615249083345,0.4705206452994505,0.0,0.9999999000000099,0.0,4.053115439415018e-06,0.0
0.17934411763402275,0.5061478613940426,2.980231940746337e-08,0.9999999000000099,0.0,8.67247494757184e-06,0.0
0.1766432523654273,0.531021892933515,5.960463881492674e-08,0.9999999000000099,0.0,8.821486544609158e-06,5.960463881492674e-08
0.1783135533258989,0.5425268410707356,2.980231940746337e-08,0.9999999000000099,0.0,9.387730613350962e-06,0.0
0.17958348988743078,0.5459004043598003,2.980231940746337e-08,0.9999999000000099,0.0,9.834765404462912e-06,2.980231940746337e-08
0.18081316351141857,0.5464524625796154,8.940695822239011e-08,0.9999999000000099,0.0,1.0251997876167399e-05,0.0
0.18177759646616684,0.5474238990799983,2.980231940746337e-08,0.9999999000000099,0.0,1.0848044264316667e-05,0.0
0.18262204527098722,0.5473627447144693,2.980231940746337e-08,0.9999999000000099,0.0,1.1354683694243543e-05,1.1920927762985348e-07
0.18337357043460661,0.5475779770867164,0.0,0.9999999000000099,0.0,1.2010334721207738e-05,8.940695822239011e-08
0.18279820679861358,0.6201445459257614,2.682208746671703e-06,0.9999999000000099,8.940695822239011e-08,0.0,0.0
0.16356927155771062,0.4285602866869456,0.0,0.9999999000000099,0.0,1.3738869246840614e-05,0.0
0.18219688533982198,0.4986147283653948,0.0,0.9999999000000099,0.0,1.2576578789949543e-05,2.980231940746337e-08
0.17649060487016385,0.5596727131838884,0.0,0.9999999000000099,0.0,1.272559038698686e-05,5.960463881492674e-08
0.1770740151332012,0.575659155747069,2.980231940746337e-08,0.9999999000000099,0.0,1.1831520804762957e-05,5.960463881492674e-08
0.17897734045241256,0.5881935953086739,1.1920927762985348e-07,0.9999999000000099,0.0,1.1205672097206226e-05,1.1920927762985348e-07
0.1809724867268966,0.5969959496429516,2.980231940746337e-08,0.9999999000000099,0.0,1.1116265138983837e-05,1.1920927762985348e-07
0.18305206298070148,0.5990891455578152,2.980231940746337e-08,0.9999999000000099,0.0,1.1444090652465934e-05,2.980231940746337e-08
0.184704005710583,0.5991080402302058,0.0,0.9999999000000099,0.0,1.1980532401800274e-05,2.980231940746337e-08
0.1859284341258308,0.5990177987980313,8.940695822239011e-08,0.9999999000000099,0.0,1.2695788067579396e-05,1.1920927762985348e-07
0.18693488835514396,0.599051654236258,8.940695822239011e-08,0.9999999000000099,0.0,1.3500450691580906e-05,8.940695822239011e-08
0.1878760456961084,0.5983812807965839,0.0,0.9999999000000099,0.0,1.4662741148471979e-05,0.0
0.2831676602246333,0.32749396556968446,0.0028762516483336973,1.7881391644478022e-07,0.00016885994176268746,0.9999954892567376,2.3841855525970696e-07
0.7791748046552361,0.522037625223414,0.9999999000000099,8.940695822239011e-08,2.682208746671703e-07,7.152556657791209e-07,0.0
0.6280127763488123,0.3891345857907578,0.9999999000000099,0.0,9.536742210388278e-07,0.0,0.0
0.5984227061023873,0.39499461644084694,0.9999999000000099,0.0,1.0132788598537545e-06,0.0,0.0
0.5684668421509911,0.3872901200584992,0.9999999000000099,0.0,8.940695822239011e-07,0.0,8.940695822239011e-08
0.5846990346666459,0.3727042078333662,0.9999999000000099,0.0,6.556510269641942e-07,0.0,8.940695822239011e-08
0.5933113693945302,0.36633998149320846,0.9999999000000099,0.0,4.768371105194139e-07,0.0,1.4901159703731684e-07
0.5949624776593849,0.36778250330349305,0.9999999000000099,0.0,3.278255134820971e-07,0.0,8.940695822239011e-08
0.5976475476971156,0.3624913989876877,0.9999999000000099,0.0,2.9802319407463367e-07,0.0,2.980231940746337e-08
0.5984320640316168,0.36201775067806113,0.9999999000000099,0.0,2.3841855525970696e-07,0.0,1.1920927762985348e-07
0.601152658437632,0.35841959708752125,0.9999999000000099,0.0,2.682208746671703e-07,0.0,2.980231940746337e-08
0.6025096773851771,0.3579801320416675,0.9999999000000099,0.0,2.3841855525970696e-07,0.0,2.980231940746337e-08
0.6978116631218926,0.4125581382998695,0.9999997211860935,3.725289925932921e-06,2.3841855525970696e-07,6.258487075567308e-07,2.732872689664391e-05
0.5527924299011213,0.4374901651586984,0.9999999000000099,0.0,4.4703479111195056e-07,0.0,1.4901159703731684e-07
0.5872482061142942,0.3080489634940041,0.9999999000000099,0.0,2.9802319407463367e-07,0.0,1.4901159703731684e-07
0.540054857708503,0.34469413751421846,0.9999999000000099,0.0,5.960463881492674e-08,0.0,1.1920927762985348e-07
0.575534820532809,0.33037346595829054,0.9999999000000099,0.0,8.940695822239011e-08,0.0,1.1920927762985348e-07
0.5702965855362303,0.3398871421231959,0.9999999000000099,0.0,8.940695822239011e-08,0.0,2.980231940746337e-08
0.5759192704915944,0.33325982088104456,0.9999999000000099,0.0,1.4901159703731684e-07,0.0,8.940695822239011e-08
0.5730339288474268,0.33793833846027577,0.9999999000000099,0.0,1.4901159703731684e-07,0.0,5.960463881492674e-08
0.5752532481909017,0.33777400845465816,0.9999999000000099,0.0,8.940695822239011e-08,0.0,1.4901159703731684e-07
0.5780731439351087,0.33829909557271703,0.9999999000000099,0.0,1.4901159703731684e-07,0.0,0.0
0.5812129974124567,0.33917066449079597,0.9999999000000099,0.0,0.0,0.0,0.0
0.5852373242135901,0.33976387971782146,0.9999999000000099,0.0,1.1920927762985348e-07,0.0,0.0
0.09664675592975967,0.020926117893450405,8.642672628164378e-07,1.6391275674104854e-06,0.9908481441517273,4.7415490177274224e-05,0.0013836918877691167
0.27808207272331803,0.053408265104685194,1.4960764342546611e-05,2.980231940746337e-08,0.9999997211860935,1.0550021070242033e-05,1.4901159703731684e-07
0.3011341392869234,0.04744237660549314,2.6822087466717034e-05,5.960463881492674e-08,0.9999997807907323,2.8312203437090202e-06,0.0
0.27928626536166534,0.03807744383159931,5.2809709990025094e-05,0.0,0.9999997807907323,9.834765404462913e-07,0.0
0.27125012873480087,0.03652858733505362,6.62207537233836e-05,0.0,0.9999997807907323,7.152556657791209e-07,0.0
0.25388211010835326,0.03340235351944209,0.00010505317591130837,0.0,0.9999999000000099,4.768371105194139e-07,0.0
0.24752637742924938,0.03354564308545759,0.00011438130188584441,0.0,0.9999998403953712,3.874301522970238e-07,2.980231940746337e-08
0.238189458837183,0.03266239165700471,0.0001287162175208343,0.0,0.9999999000000099,4.172324717044872e-07,0.0
0.22783762215624567,0.031701862806613766,0.00013387201877832546,0.0,0.9999997807907323,3.874301522970238e-07,8.940695822239011e-08
0.2126180529506381,0.03010469674548589,0.0001315772401839508,0.0,0.9999997807907323,3.5762783288956044e-07,2.980231940746337e-08
0.1935850381771037,0.02860888838278121,0.000115126359871031,0.0,0.9999997211860935,3.278255134820971e-07,5.960463881492674e-08
0.17696762084228154,0.028433263296980593,9.402631773054693e-05,0.0,0.9999998403953712,3.874301522970238e-07,1.1920927762985348e-07
0.1829049587174019,0.6224090455896802,2.7716157048940933e-06,0.9999999000000099,1.4901159703731684e-07,2.980231940746337e-08,0.0
0.17626327275499992,0.4744635223529898,0.0,0.9999999000000099,0.0,1.8447635713219826e-05,5.960463881492674e-08
0.18194162844858192,0.5543415545468009,0.0,0.9999999000000099,0.0,1.3738869246840614e-05,2.980231940746337e-08
0.17642197012170782,0.6083225606830347,5.960463881492674e-08,0.9999999000000099,0.0,1.1742113846540568e-05,8.940695822239011e-08
0.17991700767725768,0.6149494646926726,5.960463881492674e-08,0.9999999000000099,0.0,1.1026858180761447e-05,2.980231940746337e-08
0.1828651130123712,0.616741716756117,2.980231940746337e-08,0.9999999000000099,0.0,1.0788439625501739e-05,2.980231940746337e-08
0.1849327683372215,0.6176416872874265,5.960463881492674e-08,0.9999999000000099,0.0,1.0907648903131594e-05,2.980231940746337e-08
0.18649205564680355,0.6180542110338464,2.980231940746337e-08,0.9999999000000099,0.0,1.1473892971873398e-05,0.0
0.18776586651024565,0.6182790993585454,2.980231940746337e-08,0.9999999000000099,0.0,1.2218950957059982e-05,2.980231940746337e-08
0.1888842582624424,0.6180437206163677,2.980231940746337e-08,0.9999999000000099,0.0,1.317262517809881e-05,0.0
0.1899039149205728,0.617180108918365,2.980231940746337e-08,0.9999999000000099,0.0,1.433491563498988e-05,2.980231940746337e-08
0.19082513450786068,0.6158695815939128,2.980231940746337e-08,0.9999999000000099,0.0,1.5676020008325733e-05,0.0
0.1188193559597406,0.10985630748775002,0.00025027987838387736,0.0,0.0014586447210788872,0.9998077346444706,0.0
0.16848880051868853,0.12544789908168358,2.1189449098706455e-05,0.0,6.571411429345673e-05,0.9999956680706541,2.980231940746337e-08
0.15883624553022715,0.12783572075562163,1.963972848951836e-05,0.0,2.3305413776636355e-05,0.9999948932103495,0.0
0.1675999760558347,0.1288477182167673,1.689791510403173e-05,0.0,1.6689298868179488e-05,0.9999956084660152,0.0
0.16653487085606497,0.12765598294933223,1.8239019477367584e-05,0.0,1.591443856358544e-05,0.9999954296520989,8.940695822239011e-08
0.17914006113264264,0.13030371067676885,1.5407799133658562e-05,0.0,1.2964008942246566e-05,0.9999968005587916,2.980231940746337e-08
0.1935586333194693,0.13474974033909345,1.272559038698686e-05,0.0,1.0162590917945008e-05,0.9999978734422902,0.0
0.21054324506841504,0.14108318088023003,1.0251997876167399e-05,0.0,7.86781232357033e-06,0.9999986483025948,8.940695822239011e-08
0.22626379131333904,0.14874327180222768,8.67247494757184e-06,0.0,6.4373009920120876e-06,0.9999991847443441,2.086162358522436e-07
0.23496621846179766,0.15456330773567933,8.165835517644963e-06,0.0,5.871056923270284e-06,0.9999994231628994,3.874301522970238e-07
0.23592475055671341,0.1554785966606935,8.553265669941988e-06,0.0,5.513429090380723e-06,0.9999994231628994,4.172324717044872e-07
0.23921248315774307,0.15731993314910195,8.58306798934945e-06,0.0,5.2750105351210165e-06,0.999999542372177,4.768371105194139e-07
0.4531635045817604,0.252702653364779,5.251168679595046e-05,1.7881391644478022e-07,2.7298924577236446e-05,0.9999999000000099,6.735324186086722e-06
0.3256582021578409,0.20134648677239192,7.033347380161355e-06,0.0,4.589557188749359e-06,0.9999999000000099,4.202127036452335e-06
0.33189535139616905,0.19453522559649525,4.380940952897116e-06,0.0,2.264976274967216e-06,0.9999997807907323,5.03659197986131e-06
0.34554165600299536,0.17862865325730007,3.695487606525458e-06,0.0,1.4305113315582417e-06,0.9999997807907323,3.9637084811926284e-06
0.35352164505448375,0.16806736585600185,3.457069051265751e-06,0.0,1.1026858180761447e-06,0.9999998403953712,3.2186504960060438e-06
0.3545705079885529,0.16410028931668785,3.4272667318582874e-06,0.0,1.0132788598537545e-06,0.9999998403953712,3.069638898968727e-06
0.35307127235857955,0.16347357627930434,3.6060806483030677e-06,0.0,9.536742210388278e-07,0.9999997807907323,3.129243537783654e-06
0.3494639396522775,0.16542306539563922,3.725289925932921e-06,0.0,1.0132788598537545e-06,0.9999998403953712,3.397464412450824e-06
0.3444648682928501,0.16839122769333348,3.844499203562775e-06,0.0,1.0728834986686813e-06,0.9999997807907323,3.6656852871179947e-06
0.33888357876328085,0.17096099254541725,3.9637084811926284e-06,0.0,1.0132788598537545e-06,0.9999997807907323,4.023313120007555e-06
0.3345813453058937,0.17222309109599765,3.993510800600092e-06,0.0,1.0132788598537545e-06,0.9999997807907323,4.053115439415018e-06
0.32848650215696085,0.1729370653333174,4.112720078229945e-06,0.0,1.0132788598537545e-06,0.9999997807907323,4.053115439415018e-06
0.346117764697048,0.11238640544874257,1.5795229285955586e-06,1.1920927762985348e-07,0.9607569210599279,0.01483365745027378,0.0
0.12716716527412272,0.10587289927577037,5.939602257907449e-05,0.0,0.00734263585097201,0.9999142481340328,0.0
0.1681998372008294,0.1312007009758401,1.3411043733358517e-05,0.0,7.46846124351032e-05,0.9999955488613764,0.0
0.19210657476583376,0.14424508807573352,7.629393768310623e-06,0.0,1.937150761485119e-05,0.9999978734422902,2.980231940746337e-08
0.2192130386738605,0.1535907983516906,5.334615173935943e-06,0.0,1.1116265138983837e-05,0.9999989463257889,5.960463881492674e-08
0.23917257784806759,0.165129691334105,4.559754869341896e-06,0.0,8.67247494757184e-06,0.9999994231628994,2.086162358522436e-07
0.24904748796385437,0.1748637258707072,4.649161827564286e-06,0.0,7.897614642977793e-06,0.9999996615814547,4.172324717044872e-07
0.252472639073408,0.17960619923377147,4.917382702231456e-06,0.0,7.569789129495696e-06,0.9999996615814547,5.66244068741804e-07
0.25160235165507855,0.1784928142718802,5.513429090380723e-06,0.0,7.122754338383746e-06,0.9999996615814547,6.258487075567308e-07
0.25170582531840435,0.17738819119276944,5.900859242677747e-06,0.0,6.735324186086722e-06,0.9999996615814547,5.960463881492673e-07
0.2518033981218976,0.17649137970763248,6.228684756159844e-06,0.0,6.526707950234478e-06,0.9999996615814547,6.556510269641942e-07
0.25043344496643677,0.1739134192168935,6.765126505494185e-06,0.0,6.1690801173449175e-06,0.9999996615814547,7.450579851865842e-07
0.11165210604205338,0.029820978636403612,8.684395875334826e-05,0.025103953950557364,0.0,0.0,0.9920544228320638
0.1741401553081884,0.10059735177224868,0.0018669364969611353,1.043081179261218e-06,0.0,7.271765935421062e-06,0.9999581767528395
0.25311917065525985,0.11966830489970512,1.4901159703731685e-06,1.9073484420776557e-06,0.0,0.0014452932819843435,0.999792475856934
0.20867672561735098,0.05607843398087592,8.529423814416017e-05,2.086162358522436e-07,1.1920927762985348e-07,7.987021601200183e-06,0.9999852372588615
0.2534618973627042,0.04191228746650173,2.3365018415451283e-05,2.086162358522436e-07,7.748603045940476e-07,5.3942198127508695e-06,0.9999841643753627
0.26506519316529376,0.040014475577178264,1.972913544774075e-05,2.086162358522436e-07,1.937150761485119e-06,5.75184764564043e-06,0.9999845220031957
0.2692900299914433,0.038429439061260104,1.829862411618251e-05,1.4901159703731684e-07,2.5331971496343865e-06,5.096196618676236e-06,0.9999848796310286
0.2696849107630639,0.03764376043628783,1.874565890729446e-05,1.4901159703731684e-07,2.5629994690418497e-06,4.529952549934432e-06,0.9999852372588615
0.26887321471054626,0.0372575819428542,1.946091457307358e-05,2.086162358522436e-07,2.354383233189606e-06,4.112720078229945e-06,0.9999853564681391
0.2666104435810318,0.036798268550293695,2.0980832862854213e-05,1.7881391644478022e-07,2.026557719707509e-06,3.635882967710531e-06,0.9999858333052496
0.2617815136801087,0.03595709800104503,2.4288890317082647e-05,2.086162358522436e-07,1.6093252480030219e-06,2.8014180243015566e-06,0.9999869061887483
0.25893601774097175,0.03567889332160353,2.6375052675605083e-05,1.7881391644478022e-07,1.2814997345209249e-06,2.5033948302269232e-06,0.9999871446073035
0.18245494364936635,0.6127530335330756,2.4437901914119963e-06,0.9999999000000099,5.960463881492674e-08,0.0,0.0
0.18204498290261817,0.5087259410940711,5.960463881492674e-08,0.9999999000000099,0.0,1.8805263546109385e-05,0.0
0.1808987259789901,0.5912790297449436,0.0,0.9999999000000099,0.0,1.2427567192912226e-05,2.980231940746337e-08
0.17765322326878208,0.6421915291640211,5.960463881492674e-08,0.9999999000000099,0.0,1.0490416431427107e-05,1.1920927762985348e-07
0.18264690040785753,0.6499199866135644,0.0,0.9999999000000099,0.0,9.924172362685302e-06,2.980231940746337e-08
0.1866576969546275,0.6512667535620337,0.0,0.9999999000000099,0.0,9.924172362685302e-06,8.940695822239011e-08
0.18935036658456664,0.6513459085302818,0.0,0.9999999000000099,0.0,1.0401009473204716e-05,2.980231940746337e-08
0.1912578642289121,0.6505771874267453,2.980231940746337e-08,0.9999999000000099,0.0,1.1116265138983837e-05,8.940695822239011e-08
0.19269362091220227,0.6493127940973414,0.0,0.9999999000000099,0.0,1.2159346318245055e-05,2.980231940746337e-08
0.19383671878965736,0.6477365492665261,2.980231940746337e-08,0.9999999000000099,0.0,1.344084605276598e-05,8.940695822239011e-08
0.19481062888292452,0.6458879708137787,2.980231940746337e-08,0.9999999000000099,0.0,1.4930962023139149e-05,8.940695822239011e-08
0.19567570089483635,0.6438819764942064,0.0,0.9999999000000099,0.0,1.662969422936456e-05,1.4901159703731684e-07
0.23220279811851305,0.1705147325700603,7.650255391895847e-05,1.1920927762985348e-07,0.00010883807047605623,0.9999993039536218,1.4901159703731684e-07
0.30902644990595085,0.23171576853599046,5.513429090380723e-06,0.0,9.119509738683792e-06,0.9999998403953712,4.976987341046382e-06
0.2897906303285766,0.20643755790036536,4.857778063416529e-06,0.0,4.172324717044872e-06,0.9999999000000099,3.069638898968727e-06
0.3088634610048193,0.2131151556603761,4.321336314082188e-06,0.0,3.844499203562775e-06,0.9999999000000099,4.6193595081568225e-06
0.31657630203843545,0.21311482783482988,4.321336314082188e-06,0.0,3.397464412450824e-06,0.9999998403953712,5.2750105351210165e-06
0.3216521441803304,0.20479613539049935,3.993510800600092e-06,0.0,2.712011066079167e-06,0.9999999000000099,5.0067896604538464e-06
0.3245046734675505,0.19533544775479023,3.8146968841553113e-06,0.0,2.026557719707509e-06,0.9999999000000099,4.380940952897116e-06
0.32551479338251726,0.18861579891789765,3.6656852871179947e-06,0.0,1.6689298868179488e-06,0.9999997807907323,4.053115439415018e-06
0.32482486961927065,0.18449282643020035,3.6656852871179947e-06,0.0,1.4901159703731685e-06,0.9999997807907323,3.8146968841553113e-06
0.3191730081902902,0.1806984245467711,3.844499203562775e-06,0.0,1.4305113315582417e-06,0.9999997807907323,3.5762783288956045e-06
0.3099952339997675,0.17654111978368903,4.172324717044872e-06,0.0,1.370906692743315e-06,0.9999998403953712,3.069638898968727e-06
0.29697453974447785,0.17179724571147278,4.768371105194139e-06,0.0,1.4901159703731685e-06,0.9999997807907323,2.413987872004533e-06
0.27432379125412854,0.3366755246539582,0.0039041038423777014,1.4901159703731684e-07,0.00019392369238436415,0.9999928666526298,1.7881391644478022e-07
0.22303578256637188,0.1493914127094043,3.445148123502766e-05,0.0,2.4527308872342353e-05,0.999999542372177,4.172324717044872e-07
0.28606379030950485,0.21567177768828913,8.970498141646475e-06,0.0,5.75184764564043e-06,0.9999998403953712,6.079673159122528e-06
0.2897189855455595,0.19903713461328723,7.301568254828525e-06,0.0,3.129243537783654e-06,0.9999997807907323,4.589557188749359e-06
0.2836130261303766,0.18562865254084568,7.3611728936434526e-06,0.0,2.8312203437090202e-06,0.9999997807907323,3.069638898968727e-06
0.27172243593998147,0.17561921474310593,8.40425407290467e-06,0.0,2.980231940746337e-06,0.9999997807907323,2.1159646779298993e-06
0.2584232687843127,0.16637465354931538,1.0132788598537546e-05,0.0,3.367662093043361e-06,0.9999996615814547,1.370906692743315e-06
0.24030914901692008,0.1524627208448647,1.2546776470542079e-05,0.0,3.635882967710531e-06,0.999999542372177,7.152556657791209e-07
0.21036970614515868,0.13529139754839709,1.8626449629664607e-05,0.0,4.2319293558597985e-06,0.9999988271165112,2.9802319407463367e-07
0.1607277095251287,0.11855471132155718,4.404782808423086e-05,0.0,7.77840536534794e-06,0.99999537004746,5.960463881492674e-08
0.08417266606936005,0.11142373083114007,0.00016966460438668895,0.0,1.770257772803324e-05,0.9999664021929959,0.0
0.016459524630818692,0.1301556825414945,0.0004976689317852308,5.960463881492674e-08,4.285573530793233e-05,0.9987687661852876,5.66244068741804e-07
0.12060859798885658,0.022105187173872897,1.1026858180761447e-06,1.370906692743315e-06,0.9309982322480771,5.555152337551172e-05,0.025945124415833017
0.2200554609207586,0.054456949224683845,5.930661562085211e-06,6.854533463716575e-07,0.0012513695895999795,1.1563299930095787e-05,0.9995309903064529
0.24773618577885007,0.03798422216718656,9.775160765647985e-06,4.768371105194139e-07,1.847743803262729e-05,2.1159646779298993e-06,0.999946732662187
0.2504366338149321,0.037451535456920114,1.2546776470542079e-05,4.172324717044872e-07,3.904103842377701e-06,1.847743803262729e-06,0.9999745680285136
0.24401456116619596,0.03690710663163492,1.8328426435589973e-05,4.172324717044872e-07,1.7285345256328755e-06,1.5497206091880952e-06,0.999981541771255
0.22344905137090496,0.03323006629374832,3.6656852871179946e-05,5.364417493343406e-07,5.66244068741804e-07,6.854533463716575e-07,0.9999891711650233
0.1857747733516062,0.02853924035537309,6.80982998460538e-05,1.0728834986686813e-06,1.7881391644478022e-07,1.4901159703731684e-07,0.9999948336057106
0.1434119045675022,0.026220262046138833,6.0379499119520785e-05,3.8146968841553113e-06,2.980231940746337e-08,0.0,0.9999973370005409
0.10920453071142047,0.026031702752424172,3.033876115679771e-05,1.7791984686255633e-05,0.0,2.980231940746337e-08,0.999998290674762
0.08942091464626066,0.02712392806542379,1.4960764342546611e-05,6.452202151715819e-05,0.0,0.0,0.9999985290933172
0.08391347527156501,0.030431449408088628,1.0281800195574863e-05,0.0001573562464714066,0.0,0.0,0.9999979926515679
0.09144958853342947,0.04202333091969927,7.659196087718087e-06,0.00044524665194750276,0.0,0.0,0.9999935819082956
0.41125667093481405,0.23260176177810254,3.811716652214565e-05,2.086162358522436e-07,3.09944121837619e-05,0.9999999000000099,3.9637084811926284e-06
0.1625963151387598,0.1526953875757056,3.9905305686593454e-05,0.0,1.797079860270041e-05,0.9999987079072337,1.1920927762985348e-07
0.21370255946228142,0.13844868538393126,1.3053415900468956e-05,0.0,5.930661562085211e-06,0.9999988271165112,1.7881391644478022e-07
0.21366527675697597,0.1383649110557138,1.3470648372173444e-05,0.0,5.6624406874180405e-06,0.9999989463257889,2.086162358522436e-07
0.2086153030309125,0.13609799740368195,1.4930962023139149e-05,0.0,5.692243006825504e-06,0.9999986483025948,2.086162358522436e-07
0.1972666680731152,0.13142389056816334,1.8328426435589973e-05,0.0,6.258487075567308e-06,0.9999982310701231,8.940695822239011e-08
0.18542546033091448,0.12674510476803066,2.3037192901969185e-05,0.0,7.271765935421062e-06,0.9999974562098185,1.7881391644478022e-07
0.17340317367789362,0.12242639062692448,2.9295679977536493e-05,0.0,8.58306798934945e-06,0.9999964429309587,8.940695822239011e-08
0.1663783490588913,0.11971262095308803,3.439187659621273e-05,0.0,9.685753807425595e-06,0.9999956084660152,1.4901159703731684e-07
0.15392610430080095,0.1161775588790321,4.461407215297267e-05,0.0,1.177191616594803e-05,0.9999938203268508,2.980231940746337e-08
0.1373538076820719,0.11230605838759909,6.341933569908205e-05,0.0,1.528858985602871e-05,0.9999897672114114,8.940695822239011e-08
0.11020979284783819,0.1092047393134994,0.00010862945424020398,0.0,2.2172925639152747e-05,0.9999777270743708,8.940695822239011e-08
0.1095009744121986,0.022285670038221874,1.1026858180761447e-06,7.152556657791209e-07,0.9989637329588512,2.9116866061091712e-05,4.3630595612526375e-05
0.038916647432623165,0.03325095772173852,1.370906692743315e-06,9.030102780461401e-06,0.9148162284608514,1.0639428028464424e-05,0.01765924515561479
0.1089742183640179,0.05813172458606936,1.4901159703731684e-07,8.910893502831548e-06,0.13639642424373463,0.0001963972848951836,0.7373111106751694
0.09828528761456731,0.04976695775133533,8.940695822239011e-08,9.387730613350962e-06,0.019436625682756496,0.000191599111470582,0.7609781457954959
0.16473010181698566,0.04793483018054309,7.152556657791209e-07,2.354383233189606e-06,0.0003073513200491697,2.0474193432927334e-05,0.9952787357687573
0.24027785657841427,0.0399207770756074,7.390975213050916e-06,5.960463881492673e-07,6.556510269641941e-06,1.7583368450403388e-06,0.9999134732737283
0.2335003018282524,0.033479273313511554,2.2143123319745282e-05,5.66244068741804e-07,1.1622904568910714e-06,5.364417493343406e-07,0.9999741507960419
0.2217191755679828,0.031982988113648754,3.591179488599336e-05,6.258487075567308e-07,3.874301522970238e-07,3.278255134820971e-07,0.9999845220031957
0.2135199308306972,0.03156685828622062,5.057453603446534e-05,6.854533463716575e-07,1.4901159703731684e-07,2.9802319407463367e-07,0.9999886943279127
0.2105017304333307,0.031798928970613864,6.115435942411484e-05,5.66244068741804e-07,1.7881391644478022e-07,3.5762783288956044e-07,0.9999902440485219
0.20869421958059184,0.03192037343432293,6.929039262235234e-05,5.66244068741804e-07,1.7881391644478022e-07,3.278255134820971e-07,0.9999910785134654
0.20581451057535524,0.03167670964652285,7.653235623836593e-05,6.258487075567308e-07,1.1920927762985348e-07,3.278255134820971e-07,0.999991793769131
0.17621183394656087,0.027256548400026323,2.0563600391149723e-06,2.086162358522436e-07,0.9998071385980825,2.0027158641815386e-05,1.6093252480030219e-06
0.3557538091989073,0.2861898838983667,6.556510269641942e-07,6.258487075567308e-07,0.8018802794616302,0.9995509578604559,0.0
0.2103357612999605,0.15766012665909923,4.947185021638919e-06,0.0,5.343555869758182e-05,0.9999984098840395,2.980231940746337e-08
0.260205209244444,0.20537713166534796,2.9504296213388737e-06,0.0,1.564621768891827e-05,0.9999996615814547,4.768371105194139e-07
0.27909210323131756,0.23926892872527936,3.069638898968727e-06,0.0,1.4215706357360027e-05,0.9999999000000099,1.698732206225412e-06
0.289854973542609,0.254017770246878,3.2782551348209707e-06,0.0,1.3232229816913736e-05,0.9999998403953712,3.039836579561264e-06
0.29458263515206284,0.2516187428997241,3.3378597736358976e-06,0.0,1.0997055861353983e-05,0.9999999000000099,3.635882967710531e-06
0.29753428696354034,0.24289974566115055,3.397464412450824e-06,0.0,8.67247494757184e-06,0.9999998403953712,3.635882967710531e-06
0.30046045778937747,0.23418706651492213,3.397464412450824e-06,0.0,6.973742741346429e-06,0.9999999000000099,3.5762783288956045e-06
0.30175811051072876,0.2253675758452745,3.397464412450824e-06,0.0,5.692243006825504e-06,0.9999998403953712,3.4272667318582874e-06
0.3023986220234586,0.2182859181984006,3.5166736900806776e-06,0.0,4.768371105194139e-06,0.9999997807907323,3.2782551348209707e-06
0.30242449043929004,0.21315386887715107,3.695487606525458e-06,0.0,4.202127036452335e-06,0.9999999000000099,3.308057454228434e-06
0.3335712551932493,0.20853120085006482,4.601478116512344e-05,5.960463881492674e-08,4.8071141204238414e-05,0.9999999000000099,1.2218950957059981e-06
0.3100697398057337,0.20011776682288002,5.03659197986131e-06,0.0,5.0067896604538464e-06,0.9999999000000099,3.039836579561264e-06
0.30223911999404623,0.2014917134893623,4.529952549934432e-06,0.0,3.2484528154135075e-06,0.9999999000000099,3.784894564747848e-06
0.3153575360644411,0.2051641046649572,4.261731675267262e-06,0.0,2.8908249825239467e-06,0.9999997807907323,4.857778063416529e-06
0.318009078489487,0.19979688521778666,4.142522397637409e-06,0.0,2.413987872004533e-06,0.9999999000000099,4.6193595081568225e-06
0.3161536157000283,0.19141098853648336,4.0829177588224814e-06,0.0,1.9073484420776557e-06,0.9999999000000099,3.993510800600092e-06
0.3064134716860731,0.1815198063539577,4.202127036452335e-06,0.0,1.6689298868179488e-06,0.9999999000000099,3.069638898968727e-06
0.2901685535787593,0.17190235850251617,5.03659197986131e-06,0.0,1.8179414838552655e-06,0.9999997211860935,2.0563600391149723e-06
0.2603145837676023,0.15798467394984567,7.629393768310623e-06,0.0,2.4437901914119963e-06,0.9999997211860935,9.536742210388278e-07
0.23416149615271845,0.14619597790122038,1.1563299930095787e-05,0.0,3.5762783288956045e-06,0.9999994231628994,5.364417493343406e-07
0.20668989419081277,0.13411116597740166,1.770257772803324e-05,0.0,4.7385687857866755e-06,0.9999987079072337,2.086162358522436e-07
0.16034236549667175,0.11921420691356156,4.0560956713557644e-05,0.0,8.58306798934945e-06,0.9999952508381824,5.960463881492674e-08
0.1828985810204112,0.622285246742503,2.7716157048940933e-06,0.9999999000000099,8.940695822239011e-08,0.0,0.0
0.165433347218339,0.4342467784138009,2.980231940746337e-08,0.9999999000000099,0.0,1.4513729551434662e-05,5.960463881492674e-08
0.18304073809819463,0.515363275916543,0.0,0.9999999000000099,0.0,1.335143909454359e-05,0.0
0.175570547573449,0.5875783561654077,2.980231940746337e-08,0.9999999000000099,0.0,1.2397764873504761e-05,0.0
0.1776924133227203,0.6017835735244255,0.0,0.9999999000000099,0.0,1.1473892971873398e-05,8.940695822239011e-08
0.18087083100523638,0.604675888911656,0.0,0.9999999000000099,0.0,1.1205672097206226e-05,0.0
0.1829793751164009,0.6078644989880143,5.960463881492674e-08,0.9999999000000099,0.0,1.1175869777798764e-05,2.980231940746337e-08
0.18476358055303355,0.6079410909565376,2.980231940746337e-08,0.9999999000000099,0.0,1.1622904568910713e-05,1.1920927762985348e-07
0.18609926103774999,0.6083314417751048,2.980231940746337e-08,0.9999999000000099,0.0,1.2218950957059982e-05,1.1920927762985348e-07
0.18722507356822093,0.6084876655490343,0.0,0.9999999000000099,0.0,1.3023613581061492e-05,2.980231940746337e-08
0.18823933600599937,0.6084165572078294,2.980231940746337e-08,0.9999999000000099,0.0,1.3947485482692857e-05,0.0
0.18917945026568028,0.6081312893779832,0.0,0.9999999000000099,0.0,1.5109775939583928e-05,2.980231940746337e-08
0.6826315521911246,0.4081660806433797,0.9999996615814547,3.2782551348209707e-06,2.086162358522436e-07,5.066394299268773e-07,2.396106480360055e-05
0.5448530316127232,0.44992238275453095,0.9999999000000099,0.0,3.5762783288956044e-07,0.0,5.960463881492674e-08
0.5871961712594075,0.3112149834099964,0.9999999000000099,0.0,2.086162358522436e-07,0.0,5.960463881492674e-08
0.5510949492226332,0.3414241670977557,0.9999999000000099,0.0,5.960463881492674e-08,0.0,5.960463881492674e-08
0.5801916718242727,0.3327546119120149,0.9999999000000099,0.0,1.1920927762985348e-07,0.0,2.980231940746337e-08
0.5828724503275796,0.3379210233109715,0.9999999000000099,0.0,1.1920927762985348e-07,0.0,8.940695822239011e-08
0.5881211161369937,0.3374563753027045,0.9999999000000099,0.0,2.086162358522436e-07,0.0,2.980231940746337e-08
0.591861724829008,0.3404734134091062,0.9999999000000099,0.0,5.960463881492674e-08,0.0,0.0
0.5956815480939255,0.34432095283334363,0.9999999000000099,0.0,8.940695822239011e-08,0.0,2.980231940746337e-08
0.5980311631908741,0.34706625336426083,0.9999999000000099,0.0,1.1920927762985348e-07,0.0,2.980231940746337e-08
0.5962290167561648,0.3514605163926069,0.9999999000000099,0.0,1.1920927762985348e-07,0.0,1.1920927762985348e-07
0.5966964959851188,0.35316315287264677,0.9999999000000099,0.0,1.4901159703731684e-07,0.0,2.980231940746337e-08
0.1671208143165052,0.13928472993373012,0.00012940167086720596,8.940695822239011e-08,0.00026348230588138364,0.9999937011175731,2.980231940746337e-08
0.2063812613401786,0.14311686155729572,1.2636183428764469e-05,0.0,1.8537042671442215e-05,0.9999988271165112,1.1920927762985348e-07
0.1970496177591746,0.13952645657057533,1.2487171831727152e-05,0.0,9.715556126833059e-06,0.9999983502794008,2.086162358522436e-07
0.21960783003851395,0.14492285249135844,9.119509738683792e-06,0.0,6.884335783124038e-06,0.9999990655350666,1.4901159703731684e-07
0.22955861686709667,0.15035173294353857,8.344649434089744e-06,0.0,6.139277797937454e-06,0.9999993039536218,2.682208746671703e-07
0.23027518390655674,0.15111759302412642,8.821486544609158e-06,0.0,5.7816499650478935e-06,0.9999993039536218,2.9802319407463367e-07
0.21940627693221432,0.14486595985793008,1.0669230347871886e-05,0.0,5.811452284455357e-06,0.9999990655350666,2.3841855525970696e-07
0.19490280746606586,0.1337903141746307,1.603364784121529e-05,0.0,7.063149699568818e-06,0.9999981118608455,1.1920927762985348e-07
0.16195878385826862,0.12244585154344031,2.9832121726870833e-05,0.0,1.1086462819576373e-05,0.9999952508381824,0.0
0.1318937241976483,0.11458584664290024,5.659460455477294e-05,0.0,1.8447635713219826e-05,0.9999883367000798,5.960463881492674e-08
0.08232274651186525,0.11328184602704992,0.00013026593813002238,0.0,2.989172636568576e-05,0.999955434939454,0.0
0.03436398506022257,0.11670428512482203,0.00021573899019062734,8.940695822239011e-08,5.236267519891314e-05,0.999684591460679,1.1920927762985348e-07
0.18233051895340285,0.6102103589920377,2.4437901914119963e-06,0.9999999000000099,5.960463881492674e-08,2.980231940746337e-08,0.0
0.18318814038471806,0.5181525944776193,2.980231940746337e-08,0.9999999000000099,0.0,1.8596647310257143e-05,0.0
0.18075552581992316,0.6002354024812946,8.940695822239011e-08,0.9999999000000099,0.0,1.2069939360022665e-05,2.980231940746337e-08
0.1781469285414362,0.6503801344711516,2.980231940746337e-08,0.9999999000000099,0.0,1.0102986279130082e-05,0.0
0.18350204824641464,0.6576922534770101,0.0,0.9999999000000099,0.0,9.655951488018132e-06,8.940695822239011e-08
0.1877125501554963,0.6585865019624222,2.980231940746337e-08,0.9999999000000099,0.0,9.745358446240521e-06,0.0
0.1904772818009659,0.6583588122194192,8.940695822239011e-08,0.9999999000000099,0.0,1.0192393237352472e-05,1.1920927762985348e-07
0.19239142536320356,0.6575545071429577,8.940695822239011e-08,0.9999999000000099,0.0,1.0997055861353983e-05,1.1920927762985348e-07
0.19385024904402082,0.6560401915380535,2.980231940746337e-08,0.9999999000000099,0.0,1.2189148637652518e-05,2.980231940746337e-08
0.1950207054534267,0.6538295744730024,2.980231940746337e-08,0.9999999000000099,0.0,1.353025301098837e-05,8.940695822239011e-08
0.1959424018778728,0.6517674325780612,0.0,0.9999999000000099,0.0,1.5050171300769002e-05,5.960463881492674e-08
0.19677799939294438,0.6495200990518347,5.960463881492674e-08,0.9999999000000099,0.0,1.689791510403173e-05,5.960463881492674e-08
0.6917740702342641,0.4109145998251143,0.9999997211860935,3.4868713706732143e-06,1.7881391644478022e-07,5.66244068741804e-07,2.592801788449313e-05
0.42843088505878246,0.4315069317078796,0.9999999000000099,0.0,5.960463881492674e-08,0.0,2.980231940746337e-08
0.5528081655273414,0.386029750042617,0.9999999000000099,0.0,0.0,0.0,0.0
0.5316830873269222,0.5152187942576322,0.9999999000000099,0.0,8.940695822239011e-08,0.0,0.0
0.5467328428995717,0.6183770297898946,0.9999999000000099,0.0,8.940695822239011e-08,0.0,0.0
0.5694713592293491,0.7232804893208816,0.9999999000000099,1.1920927762985348e-07,8.940695822239011e-08,0.0,0.0
0.5191945433401651,0.6973531841037637,0.9999999000000099,0.0,8.940695822239011e-08,0.0,0.0
0.34850013254629936,0.11875826118343029,0.9999975158144573,0.0,2.980231940746337e-08,0.00011721252222955344,2.682208746671703e-07
0.22157594560659347,0.10279360411791143,5.02765128403907e-05,0.0,5.096196618676236e-06,0.9999926878387133,1.1920927762985348e-07
0.18778309225258505,0.12424346802491351,3.141164465546639e-05,0.0,7.063149699568818e-06,0.9999978734422902,1.7881391644478022e-07
0.21428057550496685,0.1329828798543191,1.9311902976036264e-05,0.0,4.529952549934432e-06,0.9999988271165112,2.682208746671703e-07
0.22866806386954444,0.14062723515009876,1.573562464714066e-05,0.0,3.874301522970238e-06,0.9999993039536218,4.768371105194139e-07
0.29821339248376066,0.03476113080383161,3.1888481765985805e-05,1.2218950957059981e-06,0.00010469554807841882,7.95721928179272e-06,0.9996966912023584
0.3404844999172367,0.05008804797268537,2.1457669973373625e-06,1.1920927762985348e-07,0.00020393727170527184,9.98377700150023e-05,0.9999108506696205
0.2687401175387683,0.046599298707611994,1.6689298868179488e-06,2.086162358522436e-07,0.00025868413245678205,7.271765935421062e-05,0.9998567296575764
0.2675443887599787,0.04618772863550839,1.996755400300046e-06,2.086162358522436e-07,0.00016891954640150237,5.501508162617738e-05,0.9998681737482289
0.26633036135524385,0.044595062725060294,2.592801788449313e-06,1.7881391644478022e-07,0.00010263918803930385,3.811716652214565e-05,0.999895234254251
0.2717579007036214,0.04234987496604533,4.7385687857866755e-06,2.3841855525970696e-07,3.871321291029492e-05,1.814961251914519e-05,0.9999484015920739
0.27563327549746724,0.03991568087847997,7.718800726533013e-06,2.086162358522436e-07,1.6570089590549635e-05,9.655951488018132e-06,0.9999697400527696
0.2777197360877434,0.039114087813355396,9.119509738683792e-06,1.1920927762985348e-07,1.0997055861353983e-05,7.838010004162866e-06,0.9999745084238748
0.27880001066960786,0.039014250033373714,9.715556126833059e-06,1.1920927762985348e-07,8.881091183424084e-06,7.539986810088233e-06,0.9999758197259287
0.28072577713757624,0.039164096110313386,9.685753807425595e-06,8.940695822239011e-08,8.255242475867353e-06,7.808207684755402e-06,0.9999757005166511
0.28054434059888744,0.03889027237226213,1.034140483438979e-05,1.4901159703731684e-07,7.241963616013599e-06,7.241963616013599e-06,0.9999767734001498
0.27725037931247903,0.03798910974805731,1.2546776470542079e-05,1.1920927762985348e-07,5.48362677097326e-06,5.692243006825504e-06,0.9999796344228129
0.4857851564683033,0.3450981974010816,0.9999996615814547,5.66244068741804e-07,1.1920927762985348e-07,2.980231940746337e-08,2.3841855525970694e-06
0.6151518821461588,0.4237025379409055,0.9999999000000099,0.0,1.1920927762985348e-07,0.0,8.940695822239011e-08
0.5817010402438574,0.3505458235140404,0.9999999000000099,0.0,1.1920927762985348e-07,0.0,1.1920927762985348e-07
0.5451785325778282,0.3399729728116577,0.9999999000000099,0.0,5.960463881492674e-08,0.0,2.980231940746337e-08
0.5668939351800785,0.3484553396105135,0.9999999000000099,0.0,8.940695822239011e-08,0.0,1.1920927762985348e-07
0.5428443550838757,0.357122301994207,0.9999999000000099,0.0,0.0,0.0,0.0
0.5567775368459942,0.34531867498206803,0.9999999000000099,0.0,8.940695822239011e-08,0.0,2.980231940746337e-08
0.5503159165154512,0.3543820976604172,0.9999999000000099,0.0,2.980231940746337e-08,0.0,0.0
0.5556730031737072,0.3474109172226155,0.9999999000000099,0.0,0.0,0.0,2.980231940746337e-08
0.5460683703196432,0.3545888661731076,0.9999999000000099,0.0,8.940695822239011e-08,0.0,0.0
0.5522125959167703,0.3494635223743942,0.9999999000000099,0.0,2.980231940746337e-08,0.0,0.0
0.5537787675628236,0.35135602945033356,0.9999999000000099,0.0,8.940695822239011e-08,0.0,0.0
0.24328836797660505,0.027405440802649755,4.321336314082188e-06,4.768371105194139e-07,0.10393743667733177,4.0471549755335255e-05,0.9275055196228
0.24245908855387938,0.04976978897196167,1.7583368450403388e-06,3.278255134820971e-07,0.004409580981847688,4.509090926349208e-05,0.9988099529907087
0.23121336101528253,0.04693752526433203,8.940695822239011e-07,4.4703479111195056e-07,0.0006572901545316046,5.5998558166623674e-05,0.9992828561950664
0.24772483109402083,0.04664823412096421,1.370906692743315e-06,4.172324717044872e-07,0.00016063450160622755,3.141164465546639e-05,0.9997042609914879
0.2646330296883677,0.04284015297156136,4.112720078229945e-06,2.9802319407463367e-07,3.057717971205742e-05,9.834765404462912e-06,0.9999263478757123
0.2665250003227498,0.03900530933665893,8.642672628164377e-06,2.682208746671703e-07,9.387730613350962e-06,4.2319293558597985e-06,0.9999659849605242
0.25973206757423656,0.03687113522851913,1.41561017185451e-05,2.682208746671703e-07,3.993510800600092e-06,2.5331971496343865e-06,0.9999773694465379
0.2570071220291528,0.03651323913902658,1.7583368450403387e-05,2.682208746671703e-07,2.5331971496343865e-06,2.264976274967216e-06,0.9999809457248667
0.2561443447960648,0.03658434748023145,1.9699333128333287e-05,2.3841855525970696e-07,1.9073484420776557e-06,2.324580913782143e-06,0.9999826146547536
0.2630126476178934,0.03796476125067073,1.6927717423439194e-05,2.086162358522436e-07,2.1159646779298993e-06,3.308057454228434e-06,0.9999810649341444
0.26644235848277215,0.038245022290356624,1.618265943825261e-05,2.3841855525970696e-07,2.3841855525970694e-06,3.844499203562775e-06,0.9999810649341444
0.2726417183763143,0.03889304398824371,1.3947485482692857e-05,1.7881391644478022e-07,2.9504296213388737e-06,4.887580382823993e-06,0.9999795152135352
0.09707906841829768,0.02118992805118111,9.238719016313645e-07,1.2516974151134616e-06,0.9973308042738775,3.689527142643965e-05,0.00020807979410290925
0.11296096443662197,0.02666360139390227,1.5795229285955586e-05,1.1920927762985348e-07,0.9999982310701231,8.642672628164378e-07,1.1920927762985347e-06
0.19038382171796198,0.03909602760599154,2.7030703702569276e-05,5.960463881492674e-08,0.9999997807907323,1.6093252480030219e-06,1.7881391644478022e-07
0.18678382038296698,0.03502994775172259,7.882713483274062e-05,0.0,0.9999999000000099,7.152556657791209e-07,1.4901159703731684e-07
0.15107333659500172,0.026477575297590133,5.7071441665292355e-05,1.1920927762985348e-07,0.9999997807907323,3.278255134820971e-07,1.4901159703731684e-07
0.1116421222640539,0.02595844864400776,2.6404854995012547e-05,1.1920927762985348e-07,0.9999996019768158,5.066394299268773e-07,6.854533463716575e-07
0.04021933674645778,0.0366799533304348,2.8014180243015566e-06,7.152556657791209e-06,0.9999605013337532,1.20401370406152e-05,8.451937783956612e-05
0.034202009438052156,0.055935710658985685,3.5762783288956044e-07,6.654857923686571e-05,0.9918862185413281,0.00016877053480446506,0.005112170661878636
0.05595883726841956,0.05640709399211114,1.1920927762985348e-07,4.2676921391487544e-05,0.5036978813967219,0.0003458559167236124,0.10215782097623449
0.09278953075024715,0.04870614408612696,2.086162358522436e-07,1.1563299930095787e-05,0.009256481198680493,8.726119122505275e-05,0.7995746528229912
0.19645312427660958,0.04429438709454232,2.175569316744826e-06,1.4007090121507783e-06,3.963708481192628e-05,6.1690801173449175e-06,0.9991691305442075
0.23994594811399625,0.03589537739139068,1.4752148106694368e-05,5.66244068741804e-07,2.0563600391149723e-06,8.344649434089744e-07,0.9999532295678178
0.12373590468847989,0.02225148677444904,1.1622904568910714e-06,1.370906692743315e-06,0.9198316607939334,5.531310482025202e-05,0.032403525449985586
0.06334251165127727,0.035698652261343194,1.519918289780632e-06,2.980231940746337e-06,0.9952584701915601,2.3752448567748306e-05,0.004817127699744749
0.14402964710592875,0.0350337028443428,3.2186504960060438e-06,4.4703479111195056e-07,0.9999938203268508,7.033347380161355e-06,2.9206273019314104e-06
0.22208157180820218,0.04470363258550007,3.543495777547395e-05,8.940695822239011e-08,0.9999997807907323,2.5033948302269232e-06,8.940695822239011e-08
0.23784551023452086,0.03931891917509095,0.00012475250903964166,0.0,0.9999997807907323,9.536742210388278e-07,8.940695822239011e-08
0.228699803342886,0.03297409414680424,0.00015395878205895578,0.0,0.9999997807907323,4.4703479111195056e-07,2.980231940746337e-08
0.21096310018619552,0.02958792447537174,0.0001521408405751005,0.0,0.9999997807907323,3.278255134820971e-07,2.980231940746337e-08
0.18925899266412977,0.027646988625560663,0.0001282989850491298,0.0,0.9999997807907323,3.278255134820971e-07,5.960463881492674e-08
0.16329711674967745,0.026205122466368476,9.25063994407663e-05,2.980231940746337e-08,0.9999997807907323,3.278255134820971e-07,1.1920927762985348e-07
0.138914257282227,0.026154041285804713,5.9187406343222255e-05,2.980231940746337e-08,0.9999996615814547,3.874301522970238e-07,3.278255134820971e-07
0.09499755501353768,0.027385085816462443,2.381205320656323e-05,2.086162358522436e-07,0.9999991847443441,1.0132788598537545e-06,2.0563600391149723e-06
0.031775236128445,0.04083830117480026,1.937150761485119e-06,1.8060205560922803e-05,0.9997238113130192,3.2395121195912685e-05,0.0005027055237650922
0.08550050854328883,0.3460956513289046,0.9998672796786467,4.172324717044872e-07,0.00048738713158965593,8.350609897971236e-05,0.0
0.4770068526070487,0.45580485455337416,0.9999999000000099,0.0,1.4901159703731684e-07,0.0,0.0
0.5717668533088439,0.7130701540679608,0.9999999000000099,5.960463881492674e-08,0.0,0.0,0.0
0.5360456704871419,0.3153636454995875,0.9999996615814547,0.0,0.0,5.48362677097326e-06,1.1920927762985348e-07
0.49676203725665186,0.13146618006362423,0.024622825306043275,1.1920927762985348e-07,0.0,0.9977973893865207,8.940695822239011e-08
0.398882567866021,0.12390995023512992,2.309679754078411e-05,0.0,7.748603045940476e-07,0.9999973966051797,4.768371105194139e-07
0.35514360664804456,0.15822938081892912,5.3942198127508695e-06,0.0,1.4007090121507783e-06,0.9999997807907323,2.264976274967216e-06
0.3551780581327233,0.16594088074703675,4.7385687857866755e-06,0.0,1.1920927762985347e-06,0.9999997807907323,3.5762783288956045e-06
0.3549365997167482,0.16457003352208227,4.410743272304579e-06,0.0,1.1026858180761447e-06,0.9999997807907323,3.5762783288956045e-06
0.3556818961949888,0.16295313832353714,4.2319293558597985e-06,0.0,1.0728834986686813e-06,0.9999997807907323,3.4272667318582874e-06
0.3573995232434101,0.16111186143977343,4.202127036452335e-06,0.0,1.0132788598537545e-06,0.9999997807907323,3.397464412450824e-06
0.35796886681028106,0.16039720174903888,4.172324717044872e-06,0.0,9.536742210388278e-07,0.9999998403953712,3.367662093043361e-06
0.43933027980892625,0.2551006078283271,6.902217174768517e-05,2.086162358522436e-07,3.030895883739025e-05,0.9999999000000099,5.513429090380723e-06
0.3354085087637299,0.19307330247433957,7.510184490680769e-06,0.0,4.321336314082188e-06,0.9999998403953712,3.397464412450824e-06
0.32713279126720063,0.19058457013681407,4.589557188749359e-06,0.0,2.175569316744826e-06,0.9999999000000099,4.6193595081568225e-06
0.3388030528881926,0.18104693290471313,3.844499203562775e-06,0.0,1.4007090121507783e-06,0.9999997807907323,4.2319293558597985e-06
0.34747725723735123,0.17229485508829492,3.635882967710531e-06,0.0,1.2516974151134616e-06,0.9999998403953712,3.6656852871179947e-06
0.3500149249885584,0.16783693429933963,3.5762783288956045e-06,0.0,1.1026858180761447e-06,0.9999997807907323,3.457069051265751e-06
0.3488560914848833,0.166758805484827,3.6060806483030677e-06,0.0,1.0728834986686813e-06,0.9999998403953712,3.4272667318582874e-06
0.34753429888239895,0.16678178307538397,3.6656852871179947e-06,0.0,1.0132788598537545e-06,0.9999997807907323,3.5762783288956045e-06
0.3456223606920179,0.16771316525448474,3.725289925932921e-06,0.0,9.536742210388278e-07,0.9999998403953712,3.7550922453403844e-06
0.3464425504064157,0.16729646918293134,3.725289925932921e-06,0.0,9.536742210388278e-07,0.9999997807907323,3.725289925932921e-06
0.3444711565828737,0.1684954762170278,3.933906161785165e-06,0.0,9.536742210388278e-07,0.9999997807907323,3.904103842377701e-06
0.3452381491518116,0.16811603304845263,3.904103842377701e-06,0.0,9.536742210388278e-07,0.9999998403953712,3.904103842377701e-06
0.14633697270741097,0.03172773122244185,8.666514483690348e-05,3.9398666256666575e-05,8.344649434089744e-07,1.7881391644478022e-07,0.9998728229100565
0.24342721699660358,0.04477187990375621,3.5077329942584386e-05,3.278255134820971e-07,1.6391275674104854e-06,8.642672628164377e-06,0.9999920917923252
0.2596843242537734,0.04455521702003477,1.6480682632327243e-05,2.086162358522436e-07,4.470347911119505e-06,1.370906692743315e-05,0.9999901248392443
0.27384436129389755,0.04474243520924221,1.1533497610688325e-05,1.1920927762985348e-07,8.85128886401662e-06,1.8864868184924313e-05,0.9999877406536917
0.2705220579988996,0.04175379871607111,1.406669476032271e-05,1.4901159703731684e-07,8.165835517644963e-06,1.1950730082392812e-05,0.9999890519557456
0.2675695419200729,0.03997054695398632,1.6570089590549635e-05,1.4901159703731684e-07,6.198882436752381e-06,8.463858711719597e-06,0.999989588397495
0.26334640382629937,0.03877043723396172,1.963972848951836e-05,2.086162358522436e-07,4.380940952897116e-06,6.258487075567308e-06,0.9999901248392443
0.25958856939194574,0.03790527581519507,2.247094883322738e-05,2.3841855525970696e-07,3.308057454228434e-06,4.857778063416529e-06,0.9999903632577996
0.2554629444970207,0.037089288228359704,2.5898215565085667e-05,2.3841855525970696e-07,2.3841855525970694e-06,3.844499203562775e-06,0.9999907208856325
0.2543057799233992,0.03693041204773811,2.7000901383161812e-05,1.7881391644478022e-07,2.026557719707509e-06,3.5166736900806776e-06,0.9999906016763548
0.2539120316400293,0.03685694932306502,2.7537343132496152e-05,2.3841855525970696e-07,1.698732206225412e-06,3.2782551348209707e-06,0.9999901844438831
0.2525129914179192,0.03648504614205265,2.9087063741684248e-05,2.086162358522436e-07,1.519918289780632e-06,2.9504296213388737e-06,0.9999901248392443
0.35263526438206566,0.10837233064703122,1.4901159703731685e-06,1.1920927762985348e-07,0.973265371747712,0.009758888699251511,0.0
0.28369629381912437,0.052649468174502015,3.069638898968727e-06,5.960463881492674e-08,0.9996325566109936,9.566544529795742e-05,0.0
0.3557243048997447,0.04461288451384508,1.370906692743315e-06,0.0,0.9999778462836484,4.6849246108532416e-05,0.0
0.34695881603711637,0.0594000816243501,1.847743803262729e-06,1.4901159703731684e-07,0.9999886943279127,6.98864390105016e-05,0.0
0.3582505583614779,0.06022346018713636,1.2516974151134616e-06,1.1920927762985348e-07,0.9999735547496538,0.0002902745910286932,0.0
0.3460332751130824,0.08145892618691807,1.0132788598537545e-06,2.086162358522436e-07,0.9997437192623834,0.003959446749517361,0.0
0.18411713837814883,0.07507869599964084,1.5258787536621245e-05,0.0,0.9304205440886828,0.6877461580129512,0.0
0.10725784301313682,0.09122487901079206,9.405612004995439e-05,0.0,0.005739777706280408,0.9997132016873101,0.0
0.12940439581335197,0.10774567721429246,3.352760933339629e-05,0.0,0.00017669795176685033,0.9999748064470688,0.0
0.1222407817789959,0.11648288367184176,3.2961365264654486e-05,0.0,7.283686863184048e-05,0.9999786807485919,0.0
0.11876502632603009,0.11869531867855825,3.4570690512657506e-05,0.0,5.957483649551928e-05,0.9999767734001498,0.0
0.11058792471427761,0.11717784402748142,4.273652603030247e-05,0.0,6.642936995923585e-05,0.999968309541438,0.0
0.0951894521673841,0.02087432145714946,8.046626240015109e-07,1.6391275674104854e-06,0.9931360682126382,4.512071158289954e-05,0.000895410686597237
0.4346227347670832,0.08520275352926406,2.3841855525970696e-07,3.5762783288956044e-07,0.9999503685451547,0.02755218468756107,0.0
0.17195135354283717,0.1046730875789696,3.367662093043361e-05,8.940695822239011e-08,0.8051722436633786,0.9450338133869384,0.0
0.11050310730476574,0.09111201761592919,6.961821813583444e-05,0.0,0.0023745892057478665,0.9998861147445123,0.0
0.1740849614071287,0.13535258171624853,1.1593102249503251e-05,0.0,5.6058162805438596e-05,0.999996323721681,0.0
0.2054567038927834,0.14959672090829798,6.198882436752381e-06,0.0,1.5854833924770514e-05,0.999998588697956,0.0
0.23054432868002886,0.16047069427603436,4.7385687857866755e-06,0.0,9.894370043277838e-06,0.9999991847443441,1.4901159703731684e-07
0.24764317273068193,0.17367073890573204,4.321336314082188e-06,0.0,8.40425407290467e-06,0.9999996615814547,3.278255134820971e-07
0.25454241036314773,0.18311142918312243,4.589557188749359e-06,0.0,8.016823920607646e-06,0.9999996615814547,5.066394299268773e-07
0.25981348751899636,0.19163459536131994,4.947185021638919e-06,0.0,7.927416962385257e-06,0.9999997807907323,8.642672628164378e-07
0.2644208073506537,0.20047762986564982,5.155801257491163e-06,0.0,8.106230878830036e-06,0.9999999000000099,1.2218950957059981e-06
0.2690306305773915,0.2099869846938097,5.513429090380723e-06,0.0,8.22544015645989e-06,0.9999997807907323,1.7881391644478022e-06
0.1829036474152169,0.6219070552714678,2.74181338548663e-06,0.9999999000000099,5.960463881492674e-08,2.980231940746337e-08,0.0
0.18197387456140407,0.5074505805100304,5.960463881492674e-08,0.9999999000000099,0.0,1.963972848951836e-05,2.980231940746337e-08
0.18087908624853744,0.5922382472931498,0.0,0.9999999000000099,0.0,1.2814997345209249e-05,2.980231940746337e-08
0.1774738132880156,0.6444878577082446,1.1920927762985348e-07,0.9999999000000099,0.0,1.0550021070242033e-05,2.980231940746337e-08
0.18273013829428292,0.6518152951078077,0.0,0.9999999000000099,0.0,1.0043381640315155e-05,8.940695822239011e-08
0.18678763508023247,0.6535338758303223,0.0,0.9999999000000099,0.0,1.0043381640315155e-05,2.980231940746337e-08
0.1895467936914158,0.6539226173234808,1.1920927762985348e-07,0.9999999000000099,0.0,1.0401009473204716e-05,1.1920927762985348e-07
0.19155398010414398,0.6529098748042755,8.940695822239011e-08,0.9999999000000099,0.0,1.1205672097206226e-05,8.940695822239011e-08
0.1929675638595786,0.6522665022686801,2.980231940746337e-08,0.9999999000000099,0.0,1.2099741679430129e-05,2.980231940746337e-08
0.19420263170391835,0.6505041121322632,2.980231940746337e-08,0.9999999000000099,0.0,1.353025301098837e-05,2.980231940746337e-08
0.19518804549362667,0.6488159893832236,5.960463881492674e-08,0.9999999000000099,0.0,1.5020368981361538e-05,1.4901159703731684e-07
0.19609981774471807,0.6465835570181884,0.0,0.9999999000000099,0.0,1.6778705826401877e-05,1.4901159703731684e-07
0.0893807709180061,0.3997988700182103,0.998843689216278,3.5762783288956044e-07,0.0015779732079863704,0.001731008118143695,0.0
0.7322000264818272,0.43930530540573254,0.9999999000000099,0.0,1.1026858180761447e-06,0.0,5.960463881492674e-08
0.7102108001414902,0.385995864802068,0.9999999000000099,0.0,2.0563600391149723e-06,0.0,1.1920927762985348e-07
0.6228648423890645,0.3795815109556627,0.9999999000000099,0.0,1.043081179261218e-06,0.0,1.1920927762985348e-07
0.5892623662704608,0.37262716883000724,0.9999999000000099,0.0,8.344649434089744e-07,0.0,1.1920927762985348e-07
0.5692964792015854,0.3751599191976918,0.9999999000000099,0.0,3.278255134820971e-07,0.0,1.1920927762985348e-07
0.5550140142210978,0.38315209739799866,0.9999999000000099,0.0,1.7881391644478022e-07,0.0,0.0
0.5555815100439807,0.38031584017916975,0.9999999000000099,0.0,1.1920927762985348e-07,0.0,0.0
0.5529062747726377,0.3733145593957617,0.9999999000000099,0.0,8.940695822239011e-08,0.0,0.0
0.5541059374579822,0.3648502528042698,0.9999999000000099,0.0,8.940695822239011e-08,0.0,0.0
0.5583575367696348,0.35822769993369974,0.9999999000000099,0.0,8.940695822239011e-08,0.0,5.960463881492674e-08
0.5614632963901727,0.35522669547673985,0.9999999000000099,0.0,8.940695822239011e-08,0.0,2.980231940746337e-08
0.15747219323459882,0.02380049228260665,1.7583368450403388e-06,8.940695822239011e-07,0.6904868389103005,5.2213663601875825e-05,0.2291455039714359
0.23890504240000432,0.03834214805900149,7.152556657791209e-06,0.0,0.9999966813495139,1.0520218750834569e-05,3.2186504960060438e-06
0.2316050827407302,0.04138252138382877,7.191299673020911e-05,2.980231940746337e-08,0.9999997807907323,1.5497206091880952e-06,8.940695822239011e-08
0.22702255844129834,0.034404128784010536,0.00016438959385156794,0.0,0.9999997807907323,6.258487075567308e-07,2.980231940746337e-08
0.21127867697794575,0.030005216593372793,0.00016292928020060225,0.0,0.9999998403953712,4.172324717044872e-07,1.4901159703731684e-07
0.1909897625367235,0.027892857785217048,0.000141173587033154,0.0,0.9999996615814547,3.278255134820971e-07,1.4901159703731684e-07
0.17446690797083358,0.02777665853024732,0.00011360644158125036,0.0,0.9999997807907323,3.874301522970238e-07,1.1920927762985348e-07
0.15356194972356077,0.02687996625439989,8.302926186919295e-05,5.960463881492674e-08,0.9999997807907323,3.874301522970238e-07,2.086162358522436e-07
0.1357622444573453,0.0271886289073164,5.632638368010577e-05,2.980231940746337e-08,0.9999997807907323,5.66244068741804e-07,4.172324717044872e-07
0.11107844113843637,0.02798554300782691,3.212690032124551e-05,8.940695822239011e-08,0.999999542372177,9.834765404462913e-07,1.2218950957059981e-06
0.0718188583821122,0.031300693745021695,1.1473892971873398e-05,8.940695822239011e-07,0.999996323721681,3.0994412183761904e-06,9.208916696906181e-06
0.037994772194242764,0.038987874978065114,2.5629994690418497e-06,1.0818241944909203e-05,0.999864299446706,2.1368263015151236e-05,0.00018227098549604596
0.1323023438398891,0.022680491205146456,1.3113020539283883e-06,1.3113020539283883e-06,0.8716256938966956,5.555152337551172e-05,0.06231214973077538
0.2308973967933413,0.05217221378386719,7.838010004162866e-06,6.258487075567308e-07,0.00039526816230118665,8.106230878830036e-06,0.9998135162944357
0.2674537598976015,0.04065167903204047,6.079673159122528e-06,3.5762783288956044e-07,2.1785495486855723e-05,4.529952549934432e-06,0.9999478055456857
0.2726338207608819,0.042284756891639366,6.139277797937454e-06,3.5762783288956044e-07,1.0311602514982325e-05,5.7816499650478935e-06,0.9999623490775565
0.24253800510355872,0.036139249795447435,1.856684499084968e-05,3.874301522970238e-07,2.4437901914119963e-06,1.4603136509657052e-06,0.99998279346867
0.19543877243186397,0.029230773443938755,5.1259989380836994e-05,8.642672628164378e-07,2.086162358522436e-07,2.086162358522436e-07,0.9999935223036568
0.11306038498410322,0.024028927083669216,2.74181338548663e-05,1.4573334190249588e-05,0.0,0.0,0.9999984694886783
0.08384287356983147,0.02689304947392585,1.0460614112019642e-05,0.00013282893759906423,0.0,0.0,0.999998588697956
0.12848410009805805,0.08202630280043786,2.3841855525970694e-06,0.006069957602995694,0.0,5.960463881492674e-08,0.9999128772273401
0.3267157673700469,0.15790915486492818,0.0,0.999043007128475,0.0,9.030102780461401e-06,0.8317049506086491
0.2012656629002201,0.49492487302888366,0.0,0.9999994231628994,0.0,0.0015087722223222405,0.007709323588961439
0.14704534410821476,0.3450049459343465,0.0,0.9999999000000099,0.0,0.008213549031016312,0.0001909434604436178
0.13589847087297383,0.02432870864451571,1.5497206091880952e-06,3.874301522970238e-07,0.9995861245973567,2.3216006818413966e-05,8.195637837052427e-06
0.3079054355493841,0.05531877278334364,1.5944240882992903e-05,0.0,0.9999997807907323,7.182358977198672e-06,0.0
0.3379224538663174,0.048089236012807304,4.589557188749359e-06,0.0,0.9999996019768158,8.493661031127061e-06,0.0
0.3180797397958653,0.046743482343298975,8.1360331982375e-06,1.1920927762985348e-07,0.9999994827675383,4.023313120007555e-06,0.0
0.324255317436143,0.04553624986822493,6.079673159122528e-06,8.940695822239011e-08,0.9999994827675383,4.7385687857866755e-06,0.0
0.32721883057193035,0.047073632470653326,5.602836048603113e-06,8.940695822239011e-08,0.9999994231628994,5.841254603862821e-06,0.0
0.32733851669863434,0.046788126222228096,5.334615173935943e-06,0.0,0.9999994231628994,5.930661562085211e-06,0.0
0.3132790326942422,0.043819636098987626,9.179114377498718e-06,1.1920927762985348e-07,0.9999994231628994,3.0100342601538e-06,0.0
0.28378462790267783,0.037195175879785054,3.0905005225539514e-05,0.0,0.9999997807907323,9.238719016313645e-07,0.0
0.2562207281483413,0.03257188200392878,7.936357658207495e-05,0.0,0.9999997807907323,3.874301522970238e-07,0.0
0.23841449617352317,0.031249493355168398,0.00010585783853530989,0.0,0.9999997807907323,3.5762783288956044e-07,5.960463881492674e-08
0.22616577147501,0.031268000597367986,0.00011271237199902646,0.0,0.9999999000000099,3.278255134820971e-07,2.980231940746337e-08
0.17495897411575645,0.02712070941460647,2.026557719707509e-06,1.7881391644478022e-07,0.9998032046919206,2.0235774877667628e-05,1.7583368450403388e-06
0.2182044088750131,0.03381535410302005,6.338953337967459e-05,0.0,0.9999997807907323,6.258487075567308e-07,0.0
0.30108496545498575,0.05105182527621602,2.0772216627001968e-05,1.1920927762985348e-07,0.9999997807907323,3.069638898968727e-06,0.0
0.30486962197948725,0.044919311992582894,1.680850814580934e-05,5.960463881492674e-08,0.9999997211860935,2.413987872004533e-06,0.0
0.30412846802405835,0.043405234806257686,1.4990566661954075e-05,2.980231940746337e-08,0.9999997807907323,2.1159646779298993e-06,0.0
0.30249378083883854,0.04279014467460337,1.5795229285955586e-05,2.980231940746337e-08,0.9999997211860935,1.9073484420776557e-06,0.0
0.2862914800525374,0.039237558834986475,2.9623505491018588e-05,0.0,0.9999997211860935,1.0728834986686813e-06,0.0
0.2699147760756307,0.036200672381877956,5.367397725284153e-05,0.0,0.9999998403953712,6.258487075567308e-07,0.0
0.25524872540370686,0.03421017526994463,8.049606471955857e-05,0.0,0.9999997807907323,4.768371105194139e-07,0.0
0.2372996807000128,0.031830787653240857,0.00010454653648138151,0.0,0.9999997807907323,3.5762783288956044e-07,0.0
0.22850731014259185,0.032182782882901655,0.00010690091971457111,0.0,0.9999999000000099,4.172324717044872e-07,5.960463881492674e-08
0.22016629575771385,0.032121777528984485,0.00010818241944909204,0.0,0.9999999000000099,3.874301522970238e-07,5.960463881492674e-08
0.16583737730293224,0.4678204654846205,4.768371105194139e-07,0.9999999000000099,2.980231940746337e-08,0.0,0.0
0.15650174021072846,0.4162393509628896,8.940695822239011e-08,0.9999999000000099,0.0,6.1690801173449175e-06,0.0
0.17603209614024815,0.4638985394637161,0.0,0.9999999000000099,0.0,6.079673159122528e-06,0.0
0.1786921918318189,0.5390912889511151,0.0,0.9999999000000099,0.0,9.477137571573351e-06,2.980231940746337e-08
0.17710602282744425,0.5557375549318463,0.0,0.9999999000000099,0.0,9.953974682092765e-06,0.0
0.1787820160314917,0.560413777732254,2.980231940746337e-08,0.9999999000000099,0.0,9.924172362685302e-06,2.980231940746337e-08
0.1803558766767207,0.5621607302656768,5.960463881492674e-08,0.9999999000000099,0.0,1.0222195556759936e-05,0.0
0.18149650096141773,0.5620975493422257,2.980231940746337e-08,0.9999999000000099,0.0,1.060962570905696e-05,2.980231940746337e-08
0.18244126438339095,0.5621635912886256,2.980231940746337e-08,0.9999999000000099,0.0,1.0997055861353983e-05,2.980231940746337e-08
0.1832560300751144,0.5615698098174747,2.980231940746337e-08,0.9999999000000099,0.0,1.1622904568910713e-05,0.0
0.18395897745324388,0.5622996090879797,2.980231940746337e-08,0.9999999000000099,0.0,1.2367962554097299e-05,0.0
0.18468406795690648,0.5617541073790887,8.940695822239011e-08,0.9999999000000099,0.0,1.3232229816913736e-05,2.980231940746337e-08
0.6367861032222283,0.39748361699927387,0.9999996019768158,2.5331971496343865e-06,1.1920927762985348e-07,2.9802319407463367e-07,1.4781950426101832e-05
0.5544050335654528,0.44180959455554175,0.9999999000000099,0.0,2.3841855525970696e-07,0.0,2.980231940746337e-08
0.5789985060452083,0.32596224540850877,0.9999999000000099,0.0,1.1920927762985348e-07,0.0,0.0
0.5238510370037601,0.3540826141227945,0.9999999000000099,0.0,8.940695822239011e-08,0.0,1.1920927762985348e-07
0.5683129429581874,0.3381974696533924,0.9999999000000099,0.0,1.7881391644478022e-07,0.0,2.980231940746337e-08
0.5446175932658702,0.3596035539488145,0.9999999000000099,0.0,8.940695822239011e-08,0.0,5.960463881492674e-08
0.5588415860898357,0.34045970434081024,0.9999999000000099,0.0,8.940695822239011e-08,0.0,5.960463881492674e-08
0.5548374056586355,0.3511083721513342,0.9999999000000099,0.0,2.980231940746337e-08,0.0,0.0
0.5594480037457554,0.3447194396859213,0.9999999000000099,0.0,0.0,0.0,5.960463881492674e-08
0.561346411681773,0.34532368177222833,0.9999999000000099,0.0,1.4901159703731684e-07,0.0,0.0
0.5601265430218504,0.34537652128981267,0.9999999000000099,0.0,8.940695822239011e-08,0.0,2.980231940746337e-08
0.55932867524692,0.34532442683028786,0.9999999000000099,0.0,5.960463881492674e-08,0.0,5.960463881492674e-08
0.32950419186181373,0.1179763674534006,2.026557719707509e-06,1.4901159703731684e-07,0.9203120145781429,0.03383466263025139,0.0
0.3242731690272525,0.30834308261359794,4.0829177588224814e-06,5.960463881492674e-08,0.00022298095380664094,0.9999999000000099,1.4901159703731685e-06
0.34506788848401776,0.20713126655846495,1.937150761485119e-06,0.0,4.976987341046382e-06,0.9999999000000099,1.6093252480030219e-06
0.37346071003321135,0.1737840175331083,5.1259989380836994e-06,0.0,1.5795229285955586e-06,0.9999987079072337,3.278255134820971e-07
0.3978731036021468,0.2418258785787386,0.00013738869246840614,0.0,1.2218950957059981e-06,0.9998802138852696,8.940695822239011e-08
0.3915347456769942,0.30288827414094494,0.9993497325998167,2.9802319407463367e-07,1.1920927762985348e-07,0.0003535151128113305,0.0
0.5430102944149237,0.43094998590719374,0.9999999000000099,1.1920927762985348e-07,2.086162358522436e-07,0.0,0.0
0.5009512305052272,0.4545339047130461,0.9999999000000099,2.980231940746337e-08,3.278255134820971e-07,0.0,0.0
0.5536084770927074,0.401052892139425,0.9999999000000099,0.0,4.768371105194139e-07,0.0,0.0
0.561120152450215,0.402350246837384,0.9999999000000099,0.0,3.5762783288956044e-07,0.0,0.0
0.5667304396394663,0.39562541239639687,0.9999999000000099,0.0,2.3841855525970696e-07,0.0,0.0
0.573928415751534,0.3942913114349401,0.9999999000000099,0.0,1.4901159703731684e-07,0.0,5.960463881492674e-08
0.6797603368477682,0.4079155325191093,0.9999997211860935,3.3378597736358976e-06,1.7881391644478022e-07,4.768371105194139e-07,2.273916970789455e-05
0.5651589631800282,0.4432670771316624,0.9999999000000099,0.0,4.768371105194139e-07,0.0,8.940695822239011e-08
0.595969617342113,0.31133729214105454,0.9999999000000099,0.0,2.682208746671703e-07,0.0,5.960463881492674e-08
0.5457878708613418,0.3408572375190716,0.9999999000000099,0.0,5.960463881492674e-08,0.0,1.1920927762985348e-07
0.5825273394343444,0.32938057178579205,0.9999999000000099,0.0,1.1920927762985348e-07,0.0,0.0
0.5800571441410202,0.3350835441969249,0.9999999000000099,0.0,1.4901159703731684e-07,0.0,2.980231940746337e-08
0.584586918329828,0.33213025325809953,0.9999999000000099,0.0,1.1920927762985348e-07,0.0,0.0
0.5900012254470659,0.3332807719136795,0.9999999000000099,0.0,1.1920927762985348e-07,0.0,8.940695822239011e-08
0.5913133620970971,0.3371030687708589,0.9999999000000099,0.0,5.960463881492674e-08,0.0,8.940695822239011e-08
0.5937210321180545,0.3388807773009805,0.9999999000000099,0.0,1.7881391644478022e-07,0.0,2.980231940746337e-08
0.5970848798504591,0.3421890437017049,0.9999999000000099,0.0,1.1920927762985348e-07,0.0,8.940695822239011e-08
0.597556352590613,0.3453464507465286,0.9999999000000099,0.0,1.1920927762985348e-07,0.0,1.1920927762985348e-07
0.31284278629914913,0.03094071149296236,8.523463350534524e-06,3.278255134820971e-07,0.010892390115594973,3.367662093043361e-05,0.9943111736668745
0.29019981621494273,0.04891252516862641,3.308057454228434e-06,2.3841855525970696e-07,0.000296950310575965,2.9504296213388735e-05,0.999903578903685
0.2758485674743871,0.04292035102109291,5.453824451565797e-06,2.086162358522436e-07,3.600120184421575e-05,1.0669230347871886e-05,0.999962527891473
0.2687677740939429,0.04044196008943417,8.94069582223901e-06,2.682208746671703e-07,1.1175869777798764e-05,5.841254603862821e-06,0.9999764157723169
0.24911203979414345,0.03668624162045753,1.892447282373924e-05,2.682208746671703e-07,3.308057454228434e-06,2.2053716361522894e-06,0.9999858333052496
0.23325276373851048,0.034182220691549754,3.2514330473542534e-05,3.5762783288956044e-07,1.1026858180761447e-06,1.1026858180761447e-06,0.9999900652346054
0.22683188318266978,0.03376451134103534,4.2051072683930815e-05,4.172324717044872e-07,6.258487075567308e-07,8.344649434089744e-07,0.9999912573273818
0.2242649197485567,0.0337779521884299,4.887580382823993e-05,4.172324717044872e-07,4.172324717044872e-07,9.238719016313645e-07,0.999991793769131
0.223784357300075,0.033840239042209515,5.2839512309432554e-05,4.172324717044872e-07,2.9802319407463367e-07,9.238719016313645e-07,0.9999919129784087
0.22551360725422706,0.03411200642001637,5.340575637817436e-05,3.5762783288956044e-07,3.5762783288956044e-07,9.536742210388278e-07,0.999991793769131
0.22793254255304657,0.03434208034880998,5.2213663601875825e-05,2.9802319407463367e-07,3.278255134820971e-07,9.536742210388278e-07,0.9999914361412983
0.23122173546787314,0.03463718294504241,4.944204789698173e-05,3.5762783288956044e-07,3.5762783288956044e-07,1.1622904568910714e-06,0.9999909593041877
0.42300212381518704,0.25988313551267356,9.989737465381722e-05,1.4901159703731684e-07,3.5077329942584386e-05,0.9999999000000099,4.380940952897116e-06
0.37602043150298453,0.2126462459200084,2.7984377923608103e-05,0.0,4.798173424601603e-06,0.9999994231628994,8.940695822239011e-07
0.3888878524142407,0.18723332878721397,2.226233259737514e-05,0.0,1.4305113315582417e-06,0.9999977542330126,5.066394299268773e-07
0.4786576628486796,0.2610064744502406,0.0006193816042453112,5.960463881492674e-08,9.238719016313645e-07,0.9996437026784519,8.940695822239011e-08
0.6950119137476188,0.4669104813729904,0.9999999000000099,8.940695822239011e-08,5.960463881492674e-08,0.0,0.0
0.6331321596837138,0.4144921302085654,0.9999999000000099,1.4901159703731684e-07,1.7583368450403388e-06,0.0,0.0
0.5525543093452535,0.4415170251567118,0.9999999000000099,8.940695822239011e-08,1.6391275674104854e-06,0.0,0.0
0.5571340918310258,0.4121155142078432,0.9999999000000099,0.0,1.5497206091880952e-06,0.0,0.0
0.5442960858119651,0.3985283076080733,0.9999999000000099,0.0,7.152556657791209e-07,0.0,0.0
0.5510938763390274,0.3927663265986229,0.9999999000000099,0.0,4.172324717044872e-07,0.0,2.980231940746337e-08
0.5602627992398013,0.38759329908409734,0.9999999000000099,0.0,1.7881391644478022e-07,0.0,2.980231940746337e-08
0.5644347071413924,0.3837079405127564,0.9999999000000099,0.0,1.4901159703731684e-07,0.0,2.980231940746337e-08
0.18253943323333197,0.6148706673522931,2.592801788449313e-06,0.9999999000000099,5.960463881492674e-08,5.960463881492674e-08,0.0
0.16002494096093353,0.4177673756360899,2.980231940746337e-08,0.9999999000000099,0.0,1.2218950957059982e-05,0.0
0.18346202372744963,0.5054374932377311,0.0,0.9999999000000099,0.0,1.2248753276467444e-05,0.0
0.1760341525004928,0.5785249470673791,2.980231940746337e-08,0.9999999000000099,0.0,1.2576578789949543e-05,0.0
0.17723885177832072,0.5951667426997528,5.960463881492674e-08,0.9999999000000099,0.0,1.1622904568910713e-05,1.1920927762985348e-07
0.18023824691026136,0.5991370676922065,5.960463881492674e-08,0.9999999000000099,0.0,1.1205672097206226e-05,2.980231940746337e-08
0.1824325919075765,0.6001505254671489,5.960463881492674e-08,0.9999999000000099,0.0,1.1324881374836081e-05,8.940695822239011e-08
0.1840078234596353,0.6005324720308042,2.980231940746337e-08,0.9999999000000099,0.0,1.1593102249503251e-05,8.940695822239011e-08
0.18523153661914576,0.6013901232643305,0.0,0.9999999000000099,0.0,1.2129543998837591e-05,2.980231940746337e-08
0.1863446533602801,0.6013730763359276,0.0,0.9999999000000099,0.0,1.299381126165403e-05,8.940695822239011e-08
0.18733635544001198,0.6010013221665271,2.980231940746337e-08,0.9999999000000099,0.0,1.3828276205063004e-05,2.980231940746337e-08
0.18821406363661566,0.6008660196229102,0.0,0.9999999000000099,0.0,1.4960764342546611e-05,0.0
0.29196208714229893,0.029728442425405663,6.8247311443091115e-06,3.5762783288956044e-07,0.02331509953044378,3.582238792777097e-05,0.9873548950847009
0.22122210263289901,0.03789952396697523,2.2351739555597528e-05,3.874301522970238e-07,2.7000901383161812e-05,1.8179414838552655e-06,0.9999630643332224
0.21790379284910086,0.032373458141505475,3.373622556924853e-05,5.66244068741804e-07,1.6689298868179488e-06,6.854533463716575e-07,0.999989588397495
0.1196708083103218,0.02416667341772156,3.418326036036048e-05,9.357928293943498e-06,0.0,2.980231940746337e-08,0.9999984694886783
0.08192357420582098,0.026824355120833972,1.1295079055428617e-05,0.00014540551638901378,0.0,0.0,0.9999989463257889
0.16307845711032798,0.11583748457832434,8.642672628164378e-07,0.04026412561225931,0.0,1.7881391644478022e-07,0.9997163011285285
0.3190706968175375,0.16953435537296255,0.0,0.9999328447813431,0.0,2.6583668911457325e-05,0.5789272802305935
0.16240254043860303,0.47428879133686064,0.0,0.9999996615814547,0.0,0.0035418864522993917,0.0022191403077185374
0.13677644729047897,0.3438904284842047,0.0,0.9999999000000099,0.0,0.0081979326156468,0.00014349816794693613
0.13560116290484647,0.3582082092148615,0.0,0.9999999000000099,0.0,0.0040385719075441764,5.739926717877445e-05
0.1389655172767317,0.37037140124654644,0.0,0.9999999000000099,0.0,0.002387106179899001,3.495812066495453e-05
0.14290341734294437,0.38016229861425466,0.0,0.9999999000000099,0.0,0.0014976857595026642,2.4795529747009523e-05
0.08361232280384981,0.033919006580266704,0.00035962458828986047,0.0011941491363376498,0.0,0.0,0.9992141916511516
0.21844223140765706,0.08851185439501517,7.992982065081675e-05,7.748603045940476e-07,5.960463881492674e-08,7.423757764399125e-05,0.9999712897733788
0.25905582307696534,0.08107870815796096,4.261731675267262e-06,3.278255134820971e-07,6.258487075567308e-07,0.00032222267743349395,0.9999466134529094
0.26088941096179236,0.04883825778124899,1.3947485482692857e-05,1.4901159703731684e-07,4.470347911119505e-06,2.2619960430264698e-05,0.9999833299104194
0.2697796225436081,0.0402739643981635,1.603364784121529e-05,8.940695822239011e-08,5.334615173935943e-06,8.85128886401662e-06,0.9999877406536917
0.26563358305784834,0.03790840505904525,2.0295379516482556e-05,1.1920927762985348e-07,3.904103842377701e-06,5.602836048603113e-06,0.9999892903743008
0.2567437291039013,0.03612580894805288,2.706050602197674e-05,1.7881391644478022e-07,2.413987872004533e-06,3.397464412450824e-06,0.9999907208856325
0.24642518161706964,0.03459206222895516,3.629922503829038e-05,1.7881391644478022e-07,1.3113020539283883e-06,2.086162358522436e-06,0.9999919129784087
0.24043944477039367,0.034141808742398964,4.2021270364523355e-05,2.682208746671703e-07,8.642672628164378e-07,1.6093252480030219e-06,0.999992151396964
0.2353714406392864,0.033785402769025544,4.7475094816089145e-05,3.278255134820971e-07,6.258487075567308e-07,1.3113020539283883e-06,0.9999923898155193
0.23180451988214038,0.03357136248967377,5.143880329728178e-05,2.9802319407463367e-07,5.364417493343406e-07,1.1622904568910714e-06,0.9999923898155193
0.22909325360303207,0.03340923785591247,5.474686075151021e-05,3.5762783288956044e-07,4.172324717044872e-07,1.0728834986686813e-06,0.9999923898155193
0.08683207630751592,0.033556133502936264,0.00029104945133328724,0.0019322333787828876,0.0,0.0,0.9987724020682553
0.24818074702188891,0.28070363397560005,0.0,0.986069819071851,0.0,1.1920927762985348e-07,0.5784068125244616
0.17403107880825397,0.4457784294318763,0.0,0.9999999000000099,0.0,0.0006652473738133973,0.00013819335509240765
0.15042978524538847,0.43252143256410547,0.0,0.9999999000000099,0.0,0.0006263553469866576,7.003545060753892e-06
0.16107869147587403,0.4607934950993186,0.0,0.9999999000000099,0.0,0.003633826607671416,7.599591448903159e-06
0.16457182168279116,0.4646665751138379,0.0,0.9999999000000099,0.0,0.0021459160089344,5.185603576898626e-06
0.16622769831922773,0.4788619875087918,0.0,0.9999999000000099,0.0,0.001495092957714215,3.7550922453403844e-06
0.1694543659616875,0.48502659789363095,0.0,0.9999999000000099,0.0,0.0010004042578697304,2.9206273019314104e-06
0.17227369546176913,0.491238087331578,0.0,0.9999999000000099,0.0,0.0007190405603438687,2.413987872004533e-06
0.17493745683899342,0.49661764494021493,0.0,0.9999999000000099,0.0,0.0005418955737859064,1.996755400300046e-06
0.17735993861417693,0.5015809535121342,0.0,0.9999999000000099,0.0,0.00042602415592968886,1.8179414838552655e-06
0.1796000003740329,0.5058286189166803,0.0,0.9999999000000099,0.0,0.00034606453295946463,1.6391275674104854e-06
0.11593258380409842,0.10711148379399091,0.00026822087466717035,0.0,0.0019992289928108652,0.9996898366688947,0.0
0.05242615937969561,0.09310436247185024,0.0003995000916570465,0.0,0.004719852929198789,0.9931785067154745,0.0
0.09864118694850643,0.06652471422009971,0.00017759202134907422,0.0,0.010535626549968228,0.9965990977277854,0.0
0.09874629973956348,0.08389613030904407,0.0001698136159837263,0.0,0.003899812308383027,0.998291988679407,0.0
0.09782198071074738,0.08418017624367255,0.00015264748000502737,0.0,0.0016810594308167863,0.9993424608338813,0.0
0.10115790366707593,0.09310290215805349,0.00011584161553681011,0.0,0.0005351304472804122,0.9997751905116776,0.0
0.09773847460342051,0.09975555537422999,0.00010794400089383233,0.0,0.0002814829068034915,0.9998461200318675,0.0
0.08206588029521633,0.10308116672658106,0.00013929604091048378,0.0,0.00031784173648059685,0.9997159435006956,0.0
0.053339093921360076,0.09820485113369658,0.00028625127790868566,0.0,0.0015236137773871573,0.9970072702943901,0.0
0.09311467408748345,0.08000877498210351,0.0001608431178420798,0.0,0.43913783211999974,0.3168109636592509,8.940695822239011e-08
0.2621689438711327,0.031814575189864726,3.871321291029492e-05,0.0,0.99997474684243,2.65240642726424e-06,8.940695822239011e-08
0.20245057343598344,0.019756495949223195,0.0001745223824501055,0.0,0.9999991847443441,1.1920927762985348e-07,8.940695822239011e-08
0.34106621144789806,0.2711395620835457,0.9999996615814547,1.1920927762985348e-07,5.960463881492674e-08,0.0,2.9802319407463367e-07
0.6652250289641537,0.4926170705905429,0.9999999000000099,0.0,1.1920927762985348e-07,0.0,0.0
0.6046331524598573,0.39550405733965494,0.9999999000000099,0.0,4.172324717044872e-07,0.0,1.1920927762985348e-07
0.590317487692231,0.31875550741459513,0.9999999000000099,0.0,2.086162358522436e-07,0.0,1.4901159703731684e-07
0.5739749073744569,0.3624039887761395,0.9999999000000099,0.0,1.1920927762985348e-07,0.0,2.980231940746337e-08
0.5718334913017,0.34672951692365994,0.9999999000000099,0.0,1.1920927762985348e-07,0.0,8.940695822239011e-08
0.5724120735885109,0.3523027896277837,0.9999999000000099,0.0,0.0,0.0,5.960463881492674e-08
0.5748352408171092,0.34460252517521434,0.9999999000000099,0.0,2.086162358522436e-07,0.0,0.0
0.5776608586072144,0.34302580350724093,0.9999999000000099,0.0,1.1920927762985348e-07,0.0,8.940695822239011e-08
0.5795619487522468,0.34103953832508593,0.9999999000000099,0.0,1.1920927762985348e-07,0.0,2.980231940746337e-08
0.5797827839611305,0.34131988877173897,0.9999999000000099,0.0,1.1920927762985348e-07,0.0,2.980231940746337e-08
0.5837706327196628,0.3405930995357947,0.9999999000000099,0.0,5.960463881492674e-08,0.0,1.4901159703731684e-07
0.314080178724635,0.031041502947260286,8.761881905794231e-06,3.5762783288956044e-07,0.0101218213449956,3.3378597736358976e-05,0.9946483571086505
0.2953580617782362,0.04835617541438818,1.9073484420776557e-06,2.086162358522436e-07,0.0010391472730994329,4.887580382823993e-05,0.9997481300056557
0.25175398587138087,0.04616823791667018,9.536742210388278e-07,3.5762783288956044e-07,0.0005215703919500165,6.496905630827015e-05,0.9995880319457988
0.1920000910679469,0.04439640044405793,2.9802319407463367e-07,6.854533463716575e-07,0.0027140972284376893,0.00017449258013069803,0.9941176374046424
0.08884948491682265,0.04100871085418392,1.4901159703731684e-07,4.291533994674725e-06,0.09166811980047317,0.00044420357076824154,0.4861554315308649
0.04386490583238165,0.03971356152808123,2.086162358522436e-07,1.582503160536305e-05,0.6148006301245512,0.00017639992857277568,0.020274011253467405
0.039474964140211136,0.04219120740168041,3.5762783288956044e-07,2.2888181304931868e-05,0.7826736382777411,0.00015529988643229163,0.015232710507139716
0.04025915264916609,0.04349973797053289,2.682208746671703e-07,2.6166436439752837e-05,0.769673389715095,0.00018334386899471466,0.0172224325600596
0.04111617803403356,0.043562978498628745,2.086162358522436e-07,2.601742484271552e-05,0.6704322025299914,0.00018814204241931624,0.02345964077956998
0.04542645811846506,0.04362717270104085,2.086162358522436e-07,2.2619960430264698e-05,0.4288784432686193,0.00019907949364185532,0.05270987222001009
0.0528712570645374,0.043653130523836084,1.1920927762985348e-07,1.8119810199737728e-05,0.17727787510020016,0.00020757315467298236,0.1332356200496985
0.06528338789669556,0.04342898725719661,2.086162358522436e-07,1.2159346318245055e-05,0.04015287355391125,0.00017163155746758153,0.4077373335319917
0.10367372631597382,0.021800607439122804,9.536742210388278e-07,8.642672628164378e-07,0.9985698655055623,3.16500632107261e-05,7.51018449068077e-05
0.39029386637978913,0.06679981945801343,1.2218950957059981e-06,1.7881391644478022e-07,0.9999985290933172,0.0002446472400158668,0.0
0.37003266809838625,0.061607271422327255,1.2516974151134616e-06,1.7881391644478022e-07,0.999992151396964,0.00014382599346041822,0.0
0.325505673871867,0.05041778086752637,2.9206273019314104e-06,1.1920927762985348e-07,0.9999934626990179,1.41561017185451e-05,0.0
0.32016628979310857,0.04270145296319277,5.364417493343406e-06,1.1920927762985348e-07,0.9999984694886783,4.440545591712042e-06,0.0
0.30616092680617024,0.041128963224997685,1.2099741679430129e-05,2.980231940746337e-08,0.9999994827675383,2.0563600391149723e-06,0.0
0.2921804487584245,0.039020419114106905,2.4527308872342353e-05,0.0,0.9999997211860935,1.132488137483608e-06,0.0
0.28047385810644343,0.037592113011598795,4.1604037892818864e-05,0.0,0.9999997211860935,8.642672628164378e-07,0.0
0.27332615851224173,0.0370699465211334,5.581974425017889e-05,0.0,0.9999997807907323,8.046626240015109e-07,0.0
0.2678602337726304,0.03665360807744859,6.794928824901649e-05,0.0,0.9999999000000099,6.556510269641942e-07,0.0
0.26721435784187103,0.037145644419985184,7.066129931509565e-05,0.0,0.9999999000000099,7.450579851865842e-07,0.0
0.2601190805327471,0.03574088215215932,8.580087757408705e-05,0.0,0.9999998403953712,6.258487075567308e-07,0.0
0.18358629941180118,0.6381395458082391,3.2782551348209707e-06,0.9999999000000099,8.940695822239011e-08,5.960463881492674e-08,0.0
0.16624835132864155,0.43639102570690597,5.960463881492674e-08,0.9999999000000099,0.0,1.600384552180783e-05,8.940695822239011e-08
0.18354931472971958,0.5281151532222512,0.0,0.9999999000000099,0.0,1.4275310996174954e-05,0.0
0.1752057969497611,0.598763286964884,0.0,0.9999999000000099,0.0,1.2665985748171932e-05,8.940695822239011e-08
0.17826429008699407,0.609908223047723,0.0,0.9999999000000099,0.0,1.1742113846540568e-05,0.0
0.18163755535327286,0.6111845373060798,2.980231940746337e-08,0.9999999000000099,0.0,1.1324881374836081e-05,2.980231940746337e-08
0.18386900424195915,0.6109064816382502,5.960463881492674e-08,0.9999999000000099,0.0,1.141428833305847e-05,1.1920927762985348e-07
0.18542218207545197,0.6104634403137106,2.980231940746337e-08,0.9999999000000099,0.0,1.1831520804762957e-05,2.980231940746337e-08
0.1866308450621573,0.6101400851158595,0.0,0.9999999000000099,0.0,1.2487171831727152e-05,0.0
0.18767389654336106,0.6095618008523477,0.0,0.9999999000000099,0.0,1.3321636775136126e-05,1.1920927762985348e-07
0.18862724303418155,0.6084691881091571,2.980231940746337e-08,0.9999999000000099,0.0,1.4394520273804807e-05,0.0
0.18947786091973592,0.6073710321340033,2.980231940746337e-08,0.9999999000000099,0.0,1.555681073069588e-05,2.980231940746337e-08
0.17998445033281824,0.5737904905290357,1.6093252480030219e-06,0.9999999000000099,0.0,0.0,0.0
0.1448459923207387,0.3821454047502371,2.980231940746337e-08,0.9999999000000099,0.0,6.139277797937454e-06,0.0
0.1017985343890953,0.5281236170818079,0.0016187129786163728,0.04375052014582201,0.0,0.00014781950426101832,2.086162358522436e-06
0.027597248553086998,0.14734354612688447,2.086162358522436e-07,0.0002329349284887337,1.9490716892481042e-05,0.013743190583154695,0.00045803184697330455
0.11599898337837546,0.04330867528173809,1.5586613050103344e-05,2.1159646779298993e-06,3.904103842377701e-06,6.675719547271795e-06,0.9983227446730355
0.2233844101336487,0.038193821900503334,1.8388031074404898e-05,6.258487075567308e-07,7.152556657791209e-07,2.1159646779298993e-06,0.9999381495941977
0.24701079725196362,0.0353954434334227,2.765655241012601e-05,2.682208746671703e-07,9.238719016313645e-07,1.6689298868179488e-06,0.9999740315867642
0.26227292417393905,0.03556239604340998,1.972913544774075e-05,2.086162358522436e-07,1.5497206091880952e-06,2.354383233189606e-06,0.9999752236795405
0.2646323740372752,0.03505524992342541,2.0802018946409432e-05,1.7881391644478022e-07,1.6391275674104854e-06,2.264976274967216e-06,0.9999789191671471
0.26298660038812766,0.03449276089077637,2.3394820734858744e-05,2.086162358522436e-07,1.4305113315582417e-06,1.9669530808925826e-06,0.9999817801898102
0.25827518104437436,0.033968478435421806,2.7537343132496152e-05,2.086162358522436e-07,1.1026858180761447e-06,1.6093252480030219e-06,0.999984104770724
0.25259977578070864,0.03355365991017851,3.224610959887537e-05,2.682208746671703e-07,7.748603045940476e-07,1.3113020539283883e-06,0.9999858333052496
0.18339326976970408,0.6331337093222799,3.0994412183761904e-06,0.9999999000000099,5.960463881492674e-08,8.940695822239011e-08,0.0
0.17937159537526307,0.48997497550203656,8.940695822239011e-08,0.9999999000000099,0.0,2.0235774877667628e-05,5.960463881492674e-08
0.1812821924611367,0.577404022117925,0.0,0.9999999000000099,0.0,1.3738869246840614e-05,0.0
0.1766016185210534,0.6322665809502359,0.0,0.9999999000000099,0.0,1.1295079055428617e-05,1.1920927762985348e-07
0.18143171071254957,0.6396626829005686,0.0,0.9999999000000099,0.0,1.0639428028464424e-05,0.0
0.18521836399265096,0.6412618159149737,0.0,0.9999999000000099,0.0,1.043081179261218e-05,8.940695822239011e-08
0.18780294059929442,0.6415449975822531,8.940695822239011e-08,0.9999999000000099,0.0,1.0788439625501739e-05,1.1920927762985348e-07
0.18968865274597538,0.6405357121324442,5.960463881492674e-08,0.9999999000000099,0.0,1.1444090652465934e-05,2.980231940746337e-08
0.19107663630648003,0.6392754315235292,1.1920927762985348e-07,0.9999999000000099,0.0,1.2397764873504761e-05,2.980231940746337e-08
0.1921806633392865,0.6378600596289351,5.960463881492674e-08,0.9999999000000099,0.0,1.3560055330395832e-05,8.940695822239011e-08
0.1931230127731464,0.6364380120141273,0.0,0.9999999000000099,0.0,1.4901159703731685e-05,2.980231940746337e-08
0.19399169086606696,0.6348611115322197,2.980231940746337e-08,0.9999999000000099,0.0,1.645088031291978e-05,8.940695822239011e-08
0.7018045186705858,0.41342890255524406,0.9999997211860935,3.8146968841553113e-06,2.682208746671703e-07,6.258487075567308e-07,2.8699633589387225e-05
0.43685561416724406,0.428442537711212,0.9999999000000099,0.0,1.1920927762985348e-07,0.0,8.940695822239011e-08
0.5540542006263194,0.3304263650805196,0.9999999000000099,0.0,8.940695822239011e-08,0.0,2.980231940746337e-08
0.5337710380333176,0.36994463199002775,0.9999999000000099,0.0,8.940695822239011e-08,0.0,5.960463881492674e-08
0.5785911679028302,0.32638823980464554,0.9999999000000099,0.0,5.960463881492674e-08,0.0,5.960463881492674e-08
0.5682818889382607,0.35412377113000487,0.9999999000000099,0.0,1.4901159703731684e-07,0.0,0.0
0.579825937723946,0.34408825630018036,0.9999999000000099,0.0,8.940695822239011e-08,0.0,2.980231940746337e-08
0.5898265838378813,0.35854512446939674,0.9999999000000099,0.0,1.1920927762985348e-07,0.0,2.980231940746337e-08
0.5977641343822914,0.3809793888870182,0.9999999000000099,0.0,1.7881391644478022e-07,0.0,5.960463881492674e-08
0.6057027578103074,0.4180889128922757,0.9999999000000099,0.0,2.3841855525970696e-07,0.0,5.960463881492674e-08
0.6026992797601998,0.49044358721918047,0.9999999000000099,0.0,8.940695822239011e-08,0.0,0.0
0.5914930104964427,0.651442348845512,0.9999999000000099,1.1920927762985348e-07,8.940695822239011e-08,0.0,0.0
0.23493564127902916,0.031813502306258956,2.682208746671703e-06,1.4901159703731684e-07,0.9998926116501431,2.0176170238852703e-05,2.682208746671703e-07
0.3919492363767451,0.06409940122460438,9.238719016313645e-07,1.1920927762985348e-07,0.9999975158144573,0.00016999242990017107,0.0
0.3777964413009609,0.07757833598715837,6.854533463716575e-07,2.9802319407463367e-07,0.9999557925672868,0.0018758473904639669,0.0
0.2709677815325115,0.09200173614833909,1.9669530808925826e-06,1.1920927762985348e-07,0.995810528356264,0.1053731038101475,0.0
0.11757308244218356,0.10108950732407482,6.392597512900893e-05,0.0,0.021982846445971947,0.9998258544546703,0.0
0.18820512293989972,0.1461634039628562,8.04662624001511e-06,0.0,8.0138436886669e-05,0.9999977542330126,1.1920927762985348e-07
0.22367924450901797,0.1656166910841589,4.2319293558597985e-06,0.0,1.636147335469739e-05,0.9999993039536218,5.960463881492674e-08
0.25022697447694336,0.18220490214088875,3.3378597736358976e-06,0.0,1.069903266727935e-05,0.9999996019768158,3.5762783288956044e-07
0.25884139536739476,0.1942695974970992,3.4868713706732143e-06,0.0,9.953974682092765e-06,0.9999997807907323,5.960463881492673e-07
0.26074504851215236,0.1986383199351634,3.933906161785165e-06,0.0,9.626149168610668e-06,0.9999997807907323,7.748603045940476e-07
0.26036867498273375,0.19781097766350025,4.440545591712042e-06,0.0,9.000300461053937e-06,0.9999997807907323,8.046626240015109e-07
0.25783982871895295,0.19246715303940004,4.827975744009066e-06,0.0,8.22544015645989e-06,0.9999997211860935,7.450579851865842e-07
0.11599770187851284,0.1070731580074069,0.00026610490998924045,0.0,0.0019772348810881573,0.9996994926203827,0.0
0.2179094552903543,0.19078251716207925,1.141428833305847e-05,0.0,5.686282542944011e-05,0.9999997211860935,2.682208746671703e-07
0.24369642137472047,0.18858313557256634,5.692243006825504e-06,0.0,1.1444090652465934e-05,0.9999997807907323,5.66244068741804e-07
0.2675999998935519,0.20472627874683455,4.678964146971749e-06,0.0,8.702277266979305e-06,0.9999998403953712,1.3113020539283883e-06
0.2776858210448676,0.22463080283133208,4.857778063416529e-06,0.0,9.179114377498718e-06,0.9999997807907323,2.5331971496343865e-06
0.28490257262003876,0.2359925806118267,5.1259989380836994e-06,0.0,8.94069582223901e-06,0.9999999000000099,3.904103842377701e-06
0.29139345883116524,0.24001419540110083,5.185603576898626e-06,0.0,8.1360331982375e-06,0.9999999000000099,4.917382702231456e-06
0.2976108193274288,0.2388011514731622,5.096196618676236e-06,0.0,7.092952018976282e-06,0.9999999000000099,5.75184764564043e-06
0.30159229038897045,0.23133710022779724,4.917382702231456e-06,0.0,5.632638368010577e-06,0.9999999000000099,5.6624406874180405e-06
0.3062327206007992,0.22357180710778904,4.589557188749359e-06,0.0,4.589557188749359e-06,0.9999999000000099,5.334615173935943e-06
0.307526171194694,0.21322217580005198,4.380940952897116e-06,0.0,3.6060806483030677e-06,0.9999997807907323,4.678964146971749e-06
0.307056844221752,0.20405760403953632,4.261731675267262e-06,0.0,2.980231940746337e-06,0.9999999000000099,4.053115439415018e-06
0.35271069406002575,0.28665953869679395,0.00048503274835646636,2.086162358522436e-07,7.119774106442998e-05,0.9999996615814547,1.1026858180761447e-06
0.31421416996608453,0.17488798496112665,1.0818241944909203e-05,0.0,5.930661562085211e-06,0.9999997807907323,1.9669530808925826e-06
0.3303927183014437,0.20195671912549787,5.632638368010577e-06,0.0,2.9206273019314104e-06,0.9999998403953712,6.407498672604624e-06
0.34860119222151187,0.180738300054119,4.321336314082188e-06,0.0,1.4901159703731685e-06,0.9999997211860935,4.410743272304579e-06
0.35841056703037083,0.16610062119500743,3.8146968841553113e-06,0.0,1.1622904568910714e-06,0.9999997807907323,3.367662093043361e-06
0.3634809851495914,0.15777605769316752,3.904103842377701e-06,0.0,8.940695822239011e-07,0.9999997211860935,2.65240642726424e-06
0.36749404667286273,0.15333822366949812,4.2319293558597985e-06,0.0,8.642672628164378e-07,0.9999997807907323,2.324580913782143e-06
0.3704485893096117,0.15249454972516932,4.947185021638919e-06,0.0,8.642672628164378e-07,0.9999996615814547,1.9073484420776557e-06
0.37452787159322576,0.15601244566153286,6.675719547271795e-06,0.0,8.046626240015109e-07,0.999999542372177,1.4305113315582417e-06
0.3793518841109551,0.1710148155396402,1.2308357915282372e-05,0.0,8.344649434089744e-07,0.9999986483025948,8.046626240015109e-07
0.3846518397171962,0.19088220593044902,2.3901460164785624e-05,0.0,8.642672628164378e-07,0.9999966217448751,5.066394299268773e-07
0.39463049171721026,0.21022960540032637,4.887580382823993e-05,0.0,8.046626240015109e-07,0.9999903632577996,2.9802319407463367e-07
0.4540750384142727,0.33147454256103775,0.9999996615814547,3.5762783288956044e-07,2.980231940746337e-08,0.0,1.8775461226701922e-06
0.5823618769404548,0.4720369576599544,0.9999999000000099,0.0,1.1920927762985348e-07,0.0,2.980231940746337e-08
0.5616631507640963,0.3445932566529534,0.9999999000000099,0.0,2.086162358522436e-07,0.0,0.0
0.5682095288995064,0.3240887820165719,0.9999999000000099,0.0,5.960463881492674e-08,0.0,5.960463881492674e-08
0.5761791467428043,0.35011860722268595,0.9999999000000099,0.0,0.0,0.0,5.960463881492674e-08
0.5813463926074585,0.3474802672267998,0.9999999000000099,0.0,5.960463881492674e-08,0.0,2.980231940746337e-08
0.5882411002869216,0.35001808398928946,0.9999999000000099,0.0,1.7881391644478022e-07,0.0,8.940695822239011e-08
0.5893328189605824,0.35568845265973575,0.9999999000000099,0.0,1.1920927762985348e-07,0.0,2.980231940746337e-08
0.5901355147117393,0.35789725178312154,0.9999999000000099,0.0,5.960463881492674e-08,0.0,8.940695822239011e-08
0.5930605530493257,0.35892891877703975,0.9999999000000099,0.0,5.960463881492674e-08,0.0,0.0
0.5924597382300146,0.36045518511321945,0.9999999000000099,0.0,1.4901159703731684e-07,0.0,8.940695822239011e-08
0.5916404723876109,0.36109483235851697,0.9999999000000099,0.0,1.1920927762985348e-07,0.0,0.0
0.09545442461572212,0.020918071266407105,8.642672628164378e-07,1.4603136509657052e-06,0.9941003520593861,4.389881648719354e-05,0.0007168649910271239
0.16362863778390443,0.050729125729457314,5.543231409788187e-06,1.1026858180761447e-06,0.008939116299310415,8.22544015645989e-06,0.9949909645725588
0.2567471861732981,0.04146161674743217,5.0067896604538464e-06,4.4703479111195056e-07,4.6849246108532416e-05,3.635882967710531e-06,0.9998913003480892
0.25126737355145473,0.03723526000338964,1.0371207153797252e-05,4.4703479111195056e-07,5.21540589630609e-06,1.519918289780632e-06,0.999964792867748
0.24115660785630147,0.035878092044408776,1.7553566130995923e-05,4.768371105194139e-07,1.698732206225412e-06,1.1026858180761447e-06,0.9999782039114813
0.2377476692101261,0.035711824887836294,2.378225088715577e-05,3.874301522970238e-07,9.834765404462913e-07,1.1026858180761447e-06,0.99998279346867
0.23772180079429467,0.03575178980215135,2.846121503412752e-05,3.874301522970238e-07,7.152556657791209e-07,1.2516974151134616e-06,0.9999849988403062
0.23188024758332437,0.03434607386000925,3.7819143328071015e-05,4.172324717044872e-07,4.768371105194139e-07,9.238719016313645e-07,0.9999880386768858
0.22260189055474738,0.032675117248662074,5.099176850616983e-05,3.874301522970238e-07,2.682208746671703e-07,6.258487075567308e-07,0.9999906016763548
0.2157200872808777,0.03197517990518452,6.189941740930142e-05,5.066394299268773e-07,1.7881391644478022e-07,4.4703479111195056e-07,0.9999917341644923
0.20873811840146708,0.031419038767202964,7.26580547153957e-05,4.768371105194139e-07,1.7881391644478022e-07,3.5762783288956044e-07,0.9999926282340745
0.20793902873131892,0.03189751505305548,7.578729825317935e-05,5.66244068741804e-07,1.1920927762985348e-07,4.172324717044872e-07,0.9999925090247969
0.7034359574026655,0.4138351678139635,0.9999996615814547,3.784894564747848e-06,2.682208746671703e-07,6.258487075567308e-07,2.9146668380499176e-05
0.48620501158608376,0.44455158702867453,0.9999999000000099,0.0,1.7881391644478022e-07,0.0,2.980231940746337e-08
0.5703236460449572,0.3045013546422251,0.9999999000000099,0.0,5.960463881492674e-08,0.0,1.1920927762985348e-07
0.5121624469545005,0.36359482997390313,0.9999999000000099,0.0,2.980231940746337e-08,0.0,5.960463881492674e-08
0.5692796706917594,0.3275834917461218,0.9999999000000099,0.0,8.940695822239011e-08,0.0,0.0
0.5404403209462495,0.3647761642308267,0.9999999000000099,0.0,0.0,0.0,5.960463881492674e-08
0.5608558058506471,0.3359025716206433,0.9999999000000099,0.0,2.980231940746337e-08,0.0,0.0
0.5513003468285208,0.3532829582086248,0.9999999000000099,0.0,0.0,0.0,2.980231940746337e-08
0.5566065907247855,0.34479546541031925,0.9999999000000099,0.0,2.980231940746337e-08,0.0,5.960463881492674e-08
0.5552207231291701,0.348249733388396,0.9999999000000099,0.0,0.0,0.0,2.980231940746337e-08
0.5555225610503003,0.34720253938451645,0.9999999000000099,0.0,8.940695822239011e-08,0.0,0.0
0.5603541135555934,0.3453855215911722,0.9999999000000099,0.0,8.940695822239011e-08,0.0,0.0
0.6862041949941688,0.4090703725114347,0.9999997211860935,3.397464412450824e-06,2.3841855525970696e-07,4.4703479111195056e-07,2.4735925108194598e-05
0.5022844671995079,0.45754951230797347,0.9999999000000099,0.0,2.086162358522436e-07,0.0,0.0
0.5783995389698852,0.30227017397473,0.9999999000000099,0.0,1.1920927762985348e-07,0.0,2.980231940746337e-08
0.5304191708345124,0.3499490916129738,0.9999999000000099,0.0,0.0,0.0,2.980231940746337e-08
0.5739073157072844,0.32549726957469555,0.9999999000000099,0.0,5.960463881492674e-08,0.0,2.980231940746337e-08
0.5639697313075188,0.34557723993105943,0.9999999000000099,0.0,1.4901159703731684e-07,0.0,2.980231940746337e-08
0.5753529071569621,0.33078092330990533,0.9999999000000099,0.0,8.940695822239011e-08,0.0,1.1920927762985348e-07
0.5743181705237042,0.33835116022991946,0.9999999000000099,0.0,8.940695822239011e-08,0.0,0.0
0.5740282535315286,0.3380398153679885,0.9999999000000099,0.0,1.4901159703731684e-07,0.0,2.980231940746337e-08
0.5744261741400326,0.339394539536534,0.9999999000000099,0.0,1.4901159703731684e-07,0.0,2.980231940746337e-08
0.575056314444572,0.34102755779148813,0.9999999000000099,0.0,8.940695822239011e-08,0.0,0.0
0.576756954169233,0.3417261242281361,0.9999999000000099,0.0,8.940695822239011e-08,0.0,1.1920927762985348e-07
0.6972918510148278,0.4123636781463231,0.9999997211860935,3.6656852871179947e-06,2.3841855525970696e-07,5.66244068741804e-07,2.7298924577236446e-05
0.5767946243047295,0.4278260468704057,0.9999999000000099,0.0,6.258487075567308e-07,0.0,1.7881391644478022e-07
0.5849464535470983,0.3132616877019433,0.9999999000000099,0.0,2.682208746671703e-07,0.0,8.940695822239011e-08
0.55236494538881,0.34128975862381017,0.9999999000000099,0.0,1.4901159703731684e-07,0.0,5.960463881492674e-08
0.5805754065273208,0.33205834025419034,0.9999999000000099,0.0,1.1920927762985348e-07,0.0,0.0
0.5772652625798566,0.3373761772531729,0.9999999000000099,0.0,1.1920927762985348e-07,0.0,2.980231940746337e-08
0.5750548839330974,0.33777251833853905,0.9999999000000099,0.0,8.940695822239011e-08,0.0,2.980231940746337e-08
0.5769037008046639,0.3383649587051826,0.9999999000000099,0.0,5.960463881492674e-08,0.0,8.940695822239011e-08
0.5777569412945883,0.3402684926404035,0.9999999000000099,0.0,1.1920927762985348e-07,0.0,8.940695822239011e-08
0.5793671607731289,0.3403159379376366,0.9999999000000099,0.0,1.1920927762985348e-07,0.0,8.940695822239011e-08
0.5820496082064894,0.34126409882423875,0.9999999000000099,0.0,1.1920927762985348e-07,0.0,2.980231940746337e-08
0.5837607383486305,0.34245842689372114,0.9999999000000099,0.0,1.1920927762985348e-07,0.0,8.940695822239011e-08
0.3160087466109077,0.04139524697548614,2.8610226631164835e-06,2.980231940746337e-08,0.9998932076965312,3.388523716628585e-05,1.1920927762985348e-07
0.2882383465647554,0.03797969221418441,2.9385086935758882e-05,0.0,0.9999996615814547,1.1026858180761447e-06,0.0
0.31140229104659956,0.04439935087397381,1.0788439625501739e-05,0.0,0.9999997807907323,2.5629994690418497e-06,0.0
0.3142695426810786,0.045526206485582,1.0281800195574863e-05,2.980231940746337e-08,0.9999996615814547,3.2484528154135075e-06,0.0
0.3241834342345469,0.046274751416865566,6.467103311419552e-06,2.980231940746337e-08,0.999999542372177,4.7385687857866755e-06,0.0
0.33196467159804,0.047967642537486324,4.678964146971749e-06,2.980231940746337e-08,0.9999994231628994,7.3611728936434526e-06,0.0
0.3378512859204586,0.04918998479000834,3.6060806483030677e-06,5.960463881492674e-08,0.9999990655350666,1.0907648903131594e-05,0.0
0.34501510857107137,0.0511633157642493,2.5629994690418497e-06,8.940695822239011e-08,0.9999984694886783,1.9401309934258653e-05,0.0
0.34766286610117414,0.05330300330202988,2.1457669973373625e-06,5.960463881492674e-08,0.9999973966051797,3.0457970434427562e-05,0.0
0.3544637560697646,0.056454479684699466,1.519918289780632e-06,1.7881391644478022e-07,0.9999944163732389,7.373093821406438e-05,0.0
0.3615155815928491,0.0665690898781274,9.536742210388278e-07,1.4901159703731684e-07,0.9999748660517077,0.0004509686972737357,0.0
0.3345520496229878,0.08784678576872525,8.642672628164378e-07,2.086162358522436e-07,0.9993645741548817,0.015675245148021138,0.0
0.2628924846540312,0.03425106405625354,2.8908249825239467e-06,0.0,0.9999065591356258,2.1964309403300505e-05,1.1920927762985348e-07
0.14141130446802141,0.017949104306008514,4.565715333223388e-05,0.0,0.9999988867211501,1.7881391644478022e-07,1.4901159703731684e-07
0.19008904694723747,0.03527319430700931,4.5329327818751785e-05,5.960463881492674e-08,0.9999999000000099,6.556510269641942e-07,5.960463881492674e-08
0.1872997879904438,0.03422898053536804,7.593630985021666e-05,2.980231940746337e-08,0.9999997807907323,5.66244068741804e-07,8.940695822239011e-08
0.1649673283031819,0.029053211207183273,5.942582489848196e-05,0.0,0.9999998403953712,4.172324717044872e-07,1.4901159703731684e-07
0.15107765793174774,0.02927920221781047,4.512071158289954e-05,1.1920927762985348e-07,0.9999997807907323,4.768371105194139e-07,1.7881391644478022e-07
0.145920395845093,0.030595839018351004,3.713368998169936e-05,1.4901159703731684e-07,0.9999998403953712,6.258487075567308e-07,2.086162358522436e-07
0.1404236555041341,0.03077676891753572,3.212690032124551e-05,8.940695822239011e-08,0.9999997807907323,7.152556657791209e-07,2.086162358522436e-07
0.139803171152048,0.03127160667837628,2.95340985327962e-05,1.4901159703731684e-07,0.9999997807907323,7.748603045940476e-07,2.682208746671703e-07
0.13662803172499438,0.0310805141872591,2.8163191840052885e-05,1.1920927762985348e-07,0.9999997211860935,8.344649434089744e-07,2.9802319407463367e-07
0.13855364918135082,0.03145840763507037,2.8014180243015567e-05,1.1920927762985348e-07,0.9999997807907323,8.046626240015109e-07,2.9802319407463367e-07
0.1422692239225605,0.031737655395795254,3.024935419857532e-05,8.940695822239011e-08,0.9999997211860935,8.046626240015109e-07,2.682208746671703e-07
0.3382471799710403,0.2917903661228258,0.0006537436785221165,8.940695822239011e-08,8.293985491097056e-05,0.9999994827675383,8.344649434089744e-07
0.3225923180446561,0.16631940004361806,1.3381241413951053e-05,0.0,5.364417493343406e-06,0.9999996615814547,1.2814997345209249e-06
0.33912414310958433,0.18688589331287772,5.57303372919565e-06,0.0,2.4735925108194595e-06,0.9999997807907323,4.529952549934432e-06
0.34839290379035287,0.17618343231045316,4.470347911119505e-06,0.0,1.5497206091880952e-06,0.9999998403953712,3.993510800600092e-06
0.3542088270040708,0.16729015109058623,4.112720078229945e-06,0.0,1.1920927762985347e-06,0.9999997807907323,3.457069051265751e-06
0.35587155817465627,0.16294008490633355,3.993510800600092e-06,0.0,1.1026858180761447e-06,0.9999998403953712,3.2484528154135075e-06
0.35748666523406813,0.1601831614696871,3.993510800600092e-06,0.0,9.536742210388278e-07,0.9999997211860935,3.039836579561264e-06
0.36036610601840324,0.1574769913880582,4.053115439415018e-06,0.0,9.238719016313645e-07,0.9999996615814547,2.8908249825239467e-06
0.3634681701509652,0.1552190184327411,4.142522397637409e-06,0.0,9.238719016313645e-07,0.9999997807907323,2.712011066079167e-06
0.367534399017374,0.15295016762975439,4.500150230526969e-06,0.0,9.238719016313645e-07,0.9999997807907323,2.324580913782143e-06
0.3725674748266444,0.15254068372021756,5.3942198127508695e-06,0.0,8.046626240015109e-07,0.9999996615814547,1.8775461226701922e-06
0.3775780796848353,0.16057035324208174,8.434056392312133e-06,0.0,7.748603045940476e-07,0.9999991847443441,1.2218950957059981e-06
0.4479882716947066,0.25128611917961197,5.316733782291465e-05,1.4901159703731684e-07,2.7805564007163326e-05,0.9999999000000099,6.377696353197161e-06
0.19674655794282667,0.17057132718026485,2.819299415946035e-05,0.0,1.609325248003022e-05,0.999999542372177,3.874301522970238e-07
0.25220060347466433,0.16373354193744769,8.85128886401662e-06,0.0,4.321336314082188e-06,0.9999996615814547,8.642672628164378e-07
0.25674426554570423,0.16767680642117797,8.67247494757184e-06,0.0,4.172324717044872e-06,0.9999997211860935,1.1026858180761447e-06
0.25311833619023305,0.16682288047794958,9.417532932758424e-06,0.0,4.202127036452335e-06,0.9999997807907323,1.0728834986686813e-06
0.24702766536643433,0.1613507568559923,1.0311602514982325e-05,0.0,4.261731675267262e-06,0.9999996615814547,8.046626240015109e-07
0.2374531328579807,0.15260985491046755,1.1563299930095787e-05,0.0,4.172324717044872e-06,0.999999542372177,5.66244068741804e-07
0.22224122284922646,0.14209201929520315,1.4126299399137637e-05,0.0,4.380940952897116e-06,0.9999991847443441,3.5762783288956044e-07
0.1936424672523424,0.12937650082280164,2.2113321000337822e-05,0.0,5.57303372919565e-06,0.9999980522562066,1.1920927762985348e-07
0.15063589810701325,0.11643937228116318,4.9471850216389196e-05,0.0,1.0251997876167399e-05,0.9999936415129344,2.980231940746337e-08
0.09758895635200765,0.11023372409840317,0.00013470648372173444,0.0,2.0384786474704945e-05,0.9999726010754327,8.940695822239011e-08
0.027910530566013475,0.1262319683812472,0.00027236339706480776,0.0,2.2083518680930358e-05,0.9997532560045937,1.1920927762985348e-07
0.689573407144603,0.41008582704197677,0.9999996615814547,3.367662093043361e-06,2.3841855525970696e-07,5.66244068741804e-07,2.5689599329233425e-05
0.5622217654949081,0.4341092704983276,0.9999999000000099,0.0,5.364417493343406e-07,0.0,8.940695822239011e-08
0.5799249410389139,0.3133740424573257,0.9999999000000099,0.0,2.086162358522436e-07,0.0,8.940695822239011e-08
0.5495926737557766,0.34232234948972223,0.9999999000000099,0.0,8.940695822239011e-08,0.0,5.960463881492674e-08
0.5776225328206254,0.33335912221922337,0.9999999000000099,0.0,1.4901159703731684e-07,0.0,8.940695822239011e-08
0.5757641792058952,0.3395555018797224,0.9999999000000099,0.0,5.960463881492674e-08,0.0,2.980231940746337e-08
0.5809078216312193,0.33663296693759587,0.9999999000000099,0.0,1.1920927762985348e-07,0.0,0.0
0.5817934274432555,0.3395551740541762,0.9999999000000099,0.0,1.1920927762985348e-07,0.0,2.980231940746337e-08
0.583700478052765,0.3410486876380574,0.9999999000000099,0.0,5.960463881492674e-08,0.0,8.940695822239011e-08
0.5856894254441928,0.34217542404037604,0.9999999000000099,0.0,1.1920927762985348e-07,0.0,8.940695822239011e-08
0.5874040722603754,0.3442229031927049,0.9999999000000099,0.0,1.1920927762985348e-07,0.0,8.940695822239011e-08
0.5904430150741229,0.34535783523367874,0.9999999000000099,0.0,1.1920927762985348e-07,0.0,8.940695822239011e-08
0.08607077598215378,0.03297784923942444,0.0003422796383947168,0.00039234753499925527,0.0,2.980231940746337e-08,0.9997475339592675
0.27278268336120226,0.09776514766926381,7.271765935421062e-06,5.66244068741804e-07,1.4901159703731684e-07,0.000940114165708432,0.9999423815235535
0.25115022062215353,0.06027978657643946,1.1205672097206226e-05,2.086162358522436e-07,3.2782551348209707e-06,6.41941960036761e-05,0.9999816609805325
0.28199297188544853,0.04654148220218977,8.344649434089744e-06,8.940695822239011e-08,1.2278555595874908e-05,3.0040737962723075e-05,0.9999827338640312
0.2977597713347163,0.04536092280564814,4.947185021638919e-06,1.7881391644478022e-07,3.07559936285022e-05,4.2647119072080084e-05,0.9999730779125432
0.28750818966628705,0.04279568790656653,1.8775461226701922e-06,1.7881391644478022e-07,0.00016194580366015596,8.699297035038557e-05,0.9998758031419973
0.14527770876282897,0.029895782465583918,1.4901159703731684e-07,4.4703479111195056e-07,0.2064540477769127,0.000533759540587669,0.5659062296490011
0.18752136825738713,0.03669509291020516,1.7464159172773534e-05,8.940695822239011e-08,0.9999805880970339,9.745358446240521e-06,1.2516974151134616e-06
0.3131735920776389,0.04742044209621955,9.980796769559483e-05,0.0,0.9999996615814547,6.3180917143822346e-06,2.980231940746337e-08
0.3532074391695633,0.041196614496806165,1.856684499084968e-05,2.980231940746337e-08,0.9999985290933172,1.7255542936921292e-05,0.0
0.35799229143567685,0.05200317501131312,1.2546776470542079e-05,8.940695822239011e-08,0.9999916149552147,6.237625451982083e-05,0.0
0.3606962263434781,0.05928882955489589,6.526707950234478e-06,8.940695822239011e-08,0.9999144269479493,0.0005311965411186271,0.0
0.43822211025330804,0.2555674612084504,7.122754338383745e-05,1.4901159703731684e-07,3.060698203146488e-05,0.9999999000000099,5.543231409788187e-06
0.45931527016645135,0.32944649452290237,0.0005950033069700061,5.960463881492674e-08,1.0550021070242033e-05,0.9999656869373301,5.960463881492674e-08
0.3929245471791644,0.28632110352381723,0.00836664354581245,0.0,2.65240642726424e-06,0.9924740990939597,0.0
0.3746533393704728,0.311073571390291,0.9995569779289762,3.874301522970238e-07,4.172324717044872e-07,0.00022557375559509026,0.0
0.7201376557051966,0.5079116820419339,0.9999999000000099,1.1920927762985348e-07,5.960463881492674e-08,0.0,0.0
0.7629979848545754,0.6226083039171303,0.9999999000000099,3.278255134820971e-07,1.1920927762985348e-07,0.0,0.0
0.7485330700564378,0.5578370093344104,0.9999999000000099,2.3841855525970696e-07,2.3841855525970696e-07,0.0,0.0
0.7150611281098868,0.4983288048844562,0.9999999000000099,1.1920927762985348e-07,8.940695822239011e-08,0.0,0.0
0.6530489921299412,0.47258436671747783,0.9999999000000099,0.0,1.4901159703731684e-07,0.0,0.0
0.617482185338201,0.4220217763654944,0.9999999000000099,0.0,1.7881391644478022e-07,0.0,0.0
0.6268519758918596,0.37215119593923485,0.9999999000000099,0.0,4.172324717044872e-07,0.0,8.940695822239011e-08
0.6343514919018335,0.35928347700642543,0.9999999000000099,0.0,9.536742210388278e-07,0.0,1.4901159703731684e-07
0.10741001367124209,0.0221224725208548,1.1026858180761447e-06,8.344649434089744e-07,0.9988670542346935,2.9683110129833516e-05,5.0693745312095194e-05
0.1474837958751644,0.028439581389325702,2.8073784881830496e-05,2.980231940746337e-08,0.9999994827675383,6.258487075567308e-07,2.9802319407463367e-07
0.2459758222001266,0.04760083555360138,4.276632834970993e-05,5.960463881492674e-08,0.9999999000000099,2.026557719707509e-06,0.0
0.257620513428511,0.04193666576621069,8.645652860105124e-05,0.0,0.9999998403953712,1.0728834986686813e-06,2.980231940746337e-08
0.2539591193093999,0.03680589794482363,8.943676054179758e-05,0.0,0.9999997807907323,6.258487075567308e-07,0.0
0.24672085045746572,0.03476724027992004,0.00010016559552848438,0.0,0.9999997807907323,5.066394299268773e-07,0.0
0.23334354161249962,0.03239199518602745,0.00011295079055428617,0.0,0.9999997807907323,4.172324717044872e-07,0.0
0.22151598333395192,0.031463563436842555,0.000113904464775325,0.0,0.9999999000000099,3.278255134820971e-07,5.960463881492674e-08
0.22106191515007179,0.03324198722270136,0.0001111328490704309,0.0,0.9999997807907323,4.768371105194139e-07,0.0
0.2243463694956389,0.03450676798229618,0.00011217593024969213,0.0,0.9999997807907323,5.364417493343406e-07,1.1920927762985348e-07
0.2211451232341748,0.03351420163534395,0.00011491774363517876,0.0,0.9999997807907323,4.768371105194139e-07,8.940695822239011e-08
0.20554500817401447,0.03059324621630372,0.0001108944305151712,0.0,0.9999997807907323,4.172324717044872e-07,2.980231940746337e-08
0.6731059550960296,0.40573537342753313,0.9999996615814547,3.039836579561264e-06,1.1920927762985348e-07,3.874301522970238e-07,2.1964309403300505e-05
0.5286674499292809,0.4449541269970962,0.9999999000000099,0.0,2.9802319407463367e-07,0.0,8.940695822239011e-08
0.5839239954706635,0.30842328066312946,0.9999999000000099,0.0,1.1920927762985348e-07,0.0,0.0
0.5414279699101369,0.34410226339170014,0.9999999000000099,0.0,8.940695822239011e-08,0.0,5.960463881492674e-08
0.579870581602881,0.32755643123739836,0.9999999000000099,0.0,8.940695822239011e-08,0.0,0.0
0.5742709040403992,0.34070056671030635,0.9999999000000099,0.0,0.0,0.0,2.980231940746337e-08
0.5826795696970944,0.3331409990217052,0.9999999000000099,0.0,1.1920927762985348e-07,0.0,0.0
0.5769439935445304,0.340647101343952,0.9999999000000099,0.0,8.940695822239011e-08,0.0,2.980231940746337e-08
0.5782925486325178,0.3410055636775698,0.9999999000000099,0.0,1.1920927762985348e-07,0.0,2.980231940746337e-08
0.5770292281865558,0.3430546223529849,0.9999999000000099,0.0,5.960463881492674e-08,0.0,0.0
0.5793958306072646,0.3437283038504434,0.9999999000000099,0.0,5.960463881492674e-08,0.0,0.0
0.5794471502064141,0.3448884784584753,0.9999999000000099,0.0,1.1920927762985348e-07,0.0,0.0
0.25199377535730233,0.11783927677044068,7.68899840712555e-06,8.940695822239011e-08,0.5445988825747187,0.37768747605952996,0.0
0.11533600091456624,0.0892570316638695,6.72042302638299e-05,0.0,0.0024051961877793312,0.9998467160782556,0.0
0.143351584666992,0.11715051529785658,2.3245809137821427e-05,0.0,9.655951488018132e-05,0.9999877406536917,0.0
0.1385996937694379,0.12264946100995819,2.273916970789455e-05,0.0,4.398822344541593e-05,0.9999886943279127,0.0
0.1157217323732142,0.12002217767567601,3.656744591295756e-05,0.0,5.1796431130171335e-05,0.9999774886558155,0.0
0.0755779743163285,0.11964216826297558,7.003545060753892e-05,0.0,8.517502886653031e-05,0.9999143077386717,0.0
0.04285341501058516,0.11107775567060056,0.0001288652291178716,0.0,0.00038367506005168345,0.9990697100066642,8.940695822239011e-08
0.0751399099795699,0.0814047753671489,0.00018563864758908933,0.0,0.047111148891485204,0.9416814100814317,2.980231940746337e-08
0.2632409334073737,0.06792068480282272,7.3611728936434526e-06,0.0,0.9976501063240091,0.0003614127274543083,0.0
0.2622777521501657,0.02521747350260937,6.347894033789698e-05,0.0,0.9999977542330126,4.172324717044872e-07,0.0
0.2600265145194148,0.03104382752840613,0.00011891125443577884,0.0,0.9999997807907323,4.768371105194139e-07,0.0
0.26979064940289105,0.03620499371862343,0.00012370942786038046,0.0,0.9999997807907323,8.046626240015109e-07,5.960463881492674e-08
0.35670188067866543,0.27769786114705897,0.9999997807907323,1.1920927762985348e-07,5.960463881492674e-08,0.0,3.5762783288956044e-07
0.6656716465674373,0.5164187549660448,0.9999999000000099,0.0,5.960463881492674e-08,0.0,0.0
0.6089150905356993,0.4040122925543388,0.9999999000000099,0.0,3.874301522970238e-07,0.0,2.980231940746337e-08
0.5902450084441871,0.3244428038041547,0.9999999000000099,0.0,2.9802319407463367e-07,0.0,1.4901159703731684e-07
0.5670477747682373,0.3713413476308103,0.9999999000000099,0.0,1.1920927762985348e-07,0.0,0.0
0.5591174363858448,0.3560088276253486,0.9999999000000099,0.0,1.4901159703731684e-07,0.0,0.0
0.5564175843962105,0.3630062341068469,0.9999999000000099,0.0,8.940695822239011e-08,0.0,8.940695822239011e-08
0.5528748631248422,0.35566860431302894,0.9999999000000099,0.0,1.4901159703731684e-07,0.0,2.980231940746337e-08
0.5544762611159564,0.35245758289023893,0.9999999000000099,0.0,1.4901159703731684e-07,0.0,5.960463881492674e-08
0.5512521266708995,0.35252067440672286,0.9999999000000099,0.0,5.960463881492674e-08,0.0,0.0
0.555228888965504,0.34902855747922024,0.9999999000000099,0.0,5.960463881492674e-08,0.0,0.0
0.554881632305057,0.34994128340450953,0.9999999000000099,0.0,5.960463881492674e-08,0.0,2.980231940746337e-08
0.5922549962752197,0.3854696153934362,0.9999996615814547,1.6093252480030219e-06,8.940695822239011e-08,1.4901159703731684e-07,1.0013579320907693e-05
0.5553012490042584,0.45546686641523315,0.9999999000000099,0.0,2.3841855525970696e-07,0.0,8.940695822239011e-08
0.581359386420019,0.32177680725309754,0.9999999000000099,0.0,1.4901159703731684e-07,0.0,2.980231940746337e-08
0.5584835409886848,0.3359722196480514,0.9999999000000099,0.0,8.940695822239011e-08,0.0,0.0
0.5840098857637813,0.33678501838639185,0.9999999000000099,0.0,1.1920927762985348e-07,0.0,0.0
0.5886791944260025,0.34133774036284614,0.9999999000000099,0.0,1.7881391644478022e-07,0.0,1.1920927762985348e-07
0.5935059785597138,0.3440536856062165,0.9999999000000099,0.0,1.1920927762985348e-07,0.0,8.940695822239011e-08
0.5971747636547767,0.3490504621861715,0.9999999000000099,0.0,1.1920927762985348e-07,0.0,2.980231940746337e-08
0.5966561436406075,0.3544988035548674,0.9999999000000099,0.0,1.7881391644478022e-07,0.0,2.980231940746337e-08
0.5959424972287414,0.3570114373549438,0.9999999000000099,0.0,1.4901159703731684e-07,0.0,2.980231940746337e-08
0.5972091555348107,0.3586736916881552,0.9999999000000099,0.0,1.7881391644478022e-07,0.0,2.980231940746337e-08
0.5982469916095968,0.35917240375090553,0.9999999000000099,0.0,2.3841855525970696e-07,0.0,2.980231940746337e-08
0.3670026659813547,0.0633902549635106,1.9073484420776557e-06,0.0,0.9993708326419573,0.00022786853418946493,0.0
0.22247695921930336,0.02478560804896323,9.42945386052141e-05,0.0,0.9999993039536218,2.086162358522436e-07,0.0
0.281477868545321,0.04144042729621815,3.382563252747093e-05,0.0,0.9999997807907323,1.2218950957059981e-06,0.0
0.28848269580600194,0.04225909709206796,3.5077329942584386e-05,0.0,0.9999998403953712,1.4007090121507783e-06,0.0
0.2741788029557184,0.037636488669626475,5.254148911535792e-05,0.0,0.9999998403953712,8.344649434089744e-07,0.0
0.26623344420284306,0.03638234733912224,6.645917227864332e-05,0.0,0.9999998403953712,6.258487075567308e-07,0.0
0.2580551504981951,0.03533908724179722,8.305906418860042e-05,0.0,0.9999997807907323,5.960463881492673e-07,0.0
0.2472430169479989,0.033778905862746136,0.00010132788598537545,0.0,0.9999997807907323,4.768371105194139e-07,2.980231940746337e-08
0.23016151784897476,0.03130486607015526,0.00011712311527133104,0.0,0.9999997211860935,3.5762783288956044e-07,2.980231940746337e-08
0.21771159767203058,0.030868768686730785,0.00011515616219043845,0.0,0.9999999000000099,3.278255134820971e-07,0.0
0.20222333072778667,0.02987790107215436,0.00010752676842212784,0.0,0.9999999000000099,3.278255134820971e-07,8.940695822239011e-08
0.18856030701810156,0.02969554066149528,9.387730613350961e-05,0.0,0.9999997807907323,3.278255134820971e-07,5.960463881492674e-08
0.09173029660798754,0.03232601284427239,0.0002716779437184361,0.00027632710554600036,0.0,1.1920927762985348e-07,0.9998059465053062
0.23598256706214316,0.06265011428713892,3.7908550286293404e-05,5.364417493343406e-07,2.086162358522436e-07,3.540515545606648e-05,0.9999875022351364
0.2305389642619993,0.0446864664478077,3.8951631465554624e-05,2.682208746671703e-07,1.1026858180761447e-06,7.3611728936434526e-06,0.9999935223036568
0.2608608603369461,0.04453000425529909,1.761317076981085e-05,1.7881391644478022e-07,3.7550922453403844e-06,1.406669476032271e-05,0.9999900056299666
0.262028694141982,0.04131680726297516,1.901387978196163e-05,2.086162358522436e-07,4.887580382823993e-06,9.626149168610668e-06,0.9999909593041877
0.26400613783696847,0.039851963513225994,1.919269369840641e-05,1.1920927762985348e-07,4.708766466379212e-06,7.987021601200183e-06,0.9999907208856325
0.26009237765188886,0.03842833637533195,2.247094883322738e-05,1.7881391644478022e-07,3.6656852871179947e-06,5.722045326232967e-06,0.9999911381181041
0.2573002874744684,0.037640362971536216,2.4795529747009523e-05,1.7881391644478022e-07,2.8014180243015566e-06,4.649161827564286e-06,0.9999911977227429
0.25553160904779915,0.037261664861020616,2.6434657314420008e-05,1.7881391644478022e-07,2.2947785943746796e-06,4.053115439415018e-06,0.9999909593041877
0.2540306448831274,0.036932200187081064,2.7805564007163326e-05,2.3841855525970696e-07,1.9073484420776557e-06,3.546476009488141e-06,0.99999084009491
0.24911901353758187,0.03593423961977758,3.2305714237690296e-05,2.086162358522436e-07,1.4603136509657052e-06,2.712011066079167e-06,0.9999913765366594
0.2455357611077681,0.03538370131840396,3.576278328895604e-05,2.3841855525970696e-07,1.1622904568910714e-06,2.264976274967216e-06,0.999991495745937
0.29512548445433223,0.02995043992483359,7.063149699568818e-06,4.172324717044872e-07,0.019854901235640245,3.531574849784409e-05,0.9890231693204918
0.5476515292894568,0.05896371602002419,4.4703479111195056e-07,2.980231940746337e-08,0.9999211026674966,0.0028539595134169145,1.5705822327733197e-05
0.3227888345584724,0.044210672370969616,8.31484711468228e-06,2.980231940746337e-08,0.9999957276752929,4.291533994674725e-06,0.0
0.28012013434203853,0.032601475710054686,8.589028453230944e-05,0.0,0.999999542372177,7.748603045940476e-07,0.0
0.30031326411911075,0.03881984948447206,4.175304948985618e-05,0.0,0.9999996615814547,1.698732206225412e-06,0.0
0.3094134628644614,0.04105588793051557,3.260373743176492e-05,0.0,0.9999996615814547,2.5629994690418497e-06,0.0
0.3281656801564706,0.04335388540479248,1.4692543467879441e-05,2.980231940746337e-08,0.9999994231628994,5.57303372919565e-06,0.0
0.33739876745734254,0.0457191467206869,9.655951488018132e-06,0.0,0.9999988867211501,9.983777001500229e-06,0.0
0.3511545657966167,0.04891696571466141,5.2750105351210165e-06,1.7881391644478022e-07,0.999997277395902,2.8103587201237956e-05,0.0
0.36626243589791985,0.05983269213605581,2.592801788449313e-06,1.1920927762985348e-07,0.9999830914918642,0.0002637505267560508,0.0
0.33249977229648886,0.08850276468668848,2.413987872004533e-06,1.1920927762985348e-07,0.9989743425845603,0.025043842672312508,0.0
0.10910907387281663,0.0939391851264314,0.0002368390323311114,0.0,0.04140504780613523,0.9996805383452395,0.0
0.43777981398677057,0.31923216575878227,0.9999996615814547,3.278255134820971e-07,8.940695822239011e-08,0.0,1.132488137483608e-06
0.6399948596689338,0.4813291727672347,0.9999999000000099,0.0,1.4901159703731684e-07,0.0,0.0
0.6038649677980239,0.3691078721844917,0.9999999000000099,0.0,2.3841855525970696e-07,0.0,2.980231940746337e-08
0.5752908587217535,0.32684102648860425,0.9999999000000099,0.0,2.3841855525970696e-07,0.0,8.940695822239011e-08
0.575566589808473,0.35362717503214375,0.9999999000000099,0.0,1.1920927762985348e-07,0.0,2.980231940746337e-08
0.5722295641662162,0.3415791987787899,0.9999999000000099,0.0,1.7881391644478022e-07,0.0,8.940695822239011e-08
0.5765326618909525,0.34307682508315995,0.9999999000000099,0.0,5.960463881492674e-08,0.0,0.0
0.5772551297902451,0.33944493526368297,0.9999999000000099,0.0,1.1920927762985348e-07,0.0,8.940695822239011e-08
0.580662250494755,0.3384174703972207,0.9999999000000099,0.0,5.960463881492674e-08,0.0,8.940695822239011e-08
0.5822508334872428,0.3380588292496686,0.9999999000000099,0.0,5.960463881492674e-08,0.0,2.980231940746337e-08
0.5865871906037625,0.33806866401605484,0.9999999000000099,0.0,5.960463881492674e-08,0.0,2.980231940746337e-08
0.588667511915627,0.33946707838921325,0.9999999000000099,0.0,1.7881391644478022e-07,0.0,8.940695822239011e-08
0.3276243209703205,0.03205573558258466,1.0579823389649495e-05,3.278255134820971e-07,0.005214034989613346,3.108381914198429e-05,0.9971064524133781
0.3128204047550369,0.04004716872483197,9.536742210388278e-07,1.1920927762985348e-07,0.03574773311765528,7.417797300517633e-05,0.9922560653251746
0.07857307791384546,0.03214111923621079,1.4901159703731684e-07,2.324580913782143e-06,0.8167502063346229,0.0002183615942984841,0.07003282800343107
0.03365638851980082,0.036319464438894965,8.642672628164378e-07,1.6391275674104854e-05,0.9859640804425933,5.2809709990025094e-05,0.0016568003428191111
0.035471826790294494,0.04531076549707824,6.258487075567308e-07,2.9325482296943957e-05,0.9743173936227955,0.00013816355277300018,0.006955712338104913
0.040326118467568464,0.047821611157811625,2.9802319407463367e-07,3.281235366761717e-05,0.8389221782995546,0.00024113056632578612,0.026242849586713576
0.049153774974694996,0.04659563302195893,1.7881391644478022e-07,2.396106480360055e-05,0.38617726278913406,0.00026154515511989855,0.09395529880339895
0.06292611360289364,0.04505622386160852,2.086162358522436e-07,1.4513729551434662e-05,0.06715797706410952,0.00020223853949904644,0.3555728437571382
0.09267717599485019,0.04413262008864961,3.5762783288956044e-07,6.1690801173449175e-06,0.004744201424154686,9.787081693410971e-05,0.8856033989312677
0.16093724965382789,0.04257732629046927,1.5795229285955586e-06,1.4603136509657052e-06,0.0001335739955842508,2.0921228224039285e-05,0.9975513414374927
0.23714837430925675,0.03717038034756274,1.1980532401800274e-05,3.874301522970238e-07,4.7385687857866755e-06,2.413987872004533e-06,0.9999388648498635
0.23578837512947298,0.031011372799331485,3.9428468576074036e-05,3.5762783288956044e-07,8.344649434089744e-07,5.066394299268773e-07,0.9999841643753627
0.2994711995000813,0.03857645391757343,2.9504296213388737e-06,2.980231940746337e-08,0.9999053670428495,2.777576168775586e-05,8.940695822239011e-08
0.12573522328809802,0.016317456957883978,3.8862224507332235e-05,0.0,0.9999979926515679,1.4901159703731684e-07,2.3841855525970696e-07
0.16006076335244207,0.03023466467339637,3.156065625250371e-05,0.0,0.9999997807907323,5.66244068741804e-07,1.7881391644478022e-07
0.13630145787628356,0.02949398755522181,3.5673376330733654e-05,5.960463881492674e-08,0.9999997807907323,5.66244068741804e-07,2.086162358522436e-07
0.0515916645505523,0.031674176449120336,5.03659197986131e-06,2.324580913782143e-06,0.9999904824670772,3.6656852871179947e-06,1.7374752214551145e-05
0.03551420569272804,0.05732953547449714,3.5762783288956044e-07,6.294249858856264e-05,0.992967387084792,0.00017195938298106365,0.006576895056116646
0.07782137393629175,0.058888226737429085,1.1920927762985348e-07,2.476572742760206e-05,0.1321016715985639,0.00020042059801519117,0.5271242329855137
0.19321337341462214,0.045147091142553046,2.2947785943746796e-06,1.7881391644478022e-06,6.005167360603869e-05,5.0067896604538464e-06,0.9990924789786915
0.22544983028432003,0.03348666428946244,2.193450708389304e-05,7.152556657791209e-07,1.0132788598537545e-06,3.278255134820971e-07,0.9999656869373301
0.2078293859872591,0.03057646750880232,3.987550336718599e-05,9.238719016313645e-07,2.086162358522436e-07,2.086162358522436e-07,0.9999851180495838
0.20640274881461923,0.031497567886681094,5.3256744781137045e-05,8.344649434089744e-07,5.960463881492674e-08,2.3841855525970696e-07,0.9999882174908022
0.20961606501664987,0.03255021571555663,6.17504058122641e-05,6.258487075567308e-07,1.1920927762985348e-07,3.278255134820971e-07,0.9999890519557456
0.18328058718876086,0.630848884474496,3.069638898968727e-06,0.9999999000000099,5.960463881492674e-08,5.960463881492674e-08,0.0
0.16880598663584764,0.4447922705842363,5.960463881492674e-08,0.9999999000000099,0.0,1.645088031291978e-05,5.960463881492674e-08
0.18304798006253453,0.5337415336648608,0.0,0.9999999000000099,0.0,1.406669476032271e-05,1.1920927762985348e-07
0.175679743282673,0.5959879158906828,0.0,0.9999999000000099,0.0,1.2516974151134616e-05,2.980231940746337e-08
0.17857643961166988,0.6054958700096906,0.0,0.9999999000000099,0.0,1.1563299930095787e-05,2.980231940746337e-08
0.18161070346080266,0.606187999144704,0.0,0.9999999000000099,0.0,1.123547441661369e-05,8.940695822239011e-08
0.18360170721247498,0.6063811181937432,5.960463881492674e-08,0.9999999000000099,0.0,1.1324881374836081e-05,2.980231940746337e-08
0.18504822253414666,0.6062828301345253,0.0,0.9999999000000099,0.0,1.1712311527133104e-05,0.0
0.18623012303534892,0.6059073208725047,0.0,0.9999999000000099,0.0,1.2397764873504761e-05,8.940695822239011e-08
0.1872409582060529,0.6053464411652644,0.0,0.9999999000000099,0.0,1.3202427497506273e-05,2.980231940746337e-08
0.18814492224867907,0.6047695874132268,0.0,0.9999999000000099,0.0,1.4185904037952563e-05,2.980231940746337e-08
0.1889993846338213,0.6039721964755582,0.0,0.9999999000000099,0.0,1.5407799133658562e-05,2.980231940746337e-08
0.43270072339173554,0.3164641856605319,0.9999997211860935,2.682208746671703e-07,0.0,0.0,1.1622904568910714e-06
0.6475930809706517,0.46854212872111495,0.9999999000000099,0.0,1.4901159703731684e-07,0.0,2.980231940746337e-08
0.5991187691440456,0.36409005516493465,0.9999999000000099,0.0,3.5762783288956044e-07,0.0,2.980231940746337e-08
0.5730271339179226,0.32230615610325714,0.9999999000000099,0.0,1.4901159703731684e-07,0.0,0.0
0.5786744355915779,0.34770023816830575,0.9999999000000099,0.0,1.7881391644478022e-07,0.0,1.1920927762985348e-07
0.5770601033925481,0.3379969000237576,0.9999999000000099,0.0,1.7881391644478022e-07,0.0,0.0
0.5769906043767429,0.34086790675048456,0.9999999000000099,0.0,5.960463881492674e-08,0.0,8.940695822239011e-08
0.5753952860593956,0.33924514049443005,0.9999999000000099,0.0,1.4901159703731684e-07,0.0,8.940695822239011e-08
0.5737864970923297,0.340360522211921,0.9999999000000099,0.0,5.960463881492674e-08,0.0,0.0
0.5736057758093781,0.3401327132596284,0.9999999000000099,0.0,8.940695822239011e-08,0.0,2.980231940746337e-08
0.5730618238211804,0.3412032126796111,0.9999999000000099,0.0,8.940695822239011e-08,0.0,2.980231940746337e-08
0.5724475383521507,0.3419997095476083,0.9999999000000099,0.0,1.4901159703731684e-07,0.0,0.0
0.44885405896235575,0.32532387966307363,0.9999996615814547,4.172324717044872e-07,8.940695822239011e-08,2.980231940746337e-08,1.370906692743315e-06
0.6334647536015467,0.4688093363435973,0.9999999000000099,0.0,1.4901159703731684e-07,0.0,5.960463881492674e-08
0.6031600236642946,0.36208158725260464,0.9999999000000099,0.0,2.682208746671703e-07,0.0,1.7881391644478022e-07
0.5690673589470783,0.32837313407997093,0.9999999000000099,0.0,1.4901159703731684e-07,0.0,0.0
0.5790100693462943,0.34941238158918564,0.9999999000000099,0.0,1.1920927762985348e-07,0.0,1.1920927762985348e-07
0.575195670104051,0.3399443625821704,0.9999999000000099,0.0,1.1920927762985348e-07,0.0,8.940695822239011e-08
0.579794168448282,0.3406046926392015,0.9999999000000099,0.0,5.960463881492674e-08,0.0,2.980231940746337e-08
0.5813542604205685,0.3378812074082684,0.9999999000000099,0.0,1.7881391644478022e-07,0.0,2.980231940746337e-08
0.5812600254771826,0.33887517446437254,0.9999999000000099,0.0,1.4901159703731684e-07,0.0,2.980231940746337e-08
0.582909882044497,0.3384240269081449,0.9999999000000099,0.0,1.7881391644478022e-07,0.0,2.980231940746337e-08
0.5840210914369987,0.3397907018079658,0.9999999000000099,0.0,1.7881391644478022e-07,0.0,2.980231940746337e-08
0.5856829881425573,0.3407132624996413,0.9999999000000099,0.0,1.1920927762985348e-07,0.0,1.1920927762985348e-07
0.2232213020232276,0.03341642021560667,5.030631515979817e-05,5.7816499650478935e-06,1.069903266727935e-05,1.5795229285955586e-06,0.9998287154773334
0.31730264423963833,0.05562123655320457,3.367662093043361e-06,1.1920927762985348e-07,3.4630295151472434e-05,0.00011450051116347426,0.9999590112177829
0.2894522845625231,0.04817888139853414,2.74181338548663e-06,1.1920927762985348e-07,9.06288533180961e-05,6.896256710887023e-05,0.9999466134529094
0.2622830271612281,0.04282256960135562,8.642672628164378e-07,1.1920927762985348e-07,0.000720471071675427,0.00013914702931344647,0.9995014264056007
0.11561653017519,0.03092744945950211,1.4901159703731684e-07,8.642672628164378e-07,0.5269974539187543,0.00043076272471547557,0.2004458107774099
0.11926725506288673,0.03141748904643907,1.2010334721207738e-05,2.086162358522436e-07,0.9999643756352763,5.900859242677747e-06,4.053115439415018e-06
0.21011912821853332,0.03614130615569183,0.00014072655224204203,0.0,0.9999997211860935,1.996755400300046e-06,2.9802319407463367e-07
0.2436860799688524,0.036357223981353715,0.00034323331261575563,0.0,0.9999998403953712,1.1920927762985347e-06,2.086162358522436e-07
0.23674505948040078,0.03055655955745075,0.0004614889160245703,0.0,0.9999997807907323,6.258487075567308e-07,1.7881391644478022e-07
0.217155933371135,0.026716291899874695,0.00045531983590722536,0.0,0.9999997807907323,3.874301522970238e-07,1.1920927762985348e-07
0.19021394848035914,0.02424675225796358,0.0003690421212226189,0.0,0.9999997807907323,3.5762783288956044e-07,2.086162358522436e-07
0.15908756851491218,0.022788256402881908,0.0002439021820306802,0.0,0.9999997211860935,3.5762783288956044e-07,5.066394299268773e-07
0.5802457928417265,0.38278204196097404,0.9999996019768158,1.5497206091880952e-06,8.940695822239011e-08,1.7881391644478022e-07,8.016823920607646e-06
0.5817970037219418,0.4090807735219462,0.9999999000000099,0.0,2.9802319407463367e-07,0.0,8.940695822239011e-08
0.5682499408486624,0.3341255187416141,0.9999999000000099,0.0,1.7881391644478022e-07,0.0,2.980231940746337e-08
0.5316935181397574,0.3523826002471243,0.9999999000000099,0.0,1.7881391644478022e-07,0.0,0.0
0.568215131736115,0.34143200510854227,0.9999999000000099,0.0,8.940695822239011e-08,0.0,0.0
0.5464963912737575,0.3591383694987446,0.9999999000000099,0.0,5.960463881492674e-08,0.0,2.980231940746337e-08
0.5587286948926358,0.3434511720546077,0.9999999000000099,0.0,8.940695822239011e-08,0.0,0.0
0.5508586764107534,0.3548653721201733,0.9999999000000099,0.0,2.980231940746337e-08,0.0,0.0
0.5557494759329508,0.3484539687036839,0.9999999000000099,0.0,5.960463881492674e-08,0.0,5.960463881492674e-08
0.5562447905310137,0.35050788515764736,0.9999999000000099,0.0,2.980231940746337e-08,0.0,2.980231940746337e-08
0.5565269589193688,0.349891155898262,0.9999999000000099,0.0,5.960463881492674e-08,0.0,5.960463881492674e-08
0.5484118461381802,0.3544682263721029,0.9999999000000099,0.0,0.0,0.0,5.960463881492674e-08
0.22709873317731816,0.026734739537429518,3.6060806483030677e-06,5.364417493343406e-07,0.1589380045739577,4.243850283622784e-05,0.8740656693912235
0.28058856724530895,0.03456795215014764,2.324580913782143e-06,2.980231940746337e-08,0.9999178244123618,2.3305413776636355e-05,0.00011110304675102345
0.25730246304400267,0.04610186814472415,4.130601469874423e-05,0.0,0.9999997211860935,2.9206273019314104e-06,1.1920927762985348e-07
0.2482452690498556,0.0362545251784233,0.00018391011306345646,0.0,0.9999999000000099,6.854533463716575e-07,8.940695822239011e-08
0.23650941251729102,0.03151246904787239,0.0001926421926498432,0.0,0.9999997807907323,4.4703479111195056e-07,8.940695822239011e-08
0.23126009105678452,0.03151088952478611,0.00019893048204481798,0.0,0.9999998403953712,4.768371105194139e-07,1.1920927762985348e-07
0.2203374802975017,0.030170887703497625,0.00020116565600037775,0.0,0.9999997807907323,3.874301522970238e-07,5.960463881492674e-08
0.20317381619565808,0.02834242581835845,0.00018528101975619977,0.0,0.9999997807907323,3.5762783288956044e-07,0.0
0.18941903113534506,0.02820733189099816,0.00016018746681511562,0.0,0.9999997807907323,3.874301522970238e-07,5.960463881492674e-08
0.17057397960910206,0.027131676669243265,0.00012800096185505518,0.0,0.9999997807907323,4.172324717044872e-07,1.1920927762985348e-07
0.14826023578029887,0.026144206519418456,8.925794662535279e-05,0.0,0.9999997211860935,4.4703479111195056e-07,3.5762783288956044e-07
0.12130817770455636,0.026122659440335844,5.137919865846685e-05,1.4901159703731684e-07,0.9999996615814547,6.258487075567308e-07,8.642672628164378e-07
0.11021691560288856,0.03146207332072343,0.00015437601453066024,0.00012770293866098053,1.4901159703731684e-07,8.940695822239011e-08,0.999859471470962
0.26947128771619777,0.06821915506148438,1.0788439625501739e-05,3.278255134820971e-07,1.132488137483608e-06,0.00013759730870425838,0.9999773694465379
0.2560689747227494,0.04754874109407661,1.6599891909957096e-05,2.086162358522436e-07,4.887580382823993e-06,1.8954275143146702e-05,0.9999898268160502
0.2674162983783617,0.04242250322569171,1.5228985217213781e-05,1.4901159703731684e-07,7.063149699568818e-06,1.272559038698686e-05,0.9999897672114114
0.25977301596519553,0.03922358154578904,2.0980832862854213e-05,1.7881391644478022e-07,4.887580382823993e-06,6.884335783124038e-06,0.9999915553505758
0.24958243965069135,0.03670781850186253,2.9653307810426052e-05,2.3841855525970696e-07,2.712011066079167e-06,3.6656852871179947e-06,0.9999927474433521
0.23938149212799667,0.0350312888562298,3.9845701047778526e-05,2.682208746671703e-07,1.4603136509657052e-06,2.264976274967216e-06,0.9999935819082956
0.23304858802784081,0.03437232970602831,4.708766466379212e-05,2.9802319407463367e-07,8.046626240015109e-07,1.7285345256328755e-06,0.999993760722212
0.23095273970601293,0.03443658351308518,4.976987341046383e-05,2.682208746671703e-07,6.854533463716575e-07,1.4305113315582417e-06,0.9999935223036568
0.23038414119720163,0.034532815212058574,5.0723547631502654e-05,2.9802319407463367e-07,6.258487075567308e-07,1.4603136509657052e-06,0.9999932242804627
0.2334052026175172,0.035113722079940055,4.726647858023691e-05,2.682208746671703e-07,5.364417493343406e-07,1.6391275674104854e-06,0.9999926282340745
0.2336942851446659,0.034907490009052515,4.7445292496681685e-05,2.9802319407463367e-07,5.66244068741804e-07,1.519918289780632e-06,0.9999922706062416
0.42513209579614747,0.2583796083484718,9.262560871839615e-05,1.4901159703731684e-07,3.412365572154556e-05,0.9999999000000099,4.470347911119505e-06
0.233026623716242,0.17311820384875878,1.7374752214551145e-05,0.0,1.0937451222539056e-05,0.9999997211860935,8.642672628164378e-07
0.26344799994331486,0.17315509912386845,8.076428559422574e-06,0.0,3.844499203562775e-06,0.9999997807907323,1.4603136509657052e-06
0.26972973345593315,0.17765006419954527,7.86781232357033e-06,0.0,3.725289925932921e-06,0.9999997211860935,1.847743803262729e-06
0.2619789242635966,0.17435932156438183,8.94069582223901e-06,0.0,3.874301522970238e-06,0.9999996615814547,1.5795229285955586e-06
0.2516798972979281,0.16518098113092541,1.0162590917945008e-05,0.0,3.993510800600092e-06,0.9999997211860935,1.043081179261218e-06
0.23625025152181836,0.15149763223914922,1.2069939360022665e-05,0.0,4.023313120007555e-06,0.9999994827675383,6.258487075567308e-07
0.20937177538004803,0.13582587239800648,1.743435685336607e-05,0.0,4.589557188749359e-06,0.9999987079072337,2.086162358522436e-07
0.16848629712360808,0.12119129298042272,3.540515545606648e-05,0.0,7.4803821712733056e-06,0.9999962045124035,1.4901159703731684e-07
0.11864495276913503,0.11070165036213224,9.545682906210517e-05,0.0,1.618265943825261e-05,0.9999842835846404,2.980231940746337e-08
0.04781466722290414,0.11999368665547826,0.00022295115148723347,8.940695822239011e-08,1.8388031074404898e-05,0.9999133540644507,0.0
0.01805940270349109,0.10277041791109777,0.0005712806607216654,2.980231940746337e-08,0.0002884268472254305,0.9954229789946893,1.3411043733358516e-06
0.14902234076836546,0.02528226375146913,1.6689298868179488e-06,2.682208746671703e-07,0.9996924592730025,2.1696088528633335e-05,4.589557188749359e-06
0.22130963205374804,0.036931872361534855,5.5074686264992304e-05,0.0,0.9999998403953712,8.642672628164378e-07,0.0
0.29216122626048524,0.049590557805152764,2.8550621992349908e-05,0.0,0.9999997807907323,2.5331971496343865e-06,0.0
0.2603720426451634,0.03613203763343085,7.686018175184803e-05,0.0,0.9999998403953712,5.66244068741804e-07,0.0
0.23507231472949347,0.030924856657454824,0.0001015365022212277,0.0,0.9999997807907323,2.682208746671703e-07,0.0
0.20897045730679195,0.028387069697287572,0.00010308622283041579,0.0,0.9999999000000099,2.086162358522436e-07,8.940695822239011e-08
0.1746061742233455,0.025663107629196272,7.56680889755495e-05,0.0,0.9999998403953712,2.3841855525970696e-07,1.4901159703731684e-07
0.1434270739495969,0.02544149755995932,4.5865769568086125e-05,8.940695822239011e-08,0.9999998403953712,3.278255134820971e-07,1.4901159703731684e-07
0.1153189241838388,0.027597069735569822,2.3841855525970695e-05,1.7881391644478022e-07,0.9999996615814547,6.258487075567308e-07,5.960463881492673e-07
0.05503448843728108,0.03445720672017393,4.529952549934432e-06,2.682208746671703e-06,0.9999915553505758,5.3942198127508695e-06,1.8805263546109385e-05
0.031671106814026705,0.05150109528613359,5.66244068741804e-07,5.42700236409908e-05,0.9981067374619702,9.405612004995439e-05,0.0016020534820676009
0.05056670307903713,0.05845761298132301,1.1920927762985348e-07,5.245208215713553e-05,0.7435784788419202,0.0003291666178554329,0.060396307627666596
0.11066967248458368,0.0223919451198382,1.1026858180761447e-06,7.748603045940476e-07,0.9990396692687015,2.8520819672942444e-05,3.811716652214565e-05
0.06657168268881751,0.02240610122296993,8.553265669941988e-06,4.4703479111195056e-07,0.9999821378176431,7.748603045940476e-07,6.228684756159844e-06
0.19463664292483238,0.04027757047917179,1.1354683694243543e-05,1.7881391644478022e-07,0.9999997807907323,2.5033948302269232e-06,2.3841855525970696e-07
0.24890244006079945,0.04773935674803567,6.580352125167911e-05,2.980231940746337e-08,0.9999999000000099,1.7583368450403388e-06,2.980231940746337e-08
0.22699415682806406,0.03349766134642162,0.00011172889545858017,0.0,0.9999997807907323,4.4703479111195056e-07,2.980231940746337e-08
0.20229330658075007,0.02887347340089386,0.00010368226921856506,0.0,0.9999997807907323,2.9802319407463367e-07,2.980231940746337e-08
0.1728999912667206,0.026555538172942993,7.757543741762715e-05,0.0,0.9999998403953712,2.682208746671703e-07,1.4901159703731684e-07
0.1381158530654937,0.02507787942456931,4.467367679178759e-05,2.980231940746337e-08,0.9999997807907323,3.278255134820971e-07,2.086162358522436e-07
0.09447830915059836,0.02789083122729503,1.680850814580934e-05,2.682208746671703e-07,0.9999993039536218,9.238719016313645e-07,1.5795229285955586e-06
0.034902274607166835,0.04133871196992636,1.519918289780632e-06,1.654028727114217e-05,0.9998662663997868,2.6434657314420008e-05,0.00024047491529882194
0.0372011363490913,0.057799667110082525,2.3841855525970696e-07,7.078050859272551e-05,0.9787811850236453,0.00022542474399805292,0.009298532271364424
0.06363505124782277,0.05445861815473727,1.1920927762985348e-07,3.1888481765985805e-05,0.2313309378559046,0.000263184282687309,0.21830735407716254
0.527498841263863,0.3644374012323038,0.9999996019768158,8.940695822239011e-07,0.0,8.940695822239011e-08,4.887580382823993e-06
0.545603036857901,0.44990754119798443,0.9999999000000099,0.0,1.1920927762985348e-07,0.0,0.0
0.5603850483662305,0.3234825133723428,0.9999999000000099,0.0,1.1920927762985348e-07,0.0,8.940695822239011e-08
0.545068621612867,0.3356067537686737,0.9999999000000099,0.0,1.4901159703731684e-07,0.0,0.0
0.578507482981569,0.3313811718850131,0.9999999000000099,0.0,1.4901159703731684e-07,0.0,0.0
0.5770272016286334,0.34342083329042217,0.9999999000000099,0.0,2.086162358522436e-07,0.0,1.1920927762985348e-07
0.5878213643784306,0.33518657082540154,0.9999999000000099,0.0,1.1920927762985348e-07,0.0,8.940695822239011e-08
0.5858997106309516,0.34443113201919207,0.9999999000000099,0.0,1.1920927762985348e-07,0.0,8.940695822239011e-08
0.5893712043518161,0.3457785844210762,0.9999999000000099,0.0,1.1920927762985348e-07,0.0,2.980231940746337e-08
0.5904781222098942,0.3488414883016247,0.9999999000000099,0.0,1.7881391644478022e-07,0.0,8.940695822239011e-08
0.5914812683814223,0.35154438012779154,0.9999999000000099,0.0,1.7881391644478022e-07,0.0,2.980231940746337e-08
0.592916905855423,0.35291033977187525,0.9999999000000099,0.0,2.086162358522436e-07,0.0,0.0
0.1815522611066028,0.5968597530296631,2.1457669973373625e-06,0.9999999000000099,2.980231940746337e-08,5.960463881492674e-08,0.0
0.12691193818520508,0.3321178852943108,8.940695822239011e-08,0.9999999000000099,0.0,3.367662093043361e-06,0.0
0.1555758714611483,0.7971640823906582,1.1920927762985348e-07,0.9999996615814547,0.0,1.9073484420776557e-06,1.4901159703731684e-07
0.25356668232821494,0.6932868956332381,0.32662954640427555,0.0013194082848072184,0.0,7.152556657791209e-07,0.10042061397565405
0.18105515836919664,0.1638851761537303,5.0067896604538464e-05,7.390975213050916e-06,0.0,8.946656286120503e-05,0.9994416429528693
0.13844025134467033,0.06601235269369819,0.00041422243744433337,2.1159646779298993e-06,0.0,7.748603045940476e-07,0.9999820782130042
0.15957328676516672,0.04508584737005682,9.217857392728421e-05,3.0100342601538e-06,0.0,3.5762783288956044e-07,0.9999879790722469
0.16900745033518014,0.03865444659524868,0.00014272330764234208,1.4305113315582417e-06,0.0,2.086162358522436e-07,0.9999910785134654
0.1775819063113113,0.03516709803932728,0.00010597704781293974,1.2814997345209249e-06,0.0,2.9802319407463367e-07,0.99999185337377
0.18780928849396275,0.03433308004745044,0.00010359286226034267,9.536742210388278e-07,0.0,2.682208746671703e-07,0.9999915553505758
0.19952437280782395,0.034560888999742974,9.053944635987371e-05,7.152556657791209e-07,8.940695822239011e-08,3.278255134820971e-07,0.9999906016763548
0.21493938564364196,0.0358376502929356,7.113813642561506e-05,4.4703479111195056e-07,0.0,6.854533463716575e-07,0.9999885751186351
0.17155098914389744,0.4997436403372474,7.748603045940476e-07,0.9999999000000099,5.960463881492674e-08,0.0,0.0
0.1673728227546051,0.44594833247177945,2.980231940746337e-08,0.9999999000000099,0.0,9.417532932758424e-06,0.0
0.17933371662350986,0.49163290849850255,0.0,0.9999999000000099,0.0,8.642672628164377e-06,5.960463881492674e-08
0.17732116579275214,0.554062306786076,8.940695822239011e-08,0.9999999000000099,0.0,9.953974682092765e-06,5.960463881492674e-08
0.177677124731336,0.564387559794104,0.0,0.9999999000000099,0.0,1.0102986279130082e-05,5.960463881492674e-08
0.1794897019788806,0.5669665335638041,2.980231940746337e-08,0.9999999000000099,0.0,1.0132788598537546e-05,5.960463881492674e-08
0.18095013498510676,0.5682758091907161,5.960463881492674e-08,0.9999999000000099,0.0,1.034140483438979e-05,0.0
0.18204003571710203,0.5687589048365379,0.0,0.9999999000000099,0.0,1.069903266727935e-05,8.940695822239011e-08
0.18297129868703416,0.5694904922463858,0.0,0.9999999000000099,0.0,1.123547441661369e-05,2.980231940746337e-08
0.18381750582887535,0.5696509479500936,2.980231940746337e-08,0.9999999000000099,0.0,1.1861323124170421e-05,0.0
0.1846043169422003,0.5692815779664838,0.0,0.9999999000000099,0.0,1.2636183428764469e-05,1.1920927762985348e-07
0.18531560897059798,0.5691799520471592,0.0,0.9999999000000099,0.0,1.3589857649803297e-05,0.0
0.6323356628156133,0.3964170216835233,0.9999996615814547,2.3841855525970694e-06,1.1920927762985348e-07,2.682208746671703e-07,1.406669476032271e-05
0.5658563971285162,0.43451079718778823,0.9999999000000099,0.0,2.682208746671703e-07,0.0,5.960463881492674e-08
0.5797106623409551,0.3242445289533433,0.9999999000000099,0.0,2.086162358522436e-07,0.0,2.980231940746337e-08
0.530869185902548,0.3504626154299482,0.9999999000000099,0.0,8.940695822239011e-08,0.0,5.960463881492674e-08
0.575462639307989,0.3348452448271537,0.9999999000000099,0.0,1.4901159703731684e-07,0.0,5.960463881492674e-08
0.5525802373657297,0.3528400956980195,0.9999999000000099,0.0,0.0,0.0,2.980231940746337e-08
0.564214050746443,0.3369510173220629,0.9999999000000099,0.0,1.4901159703731684e-07,0.0,0.0
0.5593127012021208,0.3462065755728126,0.9999999000000099,0.0,5.960463881492674e-08,0.0,0.0
0.5628880262141799,0.3413962721240056,0.9999999000000099,0.0,8.940695822239011e-08,0.0,5.960463881492674e-08
0.5636227130656509,0.34260940545891133,0.9999999000000099,0.0,0.0,0.0,0.0
0.5651109218363413,0.3421083986173376,0.9999999000000099,0.0,5.960463881492674e-08,0.0,5.960463881492674e-08
0.5650720596079493,0.3426889180550281,0.9999999000000099,0.0,1.7881391644478022e-07,0.0,5.960463881492674e-08
0.32884681223461315,0.032121032470924925,1.069903266727935e-05,3.278255134820971e-07,0.005093663421526602,3.117322610020669e-05,0.9972151116699377
0.2612835168730309,0.042832225553807585,9.655951488018132e-06,2.3841855525970696e-07,5.692243006825504e-05,8.016823920607646e-06,0.9999608589615862
0.24239093064258155,0.03612229227401174,1.946091457307358e-05,3.5762783288956044e-07,5.30481285452848e-06,2.0563600391149723e-06,0.9999858929098884
0.25958603619454285,0.04044228791498038,1.32620321363212e-05,2.682208746671703e-07,4.261731675267262e-06,5.066394299268773e-06,0.9999833895150582
0.25664210318456343,0.03978478907857563,1.630186871588246e-05,2.682208746671703e-07,3.4868713706732143e-06,4.470347911119505e-06,0.9999855948866944
0.261030733574549,0.039841413491102554,1.5795229285955586e-05,2.3841855525970696e-07,3.3378597736358976e-06,5.03659197986131e-06,0.999985058444945
0.2601839899909048,0.03895515202808903,1.7732380047440704e-05,2.086162358522436e-07,3.0100342601538e-06,4.440545591712042e-06,0.9999860717238048
0.2592940330398003,0.03819343447031236,1.9580123850703434e-05,2.3841855525970696e-07,2.5033948302269232e-06,3.904103842377701e-06,0.9999867869794706
0.26186680792677874,0.03838109969435554,1.901387978196163e-05,2.3841855525970696e-07,2.5033948302269232e-06,4.202127036452335e-06,0.9999860717238048
0.26318335532052306,0.0382548272544205,1.910328674018402e-05,1.7881391644478022e-07,2.413987872004533e-06,4.291533994674725e-06,0.9999859525145273
0.2623746991048888,0.037669807666050215,2.0384786474704945e-05,2.086162358522436e-07,2.1457669973373625e-06,3.7550922453403844e-06,0.999986369746999
0.2603732943427036,0.037011086934427784,2.2441146513819917e-05,2.086162358522436e-07,1.847743803262729e-06,3.3378597736358976e-06,0.9999869061887483
0.11795318126190049,0.1090452074817854,0.00025442240078151477,0.0,0.0015810726492047466,0.9997843696260552,0.0
0.14816030859333706,0.11331522462811842,3.150105161368878e-05,0.0,9.393691077232455e-05,0.9999892307696621,0.0
0.15213096141185245,0.12383604047562109,2.2768972027302015e-05,0.0,2.9742714768648444e-05,0.9999932242804627,0.0
0.1701475381780742,0.12921896574668726,1.600384552180783e-05,0.0,1.722574061751383e-05,0.9999957872799317,2.980231940746337e-08
0.17260894178629443,0.12966704366370954,1.609325248003022e-05,0.0,1.4871357384324222e-05,0.9999962045124035,8.940695822239011e-08
0.16863599418895528,0.1278717219610598,1.829862411618251e-05,0.0,1.4752148106694368e-05,0.9999956680706541,2.980231940746337e-08
0.1470923721729406,0.12165981529059945,2.9355284616351418e-05,0.0,1.9669530808925823e-05,0.9999922110016028,2.980231940746337e-08
0.09532257914148443,0.11567482350276015,7.987021601200183e-05,0.0,3.784894564747848e-05,0.999966044565163,0.0
0.023626506327604442,0.1294780969398039,0.00017872450948655782,1.4901159703731684e-07,6.699561402797765e-05,0.9993565275286416,8.940695822239011e-08
0.09499844908320927,0.12670728562092717,5.245208215713553e-06,2.086162358522436e-07,0.5610210930563685,0.032592472155028904,5.066394299268773e-07
0.09516033529841253,0.019985198971187206,2.2858378985524404e-05,0.0,0.9997343613340894,7.152556657791209e-07,3.725289925932921e-06
0.09487342834079807,0.0165002644033788,2.4616715830564745e-05,5.960463881492674e-08,0.9999909593041877,2.682208746671703e-07,2.6226041078567766e-06
0.24205717443417557,0.17479619380818825,7.188319441080164e-05,8.940695822239011e-08,9.876488651633361e-05,0.9999994827675383,1.7881391644478022e-07
0.2201307713894292,0.14751797911978978,1.123547441661369e-05,0.0,1.0550021070242033e-05,0.999999244348983,1.7881391644478022e-07
0.230808615674952,0.15409520265801596,9.000300461053937e-06,0.0,6.467103311419552e-06,0.9999993635582606,3.278255134820971e-07
0.2509106397524888,0.1667656302166526,7.241963616013599e-06,0.0,5.3942198127508695e-06,0.9999996615814547,6.854533463716575e-07
0.2568912505997143,0.1760688125785697,7.390975213050916e-06,0.0,5.453824451565797e-06,0.9999997211860935,1.0132788598537545e-06
0.25691458581814286,0.17780727145011346,7.808207684755402e-06,0.0,5.334615173935943e-06,0.9999997807907323,1.1026858180761447e-06
0.2556497454537391,0.17623510953746457,8.22544015645989e-06,0.0,5.185603576898626e-06,0.9999997807907323,1.1026858180761447e-06
0.2528827190294457,0.17221739885242257,8.732079586386767e-06,0.0,4.917382702231456e-06,0.9999997807907323,1.0728834986686813e-06
0.2490108907119638,0.1667250692558899,9.208916696906181e-06,0.0,4.798173424601603e-06,0.9999996615814547,8.046626240015109e-07
0.24464681743562472,0.16105505821331223,9.80496308505545e-06,0.0,4.649161827564286e-06,0.9999996019768158,6.556510269641942e-07
0.23551973699548143,0.15249225494634586,1.1086462819576373e-05,0.0,4.470347911119505e-06,0.999999542372177,5.066394299268773e-07
0.21680647133883135,0.14047384259679555,1.4245508676767491e-05,0.0,4.857778063416529e-06,0.9999989463257889,2.682208746671703e-07
0.1868610680025927,0.028015762562722858,2.175569316744826e-06,1.4901159703731684e-07,0.9998327685927729,1.972913544774075e-05,1.132488137483608e-06
0.3863771557647932,0.24322211738236305,3.278255134820971e-07,9.536742210388278e-07,0.9621657363029575,0.9899497234308698,0.0
0.18853104113751806,0.1538460254405751,7.95721928179272e-06,0.0,0.00014182923806011817,0.9999971581866245,2.980231940746337e-08
0.2527081072225834,0.19573906060681767,3.0994412183761904e-06,0.0,1.734494989514368e-05,0.9999997807907323,3.5762783288956044e-07
0.27411639689264117,0.23036122318137925,3.039836579561264e-06,0.0,1.4007090121507784e-05,0.9999997807907323,1.2516974151134616e-06
0.2873592972636443,0.2519283890292792,3.2782551348209707e-06,0.0,1.361965996921076e-05,0.9999999000000099,2.7716157048940933e-06
0.29377940295910293,0.2541273831886012,3.457069051265751e-06,0.0,1.1742113846540568e-05,0.9999998403953712,3.635882967710531e-06
0.2988501191015474,0.24850544329202662,3.457069051265751e-06,0.0,9.536742210388277e-06,0.9999999000000099,3.904103842377701e-06
0.3044196665160964,0.24080762262989258,3.397464412450824e-06,0.0,7.450579851865842e-06,0.9999999000000099,4.202127036452335e-06
0.31172943113943574,0.23341652746972022,3.2782551348209707e-06,0.0,5.930661562085211e-06,0.9999997807907323,4.321336314082188e-06
0.319682419286842,0.22390940781573904,3.129243537783654e-06,0.0,4.529952549934432e-06,0.9999999000000099,4.321336314082188e-06
0.32652723787863014,0.21159014102173648,3.069638898968727e-06,0.0,3.367662093043361e-06,0.9999999000000099,3.9637084811926284e-06
0.2858311235786337,0.02942660450431477,6.407498672604624e-06,3.5762783288956044e-07,0.028029617844468634,3.638863199651277e-05,0.9843105881572285
0.22761663793575007,0.03923550247474208,1.8864868184924313e-05,4.4703479111195056e-07,3.445148123502766e-05,2.413987872004533e-06,0.9999592496363382
0.24126347898437933,0.03588634728770876,1.9490716892481042e-05,4.172324717044872e-07,4.0829177588224814e-06,1.7583368450403388e-06,0.9999843431892792
0.24491071700035685,0.03807961940113324,1.9699333128333287e-05,3.5762783288956044e-07,2.264976274967216e-06,2.5033948302269232e-06,0.9999863101423602
0.23431354760153417,0.035899549716524246,3.0487772753835027e-05,3.5762783288956044e-07,1.1920927762985347e-06,1.5795229285955586e-06,0.9999899460253279
0.22606101631182157,0.034248232835627196,4.2080875003338276e-05,4.172324717044872e-07,6.258487075567308e-07,1.0132788598537545e-06,0.999991793769131
0.22512003778479145,0.034291893237917696,4.726647858023691e-05,3.278255134820971e-07,4.768371105194139e-07,9.536742210388278e-07,0.9999920321876864
0.22711569069875603,0.0346683561742546,4.8488373675942904e-05,4.172324717044872e-07,4.172324717044872e-07,1.1026858180761447e-06,0.999991793769131
0.2389449477096798,0.03674730657901946,3.740191085636653e-05,2.9802319407463367e-07,5.66244068741804e-07,1.9073484420776557e-06,0.9999897672114114
0.2506633996859707,0.03822115063012817,2.792477328479318e-05,2.086162358522436e-07,9.536742210388278e-07,3.0994412183761904e-06,0.9999876214444141
0.2592771351230072,0.03860864042574663,2.2500751152634845e-05,1.7881391644478022e-07,1.4901159703731685e-06,4.023313120007555e-06,0.9999863101423602
0.26047909258717555,0.03759804367375293,2.282857666611694e-05,2.086162358522436e-07,1.5497206091880952e-06,3.546476009488141e-06,0.9999866677701931
0.1684690713812687,0.02666687964936436,1.937150761485119e-06,2.086162358522436e-07,0.9997829391147236,2.0474193432927334e-05,2.1457669973373625e-06
0.17544758319128248,0.026572376485089158,5.263089607358031e-05,0.0,0.9999996615814547,2.682208746671703e-07,5.960463881492674e-08
0.23913836478196793,0.04338151215764114,6.073712695241035e-05,0.0,0.9999998403953712,1.2516974151134616e-06,5.960463881492674e-08
0.24594235419208657,0.03933092951101114,9.405612004995439e-05,0.0,0.9999999000000099,7.152556657791209e-07,0.0
0.24078822134928243,0.03538188337673862,9.667872415781117e-05,0.0,0.9999999000000099,5.364417493343406e-07,5.960463881492674e-08
0.23156151174540118,0.033377528184897386,0.00010323523442745311,0.0,0.9999999000000099,3.874301522970238e-07,2.980231940746337e-08
0.2213528752235308,0.03221428393766005,0.0001044571295231591,0.0,0.9999997807907323,4.172324717044872e-07,5.960463881492674e-08
0.20640161632636853,0.0306282043404585,9.977816537618736e-05,0.0,0.9999999000000099,3.278255134820971e-07,0.0
0.20156422256588769,0.0319214463179287,9.319185278713795e-05,0.0,0.9999997807907323,3.874301522970238e-07,0.0
0.20550391077144353,0.0339640378893868,9.366868989765737e-05,0.0,0.9999999000000099,5.066394299268773e-07,2.980231940746337e-08
0.20839413999648257,0.03430759906181332,9.709595662951567e-05,0.0,0.9999999000000099,5.66244068741804e-07,8.940695822239011e-08
0.2036252021705234,0.032852917903996616,9.739397982359029e-05,0.0,0.9999999000000099,4.768371105194139e-07,1.7881391644478022e-07
0.22120425104178953,0.030628025526524206,2.5331971496343865e-06,1.1920927762985348e-07,0.9998821212337117,1.9699333128333287e-05,4.172324717044872e-07
0.08209094404834336,0.015608072278211139,1.4871357384324222e-05,8.940695822239011e-08,0.9999898268160502,1.4901159703731684e-07,1.1026858180761447e-06
0.09428453445044159,0.029064118857175303,7.510184490680769e-06,4.4703479111195056e-07,0.9999986483025948,1.4603136509657052e-06,2.2053716361522894e-06
0.03197219967709712,0.04663339256441768,8.642672628164378e-07,3.1948086404800733e-05,0.9996512128629426,4.9024815425277245e-05,0.0005501806185811812
0.05169987678313755,0.06250420211675375,1.4901159703731684e-07,5.2750105351210165e-05,0.7986258661823352,0.0003112852262109549,0.08644743889363196
0.1477179825244772,0.049981087437654254,8.642672628164378e-07,4.261731675267262e-06,0.0008528827768027867,1.7553566130995923e-05,0.9915634594221452
0.2269661426450208,0.03578785061223429,1.5467403772473487e-05,8.642672628164378e-07,2.026557719707509e-06,4.768371105194139e-07,0.9999449445230225
0.21118208765109123,0.031040191645075453,3.492831834554707e-05,9.238719016313645e-07,2.682208746671703e-07,2.086162358522436e-07,0.9999823166315596
0.21434634923047377,0.032657235855232516,4.3183560821414424e-05,7.152556657791209e-07,1.1920927762985348e-07,2.682208746671703e-07,0.9999854756774167
0.22486683725379605,0.034906804555637716,4.348158401548906e-05,5.960463881492673e-07,2.086162358522436e-07,6.854533463716575e-07,0.9999849988403062
0.23397693037017908,0.03592652081828049,3.9428468576074036e-05,4.172324717044872e-07,2.682208746671703e-07,1.0132788598537545e-06,0.9999846412124733
0.24132290481521793,0.03615397214270443,3.528594617843663e-05,3.5762783288956044e-07,3.278255134820971e-07,1.2516974151134616e-06,0.9999844623985569
0.340232193455913,0.2897067665557692,0.0006078183043152154,5.960463881492674e-08,8.043646008074363e-05,0.9999996019768158,9.238719016313645e-07
0.6032356023538665,0.5142618416859271,0.9999999000000099,3.5762783288956044e-07,2.264976274967216e-06,5.453824451565797e-06,0.0
0.4596412181663921,0.416662663150012,0.9999999000000099,0.0,8.702277266979305e-06,0.0,0.0
0.48837730286483294,0.4409129916866615,0.9999999000000099,8.940695822239011e-08,3.933906161785165e-06,0.0,0.0
0.5049634575634717,0.4161159395459033,0.9999999000000099,0.0,1.1026858180761447e-06,0.0,0.0
0.5208867788099132,0.40654435746860856,0.9999999000000099,0.0,4.4703479111195056e-07,0.0,0.0
0.5433573722614363,0.3976177572523179,0.9999999000000099,0.0,2.3841855525970696e-07,0.0,0.0
0.5564304589994814,0.38974469893457425,0.9999999000000099,0.0,1.1920927762985348e-07,0.0,0.0
0.5629316568141537,0.377252995903266,0.9999999000000099,0.0,2.682208746671703e-07,0.0,5.960463881492674e-08
0.5607920884853848,0.3693150877320178,0.9999999000000099,0.0,1.4901159703731684e-07,0.0,5.960463881492674e-08
0.5622330307727702,0.360763460335945,0.9999999000000099,0.0,0.0,0.0,0.0
0.5533905029067728,0.3593475818018704,0.9999999000000099,0.0,8.940695822239011e-08,0.0,2.980231940746337e-08
0.2890210151552686,0.32532042259367727,0.002535164102715279,1.4901159703731684e-07,0.00015747545574903646,0.9999964429309587,2.086162358522436e-07
0.46089178321837276,0.2795116304872635,0.061121189442614327,1.4901159703731684e-07,1.2874601984024175e-05,0.9846903293111183,0.0
0.6768954992014025,0.41976773731673184,0.9999999000000099,1.1920927762985348e-07,1.7881391644478022e-07,0.0,0.0
0.7558346986457656,0.3688626288736053,0.9999999000000099,0.0,4.380940952897116e-06,0.0,2.980231940746337e-08
0.6282812952735143,0.4193585216280965,0.9999999000000099,5.960463881492674e-08,2.2947785943746796e-06,0.0,2.980231940746337e-08
0.5999667048205852,0.39818602793550917,0.9999999000000099,0.0,1.4007090121507783e-06,0.0,1.1920927762985348e-07
0.574775457358402,0.38534730666237804,0.9999999000000099,0.0,9.238719016313645e-07,0.0,8.940695822239011e-08
0.5557011961706847,0.3860152363116167,0.9999999000000099,0.0,3.278255134820971e-07,0.0,2.980231940746337e-08
0.5518708824882872,0.3866744636827196,0.9999999000000099,0.0,1.4901159703731684e-07,0.0,2.980231940746337e-08
0.5529417991409222,0.38560515635563225,0.9999999000000099,0.0,1.4901159703731684e-07,0.0,0.0
0.5497857332001961,0.3780900239297035,0.9999999000000099,0.0,1.4901159703731684e-07,0.0,0.0
0.5521967410812607,0.3683028816546155,0.9999999000000099,0.0,8.940695822239011e-08,0.0,0.0
0.10533544420759813,0.031579643482522755,0.00017493961492181,0.00015309451479613933,1.7881391644478022e-07,2.980231940746337e-08,0.9998521997050266
0.25671786068806984,0.06415730713699375,1.7583368450403387e-05,3.5762783288956044e-07,8.344649434089744e-07,7.247924079895091e-05,0.9999832107011417
0.24907872079771537,0.046237379304597793,2.175569316744826e-05,2.3841855525970696e-07,3.0994412183761904e-06,1.3828276205063004e-05,0.9999913169320206
0.26442539690830125,0.04266655444368276,1.654028727114217e-05,2.086162358522436e-07,5.632638368010577e-06,1.2338160234689835e-05,0.9999902440485219
0.2615303993116804,0.040052294724281776,1.9758937767148216e-05,1.7881391644478022e-07,5.066394299268773e-06,8.04662624001511e-06,0.9999911977227429
0.2557569146050408,0.03797793387716383,2.4795529747009523e-05,1.7881391644478022e-07,3.457069051265751e-06,5.1259989380836994e-06,0.9999920321876864
0.2504291832343355,0.03680071234072906,2.9623505491018588e-05,2.3841855525970696e-07,2.413987872004533e-06,3.6656852871179947e-06,0.9999923898155193
0.24744963644910425,0.03631436824176754,3.269314438998732e-05,1.7881391644478022e-07,1.7285345256328755e-06,3.069638898968727e-06,0.9999923898155193
0.24331086873000682,0.035588026040659006,3.71038876622919e-05,2.3841855525970696e-07,1.3113020539283883e-06,2.413987872004533e-06,0.9999925090247969
0.24203190206479183,0.03543895482410128,3.859400363266506e-05,2.9802319407463367e-07,1.043081179261218e-06,2.175569316744826e-06,0.9999922706062416
0.24012297390897183,0.035101532930085576,4.1067596143484524e-05,2.086162358522436e-07,8.642672628164378e-07,1.9073484420776557e-06,0.999992151396964
0.2382530867954781,0.034750014537582904,4.339217705726667e-05,2.682208746671703e-07,7.152556657791209e-07,1.6689298868179488e-06,0.999992151396964
0.7099630832378139,0.4158289729836813,0.9999997807907323,3.993510800600092e-06,2.9802319407463367e-07,6.556510269641942e-07,3.0934807544946974e-05
0.48665699360739684,0.4437732695773307,0.9999999000000099,0.0,2.086162358522436e-07,0.0,5.960463881492674e-08
0.5798867940662592,0.30668449396603953,0.9999999000000099,0.0,1.1920927762985348e-07,0.0,2.980231940746337e-08
0.5219146609090223,0.360902428565215,0.9999999000000099,0.0,0.0,0.0,2.980231940746337e-08
0.5740038752318165,0.3262363671697838,0.9999999000000099,0.0,5.960463881492674e-08,0.0,2.980231940746337e-08
0.5537689327964361,0.3538170456280432,0.9999999000000099,0.0,0.0,0.0,2.980231940746337e-08
0.5672778486970609,0.3330709933664285,0.9999999000000099,0.0,5.960463881492674e-08,0.0,2.980231940746337e-08
0.5658156871561363,0.34215110534531185,0.9999999000000099,0.0,0.0,0.0,5.960463881492674e-08
0.5679359435799987,0.33874526614110684,0.9999999000000099,0.0,8.940695822239011e-08,0.0,0.0
0.5690020918610519,0.33952188486007484,0.9999999000000099,0.0,8.940695822239011e-08,0.0,5.960463881492674e-08
0.5679612159493824,0.34100782865407087,0.9999999000000099,0.0,5.960463881492674e-08,0.0,0.0
0.5690442919495512,0.34125500911591206,0.9999999000000099,0.0,5.960463881492674e-08,0.0,2.980231940746337e-08
0.4243012070480129,0.31670433277429083,0.9999997807907323,2.086162358522436e-07,2.980231940746337e-08,2.980231940746337e-08,1.2516974151134616e-06
0.570167243457073,0.4760840534348656,0.9999999000000099,0.0,1.1920927762985348e-07,0.0,0.0
0.565038800216166,0.3420176505456826,0.9999999000000099,0.0,1.1920927762985348e-07,0.0,2.980231940746337e-08
0.5718488693000515,0.3210201858924483,0.9999999000000099,0.0,8.940695822239011e-08,0.0,2.980231940746337e-08
0.5815147757289421,0.34862041467419064,0.9999999000000099,0.0,5.960463881492674e-08,0.0,0.0
0.5904732346290227,0.3467071055772282,0.9999999000000099,0.0,1.1920927762985348e-07,0.0,2.980231940746337e-08
0.6014787554491847,0.3515217899674255,0.9999999000000099,0.0,1.4901159703731684e-07,0.0,0.0
0.6049901842820471,0.3594665526728217,0.9999999000000099,0.0,1.7881391644478022e-07,0.0,1.1920927762985348e-07
0.6094071268782998,0.3633202313754699,0.9999999000000099,0.0,2.3841855525970696e-07,0.0,8.940695822239011e-08
0.6098978519187153,0.366213679250951,0.9999999000000099,0.0,2.3841855525970696e-07,0.0,8.940695822239011e-08
0.6098480820403298,0.36757105582618854,0.9999999000000099,0.0,2.682208746671703e-07,0.0,5.960463881492674e-08
0.6122630834325943,0.36682587855733423,0.9999999000000099,0.0,2.682208746671703e-07,0.0,1.4901159703731684e-07
0.5995647907008814,0.38813644640952005,0.9999996615814547,1.8179414838552655e-06,0.0,1.7881391644478022e-07,9.983777001500229e-06
0.5413320064320524,0.4642172156969532,0.9999999000000099,0.0,1.7881391644478022e-07,0.0,2.980231940746337e-08
0.5754446387052676,0.364777982172492,0.9999999000000099,0.0,1.7881391644478022e-07,0.0,0.0
0.5620768069988203,0.35451096290239953,0.9999999000000099,0.0,2.086162358522436e-07,0.0,5.960463881492674e-08
0.5747813582182345,0.35134094947520794,0.9999999000000099,0.0,8.940695822239011e-08,0.0,2.980231940746337e-08
0.5679323673013122,0.3532098233094979,0.9999999000000099,0.0,8.940695822239011e-08,0.0,1.4901159703731684e-07
0.5679337382081421,0.353038221537219,0.9999999000000099,0.0,1.4901159703731684e-07,0.0,2.980231940746337e-08
0.5688829421761509,0.35318964713724493,0.9999999000000099,0.0,8.940695822239011e-08,0.0,1.1920927762985348e-07
0.5713626742126388,0.35306477540646186,0.9999999000000099,0.0,1.4901159703731684e-07,0.0,2.980231940746337e-08
0.5690355896714143,0.35432958596837905,0.9999999000000099,0.0,1.4901159703731684e-07,0.0,5.960463881492674e-08
0.5652574300531931,0.35531276458378075,0.9999999000000099,0.0,8.940695822239011e-08,0.0,2.980231940746337e-08
0.5568683743246281,0.35690361255256353,0.9999999000000099,0.0,0.0,0.0,2.980231940746337e-08
0.6287943124510749,0.39486086361799383,0.9999996615814547,2.175569316744826e-06,5.960463881492674e-08,2.9802319407463367e-07,1.433491563498988e-05
0.5522742867241103,0.44922617070135124,0.9999999000000099,0.0,2.682208746671703e-07,0.0,2.980231940746337e-08
0.5786327123402369,0.31753697985933804,0.9999999000000099,0.0,1.4901159703731684e-07,0.0,0.0
0.5527522563705444,0.3383815287964273,0.9999999000000099,0.0,8.940695822239011e-08,0.0,1.4901159703731684e-07
0.579537987685048,0.3341714143180833,0.9999999000000099,0.0,8.940695822239011e-08,0.0,0.0
0.5834472775217697,0.3394508957281595,0.9999999000000099,0.0,5.960463881492674e-08,0.0,8.940695822239011e-08
0.5882150530571558,0.33931636804492443,0.9999999000000099,0.0,1.7881391644478022e-07,0.0,1.1920927762985348e-07
0.5909187793487003,0.34355795377570447,0.9999999000000099,0.0,1.1920927762985348e-07,0.0,8.940695822239011e-08
0.5916565060370548,0.34769663208729745,0.9999999000000099,0.0,1.7881391644478022e-07,0.0,2.980231940746337e-08
0.5937047004453867,0.3496820926067481,0.9999999000000099,0.0,1.4901159703731684e-07,0.0,1.1920927762985348e-07
0.5926733016722361,0.35284712904610177,0.9999999000000099,0.0,8.940695822239011e-08,0.0,2.980231940746337e-08
0.5968563556423998,0.3532549142232628,0.9999999000000099,0.0,1.4901159703731684e-07,0.0,2.980231940746337e-08
0.3097481727471838,0.2600506543667861,0.9999997807907323,1.1920927762985348e-07,5.960463881492674e-08,0.0,1.4901159703731684e-07
0.6828418373778835,0.48272901765186743,0.9999999000000099,0.0,1.4901159703731684e-07,0.0,0.0
0.5785682201145926,0.4015918671397142,0.9999999000000099,0.0,2.9802319407463367e-07,0.0,0.0
0.5855889916177504,0.3100742995208027,0.9999999000000099,0.0,2.086162358522436e-07,0.0,8.940695822239011e-08
0.5701523422958797,0.365724414524396,0.9999999000000099,0.0,1.1920927762985348e-07,0.0,2.980231940746337e-08
0.560344755626364,0.3529565333715683,0.9999999000000099,0.0,1.4901159703731684e-07,0.0,0.0
0.5590489506490007,0.3568855821475221,0.9999999000000099,0.0,5.960463881492674e-08,0.0,0.0
0.5608395337826241,0.35132008784954016,0.9999999000000099,0.0,8.940695822239011e-08,0.0,5.960463881492674e-08
0.5638729929690524,0.3479010462165196,0.9999999000000099,0.0,5.960463881492674e-08,0.0,2.980231940746337e-08
0.563427150226151,0.34659481042649065,0.9999999000000099,0.0,8.940695822239011e-08,0.0,5.960463881492674e-08
0.5648648738627186,0.34477835887727165,0.9999999000000099,0.0,8.940695822239011e-08,0.0,5.960463881492674e-08
0.5650538205866488,0.34453099960149614,0.9999999000000099,0.0,0.0,0.0,5.960463881492674e-08
0.11940443515283161,0.11031657455462678,0.00024640557686090713,0.0,0.0013829170274645228,0.999824662361894,0.0
0.10364070534276963,0.09809201954115608,9.882449115514854e-05,0.0,0.000298559635823968,0.9998992873696904,0.0
0.10367253422307837,0.1055463850317467,7.337331038117481e-05,0.0,0.00012898443839550147,0.9999398185240845,0.0
0.08868592977156575,0.11193832753172028,8.64863309204587e-05,0.0,0.00011575220857858772,0.999906797554181,0.0
0.0718215107888046,0.10822975633675291,0.0001260936134129775,0.0,0.00024342534492016081,0.9997043802007656,0.0
0.06178987025958742,0.09504774211209668,0.0002463459722220922,0.0,0.001670688223662989,0.9975611165982584,0.0
0.07419067620923872,0.07493281363157805,0.0004413127457857176,0.0,0.14687095603891756,0.7737501681961196,1.1920927762985348e-07
0.2675089836009836,0.043011963360097,2.1427867653966164e-05,0.0,0.9998795582342426,1.4990566661954075e-05,5.960463881492674e-08
0.21042126416288726,0.020311206575730382,0.0001745819870889204,0.0,0.9999989463257889,2.086162358522436e-07,5.960463881492674e-08
0.18901464342288316,0.022935837503320504,0.00017315147575736219,0.0,0.9999996615814547,2.3841855525970696e-07,1.1920927762985348e-07
0.1719247996735908,0.025880455966332518,0.0001615881758272664,0.0,0.9999997211860935,3.874301522970238e-07,1.7881391644478022e-07
0.15964359044367638,0.026962190861853464,0.00012850760128498205,5.960463881492674e-08,0.9999997807907323,5.364417493343406e-07,2.9802319407463367e-07
0.09501045941913101,0.4266527890428478,0.995717783538268,2.3841855525970696e-07,0.002379178762936616,0.010693191412675487,0.0
0.7125751971903425,0.43299102775788795,0.9999999000000099,0.0,1.2516974151134616e-06,0.0,5.960463881492674e-08
0.6393667459223168,0.38766840093650146,0.9999999000000099,0.0,8.046626240015109e-07,0.0,0.0
0.5965182780972478,0.36887884133698146,0.9999999000000099,0.0,8.046626240015109e-07,0.0,1.1920927762985348e-07
0.5793866514919696,0.36780542128940524,0.9999999000000099,0.0,5.66244068741804e-07,0.0,8.940695822239011e-08
0.569082140898982,0.3735667466477632,0.9999999000000099,0.0,2.3841855525970696e-07,0.0,0.0
0.5629727840190469,0.3750224708868633,0.9999999000000099,0.0,1.7881391644478022e-07,0.0,5.960463881492674e-08
0.5603666305309957,0.37215527885740124,0.9999999000000099,0.0,1.1920927762985348e-07,0.0,5.960463881492674e-08
0.5621521472698133,0.3621855973577199,0.9999999000000099,0.0,8.940695822239011e-08,0.0,0.0
0.5611611604458188,0.3572255372389403,0.9999999000000099,0.0,8.940695822239011e-08,0.0,0.0
0.5599321126706011,0.35300898545896164,0.9999999000000099,0.0,5.960463881492674e-08,0.0,1.1920927762985348e-07
0.5607774853474154,0.3499310314056099,0.9999999000000099,0.0,1.4901159703731684e-07,0.0,2.980231940746337e-08
0.3131995200981151,0.034866750234355516,2.7894970965385714e-05,9.238719016313645e-07,0.0001812577066361922,1.0818241944909203e-05,0.9996339275176863
0.24835792182847644,0.03866419195466778,2.1338460695743772e-05,2.3841855525970696e-07,1.1652706888318178e-05,4.321336314082188e-06,0.9999854756774167
0.25369930266283475,0.03902369736956899,1.770257772803324e-05,2.9802319407463367e-07,5.1259989380836994e-06,4.768371105194139e-06,0.9999887539325515
0.27405476568994597,0.04405313729485524,9.566544529795742e-06,1.7881391644478022e-07,7.95721928179272e-06,1.344084605276598e-05,0.9999832107011417
0.2704670429117742,0.04214173554652531,1.1801718485355495e-05,1.7881391644478022e-07,7.4803821712733056e-06,9.983777001500229e-06,0.9999852372588615
0.27086994050811675,0.040899723761230786,1.2844799664616713e-05,2.086162358522436e-07,6.407498672604624e-06,8.463858711719597e-06,0.9999855948866944
0.2692357897646999,0.0399757325580809,1.4394520273804807e-05,1.7881391644478022e-07,5.30481285452848e-06,7.063149699568818e-06,0.9999861909330825
0.2674098610767262,0.039185702794040767,1.6063450160622756e-05,1.7881391644478022e-07,4.261731675267262e-06,5.960463881492674e-06,0.9999865485609154
0.26485288142061264,0.038401007645707114,1.814961251914519e-05,1.7881391644478022e-07,3.3378597736358976e-06,4.976987341046382e-06,0.9999871446073035
0.26179587839949897,0.037636816495172684,2.068280966877958e-05,2.086162358522436e-07,2.6226041078567766e-06,4.112720078229945e-06,0.9999877406536917
0.2585855126273846,0.03695887326561348,2.3394820734858744e-05,2.3841855525970696e-07,2.086162358522436e-06,3.397464412450824e-06,0.9999883367000798
0.2576310932529582,0.03680670260752797,2.4557111191749817e-05,2.3841855525970696e-07,1.7285345256328755e-06,3.1590458571911173e-06,0.9999882174908022
0.18294239043431929,0.622941672695302,2.8312203437090202e-06,0.9999999000000099,5.960463881492674e-08,0.0,0.0
0.17846184968209394,0.4856819211605018,5.960463881492674e-08,0.9999999000000099,0.0,1.9043682101369094e-05,1.4901159703731684e-07
0.18123647569859586,0.5750046967475473,0.0,0.9999999000000099,0.0,1.3291834455728662e-05,8.940695822239011e-08
0.17641797661050804,0.6309084891192612,5.960463881492674e-08,0.9999999000000099,0.0,1.1086462819576373e-05,8.940695822239011e-08
0.1812247335835756,0.6387236117222931,2.980231940746337e-08,0.9999999000000099,0.0,1.0550021070242033e-05,0.0
0.18505552410313134,0.6401833890772373,8.940695822239011e-08,0.9999999000000099,0.0,1.0371207153797252e-05,2.980231940746337e-08
0.1876147985380687,0.6408153771256825,2.980231940746337e-08,0.9999999000000099,0.0,1.0728834986686813e-05,0.0
0.18948292731454164,0.6405813096856896,1.1920927762985348e-07,0.9999999000000099,0.0,1.1324881374836081e-05,2.980231940746337e-08
0.19093841313525162,0.639687955269949,0.0,0.9999999000000099,0.0,1.2248753276467444e-05,2.980231940746337e-08
0.19212299584546869,0.6382318137983356,0.0,0.9999999000000099,0.0,1.344084605276598e-05,8.940695822239011e-08
0.19310590624009658,0.6366713045937383,2.980231940746337e-08,0.9999999000000099,0.0,1.4841555064916758e-05,1.1920927762985348e-07
0.19397562741430066,0.6350997089252147,2.980231940746337e-08,0.9999999000000099,0.0,1.6391275674104854e-05,5.960463881492674e-08
0.25938087700723444,0.0339847505034427,2.8014180243015566e-06,5.960463881492674e-08,0.9999048902057389,2.1576879251003478e-05,1.4901159703731684e-07
0.19817915557994387,0.02472925185733775,7.995962297022422e-05,0.0,0.9999996615814547,2.086162358522436e-07,0.0
0.27025228737665735,0.04608368872807077,4.500150230526969e-05,0.0,0.9999999000000099,1.4603136509657052e-06,0.0
0.2802126407507261,0.042759120457003086,4.497169998586222e-05,0.0,0.9999999000000099,1.2814997345209249e-06,0.0
0.307602286326069,0.045610278837023295,1.4513729551434662e-05,0.0,0.9999997211860935,2.682208746671703e-06,0.0
0.3385015129902864,0.04827219246991404,4.112720078229945e-06,0.0,0.999999542372177,9.298323655128571e-06,0.0
0.36425369976442756,0.054735511531993936,1.4305113315582417e-06,1.1920927762985348e-07,0.9999981118608455,6.154178957641186e-05,0.0
0.36858671902083995,0.07229089735700603,8.642672628164378e-07,2.086162358522436e-07,0.9999787403532306,0.0006890594270199605,0.0
0.2969075441237531,0.09400853513061569,1.5795229285955586e-06,1.4901159703731684e-07,0.9975367979056219,0.11606498392076905,0.0
0.1191673874805697,0.11092022059448617,6.502866094708507e-05,0.0,0.0178194028201105,0.9998948766264181,0.0
0.1881113946359943,0.14427587387475474,8.255242475867353e-06,0.0,6.881355551183292e-05,0.9999976946283737,0.0
0.2117229998024055,0.15716639158418683,5.03659197986131e-06,0.0,1.7046926701069047e-05,0.9999988867211501,5.960463881492674e-08
0.18341475724414472,0.6337785123693496,3.1888481765985805e-06,0.9999999000000099,8.940695822239011e-08,2.980231940746337e-08,0.0
0.17770650982120909,0.48107978693353715,0.0,0.9999999000000099,0.0,1.987814704477807e-05,5.960463881492674e-08
0.18162584304057497,0.567592501543128,0.0,0.9999999000000099,0.0,1.397728780210032e-05,2.980231940746337e-08
0.17628484963640773,0.6236985324745302,2.980231940746337e-08,0.9999999000000099,0.0,1.1593102249503251e-05,1.1920927762985348e-07
0.1806640624925191,0.63181245316177,2.980231940746337e-08,0.9999999000000099,0.0,1.0848044264316667e-05,2.980231940746337e-08
0.18431073426437128,0.6329307555068544,0.0,0.9999999000000099,0.0,1.0639428028464424e-05,2.980231940746337e-08
0.18674424289883776,0.6330735682357118,0.0,0.9999999000000099,0.0,1.0937451222539056e-05,0.0
0.18848651646787268,0.6326204537262068,1.4901159703731684e-07,0.9999999000000099,0.0,1.1473892971873398e-05,2.980231940746337e-08
0.18985486029792467,0.6314965485445145,0.0,0.9999999000000099,0.0,1.2367962554097299e-05,8.940695822239011e-08
0.19094941019221223,0.6302110551708638,2.980231940746337e-08,0.9999999000000099,0.0,1.3470648372173444e-05,1.1920927762985348e-07
0.19188648461500973,0.628898918521003,5.960463881492674e-08,0.9999999000000099,0.0,1.4722345787286905e-05,2.980231940746337e-08
0.19275137781298723,0.627393185984945,5.960463881492674e-08,0.9999999000000099,0.0,1.618265943825261e-05,2.980231940746337e-08
0.09032723307235534,0.032377570861994276,0.0002820491508722333,0.0003072023084521324,2.980231940746337e-08,0.0,0.9997916413919906
0.21131825446207497,0.050394386044456035,0.00010025500248670677,6.854533463716575e-07,1.1920927762985348e-07,5.871056923270284e-06,0.9999937011175731
0.28768727182150733,0.06537103651834719,3.6656852871179947e-06,2.3841855525970696e-07,3.2186504960060438e-06,0.00020897386368513314,0.9999625874961118
0.2706603109724504,0.04884514211771937,9.953974682092765e-06,2.086162358522436e-07,1.1742113846540568e-05,3.382563252747093e-05,0.9999844623985569
0.2817566990735687,0.04296183585384948,1.0102986279130082e-05,8.940695822239011e-08,1.3649462288618223e-05,1.9133089059591483e-05,0.9999859525145273
0.2727220058328234,0.03981587290082067,1.5228985217213781e-05,1.7881391644478022e-07,8.165835517644963e-06,9.745358446240521e-06,0.9999889327464679
0.2622364759336604,0.037396162741933255,2.2172925639152747e-05,1.1920927762985348e-07,4.2319293558597985e-06,5.245208215713553e-06,0.99999084009491
0.254209905852282,0.036185592406752363,2.8342005756497666e-05,2.086162358522436e-07,2.4735925108194595e-06,3.546476009488141e-06,0.9999915553505758
0.24610754846507474,0.035147547715844295,3.5583969372511265e-05,2.9802319407463367e-07,1.4901159703731685e-06,2.354383233189606e-06,0.9999922110016028
0.24359372257177672,0.03517267107361282,3.7729736369848626e-05,2.682208746671703e-07,1.1622904568910714e-06,2.1457669973373625e-06,0.9999920321876864
0.24035888909298306,0.034851193422071804,4.118680542111438e-05,2.682208746671703e-07,8.642672628164378e-07,1.847743803262729e-06,0.9999920917923252
0.23917925356828215,0.0347977876603622,4.240870051682038e-05,2.682208746671703e-07,7.748603045940476e-07,1.6689298868179488e-06,0.9999919129784087
0.45475426314378253,0.2529482543035339,5.185603576898626e-05,1.4901159703731684e-07,2.7000901383161812e-05,0.9999999000000099,7.003545060753892e-06
0.27526345847897365,0.19607898589591352,9.655951488018132e-06,0.0,6.526707950234478e-06,0.9999998403953712,2.592801788449313e-06
0.30189377068223194,0.19906622167993265,5.30481285452848e-06,0.0,2.9504296213388737e-06,0.9999997807907323,4.261731675267262e-06
0.31254857777255,0.201058745349788,4.947185021638919e-06,0.0,2.6226041078567766e-06,0.9999999000000099,5.21540589630609e-06
0.32078230379683675,0.20126780864130187,4.768371105194139e-06,0.0,2.324580913782143e-06,0.9999997807907323,5.841254603862821e-06
0.32959687708443564,0.1953652798794952,4.440545591712042e-06,0.0,1.9669530808925826e-06,0.9999997807907323,5.513429090380723e-06
0.3366717100004024,0.18608012792261958,3.993510800600092e-06,0.0,1.5497206091880952e-06,0.9999997807907323,4.827975744009066e-06
0.341549336896105,0.17802691456607314,3.784894564747848e-06,0.0,1.2516974151134616e-06,0.9999998403953712,4.202127036452335e-06
0.34446442125801435,0.17277726528070195,3.695487606525458e-06,0.0,1.1026858180761447e-06,0.9999997807907323,3.874301522970238e-06
0.3471227586125643,0.16919094321214795,3.6060806483030677e-06,0.0,1.0132788598537545e-06,0.9999998403953712,3.635882967710531e-06
0.34899258612141326,0.16692149636271356,3.695487606525458e-06,0.0,1.0132788598537545e-06,0.9999997807907323,3.546476009488141e-06
0.3509060740325584,0.16502439972912727,3.6656852871179947e-06,0.0,1.0132788598537545e-06,0.9999998403953712,3.5166736900806776e-06
0.14219793676741208,0.12549638746020006,0.0001707672902047651,0.0,0.0004718005185395526,0.9999764157723169,0.0
0.19954216479428868,0.14262202379645517,1.3500450691580906e-05,0.0,2.65240642726424e-05,0.999998588697956,1.4901159703731684e-07
0.2191291153340202,0.1531309187150048,8.40425407290467e-06,0.0,9.596346849203206e-06,0.9999991847443441,1.1920927762985348e-07
0.24450835584581723,0.16459342834515261,6.258487075567308e-06,0.0,6.616114908456868e-06,0.999999542372177,4.172324717044872e-07
0.25626355408561063,0.17789652940564932,6.139277797937454e-06,0.0,6.3180917143822346e-06,0.9999997807907323,7.748603045940476e-07
0.264134883869678,0.191731423106741,6.258487075567308e-06,0.0,6.496905630827015e-06,0.9999997807907323,1.370906692743315e-06
0.26588958500714804,0.19716796275577345,6.645917227864331e-06,0.0,6.556510269641941e-06,0.9999997807907323,1.6689298868179488e-06
0.2676315903552815,0.20063030716321584,7.033347380161355e-06,0.0,6.526707950234478e-06,0.9999997807907323,2.0563600391149723e-06
0.26926904915648325,0.20356771346421126,7.2121612966061355e-06,0.0,6.467103311419552e-06,0.9999998403953712,2.354383233189606e-06
0.27133396266767396,0.20693078633579726,7.4803821712733056e-06,0.0,6.407498672604624e-06,0.9999997807907323,2.8312203437090202e-06
0.271650910366254,0.20691004391941897,7.718800726533013e-06,0.0,6.139277797937454e-06,0.9999999000000099,2.9504296213388737e-06
0.2715521454698652,0.20555654164609116,7.95721928179272e-06,0.0,6.0498708397150644e-06,0.9999999000000099,3.0100342601538e-06
0.5133962631013,0.35876578086431743,0.9999996615814547,6.556510269641942e-07,0.0,5.960463881492674e-08,4.112720078229945e-06
0.5735315084219911,0.4618228077097686,0.9999999000000099,0.0,1.1920927762985348e-07,0.0,0.0
0.5724628567458574,0.3356113433263206,0.9999999000000099,0.0,1.7881391644478022e-07,0.0,2.980231940746337e-08
0.5669540762666543,0.3298932611377398,0.9999999000000099,0.0,5.960463881492674e-08,0.0,5.960463881492674e-08
0.584496378874418,0.3444728254682053,0.9999999000000099,0.0,5.960463881492674e-08,0.0,2.980231940746337e-08
0.5927590727560643,0.3451573252086887,0.9999999000000099,0.0,5.960463881492674e-08,0.0,0.0
0.6019932031382198,0.34980201715201564,0.9999999000000099,0.0,1.7881391644478022e-07,0.0,0.0
0.6056594848382022,0.35682225221245906,0.9999999000000099,0.0,1.4901159703731684e-07,0.0,0.0
0.6072080731140476,0.36196294420719954,0.9999999000000099,0.0,1.7881391644478022e-07,0.0,1.1920927762985348e-07
0.6087501048789679,0.36429607861956553,0.9999999000000099,0.0,2.086162358522436e-07,0.0,0.0
0.6108602881178636,0.36537200206222187,0.9999999000000099,0.0,2.086162358522436e-07,0.0,5.960463881492674e-08
0.6118995547041243,0.36554014676510443,0.9999999000000099,0.0,2.9802319407463367e-07,0.0,8.940695822239011e-08
0.35029417274931957,0.109988182764293,1.5795229285955586e-06,1.4901159703731684e-07,0.9690057858394421,0.011441855478510374,0.0
0.12486669420678939,0.050757557145010304,6.848572999835082e-05,0.0,0.6155331115309478,0.8135992667083106,0.0
0.11019933223268054,0.0925576090654192,8.732079586386767e-05,0.0,0.005026369784304549,0.9996538950716893,0.0
0.12635397910548574,0.10543346403223905,3.4987922984362e-05,0.0,0.00021979210563004235,0.999970574517713,0.0
0.1487771868644144,0.12447327373280567,1.7911193963885486e-05,0.0,4.6938653066754805e-05,0.9999913169320206,0.0
0.16694021224284325,0.13167980311046265,1.2546776470542079e-05,0.0,2.4259087997675183e-05,0.9999952508381824,2.980231940746337e-08
0.18529656528659302,0.13732534644636424,9.685753807425595e-06,0.0,1.6212461757660073e-05,0.9999971581866245,2.980231940746337e-08
0.20499363540754256,0.14416781065379547,7.539986810088233e-06,0.0,1.1473892971873398e-05,0.9999984694886783,0.0
0.21995782851262055,0.1505976617078397,6.556510269641941e-06,0.0,9.059905099868864e-06,0.9999990655350666,1.1920927762985348e-07
0.2304788529777458,0.15620517728038108,6.228684756159844e-06,0.0,7.718800726533013e-06,0.9999993039536218,2.3841855525970696e-07
0.23301467298496503,0.15771415826957888,6.4373009920120876e-06,0.0,7.122754338383746e-06,0.9999994231628994,2.086162358522436e-07
0.22741499542248328,0.1534854471420681,7.450579851865842e-06,0.0,6.794928824901648e-06,0.9999993039536218,2.9802319407463367e-07
0.13031688332018065,0.11808329818610934,0.00020220873717963897,0.0,0.0007202922577589822,0.9999432755931358,0.0
0.03974562883212497,0.11024647949238292,0.0002810954766511945,0.0,0.0006502866094708508,0.9981188968082885,0.0
0.09349408745378548,0.06917864083059193,0.00017538664971292192,0.0,0.004479586630135819,0.9982910946098248,8.940695822239011e-08
0.09471559524143937,0.09173956511833943,0.0002149641298860333,0.0,0.0032178458333820426,0.9976420596977691,0.0
0.0782179534402884,0.07316324113546688,0.0004718005185395526,0.0,0.018478421509167734,0.9855230061153629,0.0
0.0850924849474958,0.05896705388013104,0.0007270871865838838,0.0,0.28841152883325505,0.7074107416368555,0.0
0.2734993100053071,0.05019506811236126,1.1026858180761447e-05,0.0,0.9992182447665909,0.00012469290440082675,0.0
0.264552235592378,0.025774687524196697,8.58306798934945e-05,0.0,0.9999981118608455,3.874301522970238e-07,5.960463881492674e-08
0.2544812559976107,0.029005676502983038,0.00017023084845543078,0.0,0.9999997807907323,4.172324717044872e-07,1.1920927762985348e-07
0.24715074895789044,0.030923634762237136,0.00023391840502918,0.0,0.9999997807907323,4.768371105194139e-07,2.980231940746337e-08
0.22915408014302283,0.028670728201725084,0.0002663731308639076,0.0,0.9999997807907323,4.172324717044872e-07,0.0
0.2127611935050603,0.02775466441632897,0.00025200841290951026,0.0,0.9999997807907323,3.278255134820971e-07,1.4901159703731684e-07
0.11297255754003031,0.022575318809458286,1.1920927762985347e-06,7.450579851865842e-07,0.9991297914825896,2.7894970965385714e-05,3.215670264065298e-05
0.032356441019625766,0.024897277350930804,2.5331971496343865e-06,4.6193595081568225e-06,0.9991524412453393,3.5166736900806776e-06,0.00016561148894727394
0.07107469439212226,0.03930348157209677,1.0132788598537545e-06,5.0067896604538464e-06,0.9999224139695505,1.564621768891827e-05,4.1961665725708426e-05
0.042273908851780416,0.04267627000077948,9.536742210388278e-07,1.5616415369510804e-05,0.9997959925306241,2.9057261422276787e-05,0.0001278817525774253
0.03204044699536212,0.0483922660267935,4.172324717044872e-07,5.349516333639675e-05,0.9966265158616403,7.936357658207495e-05,0.0010196267538875442
0.03947627544239614,0.053010791531068566,1.1920927762985348e-07,6.318091714382234e-05,0.9380743757589076,0.00021329519999921533,0.008098184252590021
0.050417453048525726,0.05062344669428864,8.940695822239011e-08,4.1097398462891984e-05,0.4744227650195765,0.00023663041609525915,0.04658892284850823
0.07521444558785843,0.048134058705670724,5.960463881492674e-08,1.7017124381661583e-05,0.03182452598853739,0.00011852382428348182,0.46648494704771803
0.15257138013207958,0.04592508076835061,7.152556657791209e-07,2.980231940746337e-06,0.0002748369895756272,1.6510484951734707e-05,0.9930988749180177
0.2352985441587291,0.03923821448607889,7.629393768310623e-06,6.854533463716575e-07,5.245208215713553e-06,1.5795229285955586e-06,0.9998965455563048
0.23487716912250692,0.033226460212740026,2.309679754078411e-05,5.66244068741804e-07,1.0132788598537545e-06,4.4703479111195056e-07,0.9999718858197669
0.22448539732957176,0.03176251053266234,3.641843431592024e-05,5.66244068741804e-07,3.278255134820971e-07,3.5762783288956044e-07,0.9999830914918642
0.6889280676556466,0.4098063110603504,0.9999996615814547,3.367662093043361e-06,2.086162358522436e-07,5.066394299268773e-07,2.545118077397372e-05
0.4723105728430678,0.4435838162139446,0.9999999000000099,0.0,1.1920927762985348e-07,0.0,2.980231940746337e-08
0.5687796473267593,0.3070966600845908,0.9999999000000099,0.0,8.940695822239011e-08,0.0,0.0
0.516861319520529,0.36416643851720126,0.9999999000000099,0.0,2.980231940746337e-08,0.0,0.0
0.5758024453878394,0.3226938247128099,0.9999999000000099,0.0,0.0,0.0,2.980231940746337e-08
0.5565593838461252,0.35582882159815776,0.9999999000000099,0.0,5.960463881492674e-08,0.0,5.960463881492674e-08
0.57249498364939,0.32983762020185153,0.9999999000000099,0.0,0.0,0.0,8.940695822239011e-08
0.5719301104308769,0.3398773073568096,0.9999999000000099,0.0,0.0,0.0,1.1920927762985348e-07
0.5731455683470864,0.33697795862149676,0.9999999000000099,0.0,8.940695822239011e-08,0.0,2.980231940746337e-08
0.5787069201229792,0.336235940398815,0.9999999000000099,0.0,5.960463881492674e-08,0.0,0.0
0.5795166492222193,0.3385549187080492,0.9999999000000099,0.0,1.1920927762985348e-07,0.0,0.0
0.5800844430683262,0.339896500052424,0.9999999000000099,0.0,1.1920927762985348e-07,0.0,2.980231940746337e-08
0.44834020731976837,0.2451834976253286,4.005431728363077e-05,1.1920927762985348e-07,2.65240642726424e-05,0.9999999000000099,6.467103311419552e-06
0.17532172798384443,0.16616022583977264,3.7193294620514286e-05,0.0,1.892447282373924e-05,0.9999993039536218,2.086162358522436e-07
0.23646771906827235,0.1511956453064464,1.007318395972262e-05,0.0,4.768371105194139e-06,0.9999994231628994,4.768371105194139e-07
0.23884359001124345,0.15249651667844658,1.0192393237352472e-05,0.0,4.470347911119505e-06,0.9999994827675383,5.066394299268773e-07
0.23771411179511895,0.1522540449835418,1.0669230347871886e-05,0.0,4.410743272304579e-06,0.9999994827675383,5.066394299268773e-07
0.2336361408136899,0.1494131088000988,1.1444090652465934e-05,0.0,4.500150230526969e-06,0.9999994231628994,4.768371105194139e-07
0.2329843342207756,0.14832156894051401,1.1742113846540568e-05,0.0,4.351138633489652e-06,0.9999994231628994,4.4703479111195056e-07
0.23115745185848555,0.14691644904481954,1.2338160234689835e-05,0.0,4.351138633489652e-06,0.9999994231628994,4.4703479111195056e-07
0.23009619115830365,0.14586731788998517,1.272559038698686e-05,0.0,4.351138633489652e-06,0.9999993039536218,3.874301522970238e-07
0.2255486845876759,0.14301663634712308,1.3738869246840614e-05,0.0,4.410743272304579e-06,0.999999244348983,4.172324717044872e-07
0.2198623716740167,0.13955637810224744,1.5020368981361538e-05,0.0,4.470347911119505e-06,0.9999990655350666,2.9802319407463367e-07
0.2174852788358278,0.13780444858098678,1.576542696654812e-05,0.0,4.589557188749359e-06,0.9999989463257889,2.9802319407463367e-07
0.6355933546756773,0.397211849621467,0.999999542372177,2.413987872004533e-06,1.1920927762985348e-07,3.278255134820971e-07,1.4543531870842124e-05
0.5558492541083007,0.4316838978981875,0.9999999000000099,0.0,2.682208746671703e-07,0.0,8.940695822239011e-08
0.5746850371122815,0.32673254603513163,0.9999999000000099,0.0,8.940695822239011e-08,0.0,0.0
0.5346575975196701,0.353062063395125,0.9999999000000099,0.0,5.960463881492674e-08,0.0,0.0
0.5695264339211193,0.3388552069083762,0.9999999000000099,0.0,0.0,0.0,5.960463881492674e-08
0.5475295781862514,0.35567948216069856,0.9999999000000099,0.0,5.960463881492674e-08,0.0,2.980231940746337e-08
0.5563119649656728,0.34272313112112335,0.9999999000000099,0.0,8.940695822239011e-08,0.0,5.960463881492674e-08
0.5530039667854204,0.35060697787956946,0.9999999000000099,0.0,8.940695822239011e-08,0.0,2.980231940746337e-08
0.5497078895341226,0.34951972955440774,0.9999999000000099,0.0,2.980231940746337e-08,0.0,5.960463881492674e-08
0.5500719547043956,0.3498482107517087,0.9999999000000099,0.0,8.940695822239011e-08,0.0,0.0
0.5511783361206706,0.35023179644309504,0.9999999000000099,0.0,1.7881391644478022e-07,0.0,2.980231940746337e-08
0.5510172247658494,0.35042053455074396,0.9999999000000099,0.0,2.980231940746337e-08,0.0,2.980231940746337e-08
0.2006431519902117,0.4031723439003078,0.04844808094010401,1.7881391644478022e-07,0.0006368159610986773,0.9995662166479925,0.0
0.4535182714274488,0.38663476698930604,0.9999999000000099,1.7881391644478022e-07,5.21540589630609e-06,8.940695822239011e-08,0.0
0.5238824486515555,0.39713752262944485,0.9999999000000099,1.7881391644478022e-07,1.600384552180783e-05,0.0,0.0
0.4831905364790156,0.4602253138230945,0.9999999000000099,5.960463881492674e-08,1.603364784121529e-05,0.0,0.0
0.5132603645112177,0.4344709514827627,0.9999999000000099,5.960463881492674e-08,4.172324717044872e-06,0.0,0.0
0.5322711467522518,0.4084234833017982,0.9999999000000099,0.0,1.4007090121507783e-06,0.0,0.0
0.5346998572128141,0.4022117852475945,0.9999999000000099,0.0,5.066394299268773e-07,0.0,0.0
0.5522816777000622,0.39523047202018274,0.9999999000000099,0.0,2.682208746671703e-07,0.0,0.0
0.5595558881527944,0.3891484140683434,0.9999999000000099,0.0,1.1920927762985348e-07,0.0,2.980231940746337e-08
0.5588676929242462,0.38258242600565545,0.9999999000000099,0.0,5.960463881492674e-08,0.0,2.980231940746337e-08
0.5597652196652368,0.37239447229684397,0.9999999000000099,0.0,1.4901159703731684e-07,0.0,5.960463881492674e-08
0.5672674774888703,0.36184424155714967,0.9999999000000099,0.0,8.940695822239011e-08,0.0,2.980231940746337e-08
0.1832219064159819,0.6291621922369308,3.0100342601538e-06,0.9999999000000099,0.0,2.980231940746337e-08,0.0
0.17667722701294786,0.47646734110302813,5.960463881492674e-08,0.9999999000000099,0.0,1.9133089059591483e-05,0.0
0.18135565518581934,0.5721898673985115,0.0,0.9999999000000099,0.0,1.3560055330395832e-05,2.980231940746337e-08
0.17595830559001926,0.6302812694423972,5.960463881492674e-08,0.9999999000000099,0.0,1.1354683694243543e-05,8.940695822239011e-08
0.18086981772627522,0.6388912199833728,5.960463881492674e-08,0.9999999000000099,0.0,1.060962570905696e-05,8.940695822239011e-08
0.18481984733769918,0.6406219004487747,2.980231940746337e-08,0.9999999000000099,0.0,1.0520218750834569e-05,8.940695822239011e-08
0.18752852081475987,0.6404253243303392,8.940695822239011e-08,0.9999999000000099,0.0,1.0788439625501739e-05,2.980231940746337e-08
0.1894284188668968,0.6391750573017446,0.0,0.9999999000000099,0.0,1.150369529128086e-05,2.980231940746337e-08
0.19079545139476378,0.6379214524130432,2.980231940746337e-08,0.9999999000000099,0.0,1.2457369512319688e-05,2.980231940746337e-08
0.19188407062689644,0.636637866388025,0.0,0.9999999000000099,0.0,1.353025301098837e-05,0.0
0.19282686709559213,0.6353740691050688,2.980231940746337e-08,0.9999999000000099,0.0,1.4871357384324222e-05,2.980231940746337e-08
0.19373729824217614,0.6334537266600241,2.980231940746337e-08,0.9999999000000099,0.0,1.6421077993512318e-05,1.4901159703731684e-07
0.29666945337020767,0.2562655508079402,0.9999997807907323,5.960463881492674e-08,5.960463881492674e-08,0.0,1.1920927762985348e-07
0.7025886177725736,0.5913842319429542,0.9999999000000099,2.980231940746337e-08,5.960463881492674e-08,0.0,0.0
0.7700124382653872,0.5873845218606313,0.9999999000000099,1.4901159703731684e-07,4.4703479111195056e-07,0.0,0.0
0.7120701670351816,0.3921598791404595,0.9999999000000099,0.0,7.748603045940476e-07,0.0,8.940695822239011e-08
0.6830589174941465,0.3761784433674393,0.9999999000000099,0.0,1.043081179261218e-06,0.0,5.960463881492674e-08
0.6910362839412649,0.35946375125451774,0.9999999000000099,0.0,2.2351739555597527e-06,0.0,2.682208746671703e-07
0.6979330777832949,0.35670912259669474,0.9999999000000099,0.0,3.2782551348209707e-06,0.0,4.4703479111195056e-07
0.7059043645566465,0.3589462041240216,0.9999999000000099,0.0,3.3378597736358976e-06,0.0,4.768371105194139e-07
0.7233614921270296,0.35798129433224046,0.9999999000000099,0.0,3.844499203562775e-06,0.0,5.066394299268773e-07
0.741307020156682,0.3529379665247239,0.9999999000000099,0.0,5.871056923270284e-06,0.0,8.642672628164378e-07
0.7418498992612739,0.35128104680721894,0.9999999000000099,0.0,7.718800726533013e-06,0.0,1.3113020539283883e-06
0.732744753330407,0.35244697326347074,0.9999999000000099,0.0,8.076428559422574e-06,0.0,1.4007090121507783e-06
0.21466049551074945,0.026226133103648203,3.2186504960060438e-06,5.066394299268773e-07,0.21757162421795048,4.4077630403638326e-05,0.8096812153804502
0.22031173109095978,0.04158484935048419,1.8179414838552656e-05,6.258487075567308e-07,5.406140740513855e-05,2.413987872004533e-06,0.9999405933843891
0.25589475034607817,0.03828534483254027,1.1861323124170421e-05,3.5762783288956044e-07,6.943940421938965e-06,2.8908249825239467e-06,0.9999752236795405
0.21731767057472634,0.03285753726396592,3.4719702109694823e-05,5.66244068741804e-07,8.642672628164378e-07,5.66244068741804e-07,0.9999906612809936
0.13953107594865957,0.02533492445511917,4.6879048427939884e-05,4.440545591712042e-06,0.0,8.940695822239011e-08,0.9999977542330126
0.08314728736533147,0.025169044728737662,1.1205672097206226e-05,0.00010564922229945764,0.0,0.0,0.9999990655350666
0.1194469332645547,0.072304993855493,3.2186504960060438e-06,0.003688990700894631,0.0,2.980231940746337e-08,0.9999556733580093
0.32712924479083666,0.150513946984267,0.0,0.9988722994429091,0.0,6.079673159122528e-06,0.8859854050614325
0.20806202291580783,0.46122422806471425,0.0,0.9999994231628994,0.0,0.0010911821227848639,0.011816411028823373
0.145295679563228,0.3335686921502177,0.0,0.9999999000000099,0.0,0.009447633275359963,0.0002308189638108038
0.13834184407615024,0.349052607953383,0.0,0.9999999000000099,0.0,0.005079715936043909,7.65621585577734e-05
0.14024373888388703,0.36462262266591156,0.0,0.9999999000000099,0.0,0.0030464526944697207,4.4763083750009984e-05
0.5324981808441919,0.3662916421263039,0.9999996019768158,8.642672628164378e-07,8.940695822239011e-08,1.4901159703731684e-07,5.066394299268773e-06
0.5530570745239131,0.4598556756185832,0.9999999000000099,0.0,1.4901159703731684e-07,0.0,5.960463881492674e-08
0.5691072940590761,0.32421326631716396,0.9999999000000099,0.0,1.7881391644478022e-07,0.0,2.980231940746337e-08
0.5525632500419695,0.3330005108739936,0.9999999000000099,0.0,5.960463881492674e-08,0.0,0.0
0.5770972370862416,0.33582437032671136,0.9999999000000099,0.0,8.940695822239011e-08,0.0,0.0
0.5760811567067976,0.3436132668860466,0.9999999000000099,0.0,8.940695822239011e-08,0.0,2.980231940746337e-08
0.5843517780061988,0.3395372628584242,0.9999999000000099,0.0,1.1920927762985348e-07,0.0,0.0
0.5842875241991335,0.34629124397070155,0.9999999000000099,0.0,1.1920927762985348e-07,0.0,0.0
0.5820584296939159,0.34902220958455277,0.9999999000000099,0.0,1.1920927762985348e-07,0.0,2.980231940746337e-08
0.5847442149873837,0.3496499359008973,0.9999999000000099,0.0,1.1920927762985348e-07,0.0,8.940695822239011e-08
0.5781217217205986,0.3533566295495546,0.9999999000000099,0.0,5.960463881492674e-08,0.0,1.1920927762985348e-07
0.5746569633245934,0.35394954675335627,0.9999999000000099,0.0,1.1920927762985348e-07,0.0,1.1920927762985348e-07
0.4557014405538691,0.3290088176163916,0.9999997211860935,4.172324717044872e-07,2.980231940746337e-08,0.0,1.519918289780632e-06
0.6363207101558414,0.5011895298099612,0.9999999000000099,0.0,8.940695822239011e-08,0.0,0.0
0.6165404915554336,0.373939931328638,0.9999999000000099,0.0,3.874301522970238e-07,0.0,8.940695822239011e-08
0.5787031054257137,0.3317686020759868,0.9999999000000099,0.0,2.086162358522436e-07,0.0,8.940695822239011e-08
0.5734366774321573,0.3588213323932386,0.9999999000000099,0.0,1.7881391644478022e-07,0.0,8.940695822239011e-08
0.5741722583533,0.34249573940134415,0.9999999000000099,0.0,5.960463881492674e-08,0.0,2.980231940746337e-08
0.5767490267514782,0.3459958433512453,0.9999999000000099,0.0,1.1920927762985348e-07,0.0,2.980231940746337e-08
0.5779808759450002,0.33968120807553215,0.9999999000000099,0.0,1.4901159703731684e-07,0.0,0.0
0.5818900465724324,0.3387129604236441,0.9999999000000099,0.0,2.086162358522436e-07,0.0,0.0
0.5854923724885734,0.33731114858573413,0.9999999000000099,0.0,1.1920927762985348e-07,0.0,2.980231940746337e-08
0.5894387960189886,0.33788686984952104,0.9999999000000099,0.0,1.7881391644478022e-07,0.0,2.980231940746337e-08
0.5919287204497328,0.33938503259569397,0.9999999000000099,0.0,5.960463881492674e-08,0.0,0.0
0.6981662511536466,0.4126346110591032,0.9999997211860935,3.725289925932921e-06,2.9802319407463367e-07,6.258487075567308e-07,2.7567145451903616e-05
0.5434339046253248,0.4326052664969677,0.9999999000000099,0.0,4.172324717044872e-07,0.0,0.0
0.5791491865871943,0.30690962070931765,0.9999999000000099,0.0,1.7881391644478022e-07,0.0,5.960463881492674e-08
0.5381184220091203,0.3474898933769294,0.9999999000000099,0.0,8.940695822239011e-08,0.0,2.980231940746337e-08
0.5786997079609617,0.32779616111864396,0.9999999000000099,0.0,8.940695822239011e-08,0.0,1.1920927762985348e-07
0.5682119130852973,0.3414319753062199,0.9999999000000099,0.0,5.960463881492674e-08,0.0,2.980231940746337e-08
0.5767936706304131,0.33142709726380465,0.9999999000000099,0.0,1.4901159703731684e-07,0.0,8.940695822239011e-08
0.5776585340260683,0.33628261083566613,0.9999999000000099,0.0,8.940695822239011e-08,0.0,0.0
0.5789907574413878,0.3363559245487273,0.9999999000000099,0.0,0.0,0.0,0.0
0.5811696648357068,0.3372346758265004,0.9999999000000099,0.0,1.4901159703731684e-07,0.0,0.0
0.5800154804943239,0.3401141762151064,0.9999999000000099,0.0,1.4901159703731684e-07,0.0,0.0
0.5831587910410687,0.3406311869037997,0.9999999000000099,0.0,1.1920927762985348e-07,0.0,8.940695822239011e-08
0.38456082342462794,0.22442248459787775,4.029273583889048e-05,1.4901159703731684e-07,3.5166736900806775e-05,0.9999999000000099,2.7716157048940933e-06
0.37924695013383236,0.37260109179792245,0.9999966813495139,3.874301522970238e-06,3.5762783288956045e-06,2.4199483358860258e-05,0.0
0.39978450535072485,0.4302494823195909,0.9999999000000099,3.5762783288956044e-07,6.407498672604624e-06,0.0,0.0
0.45180863140142713,0.45257022969125715,0.9999999000000099,5.960463881492674e-08,3.0100342601538e-06,0.0,0.0
0.4725227057738146,0.4281485676032301,0.9999999000000099,0.0,9.238719016313645e-07,0.0,0.0
0.5105468034532856,0.4138464032895018,0.9999999000000099,0.0,4.768371105194139e-07,0.0,0.0
0.5287007093210643,0.41133633248915036,0.9999999000000099,0.0,1.1920927762985348e-07,0.0,0.0
0.5438641309512957,0.40537294738503843,0.9999999000000099,0.0,1.1920927762985348e-07,0.0,0.0
0.5564859509237651,0.3856645225818183,0.9999999000000099,0.0,1.1920927762985348e-07,0.0,0.0
0.5623992085223971,0.37428414815215694,0.9999999000000099,0.0,5.960463881492674e-08,0.0,2.980231940746337e-08
0.5663137435678588,0.3653033673137747,0.9999999000000099,0.0,5.960463881492674e-08,0.0,5.960463881492674e-08
0.5706556439163424,0.3612394928313621,0.9999999000000099,0.0,1.4901159703731684e-07,0.0,0.0
0.18380826710893555,0.6437708138317194,3.457069051265751e-06,0.9999998403953712,5.960463881492674e-08,2.980231940746337e-08,0.0
0.15904158353146985,0.4146368800883776,0.0,0.9999999000000099,0.0,1.3649462288618223e-05,0.0
0.18331119417385175,0.495480060492549,0.0,0.9999999000000099,0.0,1.3321636775136126e-05,0.0
0.17637154459222992,0.5664732455237275,0.0,0.9999999000000099,0.0,1.3738869246840614e-05,0.0
0.17682901024086212,0.5847509502363264,0.0,0.9999999000000099,0.0,1.2427567192912226e-05,0.0
0.17932721971722962,0.5925511120735222,5.960463881492674e-08,0.9999999000000099,0.0,1.177191616594803e-05,2.980231940746337e-08
0.18153572081767833,0.5950109361583366,2.980231940746337e-08,0.9999999000000099,0.0,1.1652706888318178e-05,8.940695822239011e-08
0.18320065736012037,0.5963261126450804,5.960463881492674e-08,0.9999999000000099,0.0,1.1861323124170421e-05,0.0
0.18459302186201584,0.5959078668527631,8.940695822239011e-08,0.9999999000000099,0.0,1.2338160234689835e-05,1.1920927762985348e-07
0.18571078776544245,0.5947903393680607,0.0,0.9999999000000099,0.0,1.3023613581061492e-05,0.0
0.186606377355478,0.594071626561482,0.0,0.9999999000000099,0.0,1.388788084387793e-05,8.940695822239011e-08
0.1874144971293093,0.5935665368017419,0.0,0.9999999000000099,0.0,1.4871357384324222e-05,2.980231940746337e-08
0.08641871809601571,0.14621379969000517,4.172324717044872e-07,0.9999996615814547,0.0,0.0,1.4901159703731684e-07
0.1128400564147001,0.469033032575401,1.4901159703731684e-07,0.9999999000000099,0.0,5.066394299268773e-07,0.0
0.38745683430020994,0.9053556917547614,5.528330250084455e-05,0.9999712897733788,0.0,0.0,0.00012451409048438197
0.31601104138973146,0.6795204280643368,0.36721467279887265,0.0012456475442737464,0.0,6.854533463716575e-07,0.5473646570250089
0.1909095942895039,0.16146397587872377,4.178285180926364e-05,7.95721928179272e-06,0.0,8.177756445407949e-05,0.999469120691363
0.1529393792089076,0.08375522492881918,0.0005614160929977949,1.1026858180761447e-06,0.0,3.3378597736358976e-06,0.9999638391935269
0.19237712024845804,0.057102560987231314,7.295607790947034e-05,1.3411043733358516e-06,0.0,2.413987872004533e-06,0.9999727202847103
0.20042058824662962,0.04424232243733993,0.00012436507888734463,5.960463881492673e-07,5.960463881492674e-08,1.0132788598537545e-06,0.9999849988403062
0.220706194630067,0.039298504584258875,6.332992874085967e-05,4.768371105194139e-07,1.4901159703731684e-07,1.1026858180761447e-06,0.9999854756774167
0.2278067469502533,0.03609347342826777,5.879997619092523e-05,3.278255134820971e-07,1.4901159703731684e-07,9.536742210388278e-07,0.9999875022351364
0.2381729185482585,0.03590729832034372,4.434585127830549e-05,2.682208746671703e-07,2.086162358522436e-07,1.2218950957059981e-06,0.9999864293516377
0.2472951710121752,0.036403357976401964,3.486871370673214e-05,2.682208746671703e-07,4.768371105194139e-07,1.6391275674104854e-06,0.9999851180495838
0.09305450319858517,0.4198853968854983,0.9970579342373828,2.9802319407463367e-07,0.0021715162013054108,0.0063569837412089745,0.0
0.7350741624527776,0.43789046995294134,0.9999999000000099,0.0,1.0132788598537545e-06,0.0,0.0
0.7272620796856145,0.38481572263803976,0.9999999000000099,0.0,2.8312203437090202e-06,0.0,2.086162358522436e-07
0.6545674204555313,0.37761336558551634,0.9999999000000099,0.0,1.9073484420776557e-06,0.0,2.3841855525970696e-07
0.6061784624802401,0.37471473210594064,0.9999999000000099,0.0,1.1920927762985347e-06,0.0,1.1920927762985348e-07
0.5798698067424989,0.37172812217069157,0.9999999000000099,0.0,5.960463881492673e-07,0.0,8.940695822239011e-08
0.580890834307459,0.3693854808174855,0.9999999000000099,0.0,2.682208746671703e-07,0.0,8.940695822239011e-08
0.5773347615956618,0.36902517073988,0.9999999000000099,0.0,2.086162358522436e-07,0.0,2.980231940746337e-08
0.5778229832409968,0.3651382326454528,0.9999999000000099,0.0,1.1920927762985348e-07,0.0,2.980231940746337e-08
0.5788494348286313,0.3588410317283335,0.9999999000000099,0.0,1.1920927762985348e-07,0.0,8.940695822239011e-08
0.577392697310381,0.3554329275476274,0.9999999000000099,0.0,1.1920927762985348e-07,0.0,2.980231940746337e-08
0.5752900242567266,0.35250473016424816,0.9999999000000099,0.0,1.1920927762985348e-07,0.0,0.0
0.15104645490020913,0.02351206540658792,1.6093252480030219e-06,1.0132788598537545e-06,0.747348233828409,5.30481285452848e-05,0.17082698425053824
0.08649703859924733,0.03623092173909628,1.2814997345209249e-06,1.6391275674104854e-06,0.9896310174271264,3.206729568243058e-05,0.013797997048545022
0.08691781758902177,0.03426635264763581,1.996755400300046e-06,1.4603136509657052e-06,0.999932546758149,1.3381241413951053e-05,3.427266731858287e-05
0.1108135878993879,0.0333622693958375,1.087784658372413e-05,4.172324717044872e-07,0.9999979330469291,2.712011066079167e-06,2.026557719707509e-06
0.14045524596586376,0.032033473247764864,2.890824982523947e-05,2.086162358522436e-07,0.9999996615814547,1.2814997345209249e-06,5.960463881492673e-07
0.1593419909411254,0.03242713212411653,5.459784915447289e-05,0.0,0.9999997807907323,9.238719016313645e-07,2.9802319407463367e-07
0.16075605153371822,0.030948489899104217,7.340311270058228e-05,2.980231940746337e-08,0.9999998403953712,7.450579851865842e-07,2.086162358522436e-07
0.15235874056185217,0.029180049891243585,7.069110163450312e-05,8.940695822239011e-08,0.9999997807907323,6.258487075567308e-07,2.682208746671703e-07
0.13129666447095795,0.027346372599687457,5.099176850616983e-05,5.960463881492674e-08,0.9999997807907323,5.66244068741804e-07,5.066394299268773e-07
0.0864471495115724,0.02849212288368621,2.0116565600037775e-05,2.682208746671703e-07,0.9999987079072337,1.4305113315582417e-06,3.546476009488141e-06
0.03375902771809979,0.039505511515528356,2.413987872004533e-06,1.3917683163285393e-05,0.9998036815290312,2.6434657314420008e-05,0.00033718344177604057
0.034440696238045326,0.05301499365852451,4.768371105194139e-07,5.590915120840128e-05,0.9850970713663915,0.00017797945150137124,0.006625443034431404
0.15409070252734136,0.02565294503726381,1.7285345256328755e-06,2.086162358522436e-07,0.9997220827784936,2.1308658376336308e-05,3.725289925932921e-06
0.205922067156848,0.03337791561508836,5.674361615181025e-05,0.0,0.9999997807907323,6.854533463716575e-07,2.980231940746337e-08
0.2944803833839549,0.051409453144807125,2.6166436439752837e-05,0.0,0.9999997807907323,2.8312203437090202e-06,0.0
0.3013371825093424,0.04481643437571819,2.0265577197075092e-05,2.980231940746337e-08,0.9999997807907323,2.2351739555597527e-06,0.0
0.3100759386887901,0.0446664392871666,1.2367962554097299e-05,8.940695822239011e-08,0.9999997807907323,2.65240642726424e-06,0.0
0.33195635675009416,0.0474934577860569,5.03659197986131e-06,8.940695822239011e-08,0.999999542372177,6.854533463716575e-06,0.0
0.35325002668825356,0.05176025628157262,2.2053716361522894e-06,1.4901159703731684e-07,0.9999988271165112,2.6494261953234936e-05,0.0
0.3642043173162332,0.06111270188238814,1.1920927762985347e-06,1.4901159703731684e-07,0.999994058745406,0.00014770029498338845,0.0
0.3608863651603037,0.07644021509768956,8.344649434089744e-07,2.3841855525970696e-07,0.9999305202004294,0.0016922054982751776,0.0
0.19916769861350278,0.08647930620620001,1.0192393237352472e-05,8.940695822239011e-08,0.958896064236126,0.7990630066034039,0.0
0.13192063569476328,0.122031420448388,3.850459667444267e-05,0.0,0.0021221635603666518,0.9999739123774867,0.0
0.18690153955639352,0.142569273685838,8.04662624001511e-06,0.0,4.285573530793233e-05,0.999997635023735,2.980231940746337e-08
0.4306256770909334,0.25541245932973855,7.808207684755403e-05,8.940695822239011e-08,3.209709800183805e-05,0.9999999000000099,4.947185021638919e-06
0.44693306086596923,0.48541322342190035,0.9999993039536218,2.65240642726424e-06,7.063149699568818e-06,6.9975845968724e-05,0.0
0.3681507408466484,0.4374864100660782,0.9999999000000099,3.874301522970238e-07,3.254413279295e-05,2.980231940746337e-08,0.0
0.4028151631188489,0.4803361891877691,0.9999999000000099,2.086162358522436e-07,2.115964677929899e-05,2.980231940746337e-08,0.0
0.45520395038627187,0.44148361675332093,0.9999999000000099,8.940695822239011e-08,3.5762783288956045e-06,0.0,0.0
0.48480677602667815,0.4208016692871511,0.9999999000000099,2.980231940746337e-08,1.0132788598537545e-06,0.0,0.0
0.5194668173574879,0.4106529950392399,0.9999999000000099,0.0,4.768371105194139e-07,0.0,0.0
0.5476888417970847,0.3983433841976893,0.9999999000000099,0.0,2.3841855525970696e-07,0.0,0.0
0.5656208991770184,0.38492816680038927,0.9999999000000099,0.0,1.4901159703731684e-07,0.0,0.0
0.5725331306220446,0.373374640877685,0.9999999000000099,0.0,5.960463881492674e-08,0.0,2.980231940746337e-08
0.5796161889789901,0.36322581761816186,0.9999999000000099,0.0,1.1920927762985348e-07,0.0,5.960463881492674e-08
0.5802311300991123,0.35813879960603245,0.9999999000000099,0.0,1.7881391644478022e-07,0.0,0.0
0.4382253289041258,0.2537837624115299,6.675719547271795e-05,1.4901159703731684e-07,3.015994724035293e-05,0.9999999000000099,5.6624406874180405e-06
0.32503384350384457,0.1932879686024614,7.301568254828525e-06,0.0,4.351138633489652e-06,0.9999997807907323,3.4272667318582874e-06
0.31909173725714235,0.19019326564393063,4.529952549934432e-06,0.0,2.0563600391149723e-06,0.9999997807907323,4.321336314082188e-06
0.32762643693521,0.1847839653175559,4.053115439415018e-06,0.0,1.519918289780632e-06,0.9999998403953712,4.261731675267262e-06
0.33107018469393273,0.18106964227436867,3.904103842377701e-06,0.0,1.2814997345209249e-06,0.9999999000000099,4.142522397637409e-06
0.33135515450059205,0.1785075366191372,3.844499203562775e-06,0.0,1.2516974151134616e-06,0.9999997807907323,4.053115439415018e-06
0.33437019585178557,0.1766796409781233,3.784894564747848e-06,0.0,1.1920927762985347e-06,0.9999999000000099,4.053115439415018e-06
0.340197801575879,0.17437076565617676,3.784894564747848e-06,0.0,1.1026858180761447e-06,0.9999997807907323,4.053115439415018e-06
0.3433237671709949,0.17200371620093938,3.725289925932921e-06,0.0,1.043081179261218e-06,0.9999997807907323,3.993510800600092e-06
0.34813746808517854,0.16827380654314605,3.725289925932921e-06,0.0,1.0132788598537545e-06,0.9999997807907323,3.725289925932921e-06
0.35296672581164784,0.16431820389794938,3.695487606525458e-06,0.0,9.834765404462913e-07,0.9999997807907323,3.546476009488141e-06
0.3572267591805358,0.160525739165475,3.725289925932921e-06,0.0,8.642672628164378e-07,0.9999997807907323,3.1590458571911173e-06
0.2853674292446228,0.19163128730353549,5.6475395277143086e-05,8.940695822239011e-08,6.729363722205229e-05,0.9999997211860935,5.066394299268773e-07
0.21512916683259894,0.14609980580689175,1.2606381109357005e-05,0.0,9.655951488018132e-06,0.9999990655350666,2.086162358522436e-07
0.21669158338603156,0.14402267334379223,1.1205672097206226e-05,0.0,6.526707950234478e-06,0.9999989463257889,2.086162358522436e-07
0.22763192652713432,0.14701163766250955,9.894370043277838e-06,0.0,5.424022132158334e-06,0.999999244348983,2.682208746671703e-07
0.2297980785274719,0.14845272896131978,1.007318395972262e-05,0.0,5.245208215713553e-06,0.9999993039536218,3.278255134820971e-07
0.22974070905687793,0.1483073234304151,1.0490416431427107e-05,0.0,5.03659197986131e-06,0.9999993039536218,3.278255134820971e-07
0.22892403601652175,0.14746803042747655,1.096725354194652e-05,0.0,4.976987341046382e-06,0.9999993039536218,3.5762783288956044e-07
0.2301647961044373,0.14772725102756035,1.11460674583913e-05,0.0,4.887580382823993e-06,0.9999993039536218,3.5762783288956044e-07
0.22868281601912574,0.14664182064406397,1.1712311527133104e-05,0.0,4.798173424601603e-06,0.999999244348983,4.172324717044872e-07
0.2275179624463285,0.14547783133876707,1.2189148637652518e-05,0.0,4.678964146971749e-06,0.9999993039536218,3.5762783288956044e-07
0.21890458463716062,0.14066347477411598,1.3917683163285393e-05,0.0,4.887580382823993e-06,0.9999990655350666,3.278255134820971e-07
0.20101171731116507,0.13248771426793235,1.8507240352034754e-05,0.0,5.602836048603113e-06,0.9999983502794008,1.4901159703731684e-07
0.1716569662023037,0.14187014100506476,0.00012379883481860283,5.960463881492674e-08,0.00024363396115601306,0.9999948932103495,2.980231940746337e-08
0.1375076174679084,0.11533376572541378,4.33623747378592e-05,0.0,4.0352340477705406e-05,0.9999870253980259,0.0
0.13639593123824864,0.11585336921615426,4.059075903296511e-05,0.0,2.8491017353534983e-05,0.9999882174908022,2.980231940746337e-08
0.10898554324652475,0.11429664490649956,6.934999726116726e-05,0.0,3.597139952480829e-05,0.9999745084238748,0.0
0.0717836320370514,0.11639076469335717,0.00012102721911370875,0.0,5.2273268240690753e-05,0.9999168707381407,0.0
0.04312971234143004,0.10890477893871862,0.00020679829436838832,5.960463881492674e-08,0.00018706915892064758,0.9993694021306256,8.940695822239011e-08
0.06091374158607023,0.07957366107531767,0.0004243552260428709,0.0,0.00914254693158576,0.9843791930965045,8.940695822239011e-08
0.20566704868418703,0.07816803454014272,2.1427867653966164e-05,0.0,0.9762307621333934,0.0032216605302661976,5.960463881492674e-08
0.25128531454953135,0.023670494552373782,0.00010776518697738755,0.0,0.9999952508381824,4.172324717044872e-07,8.940695822239011e-08
0.22401040791537633,0.023285359140223543,0.0002495348203986908,0.0,0.9999996615814547,2.086162358522436e-07,0.0
0.22012263535541768,0.028163015837615248,0.0003110468076556952,0.0,0.9999998403953712,3.874301522970238e-07,1.1920927762985348e-07
0.2084318697366238,0.027896136040679136,0.00030988451719880415,0.0,0.9999997807907323,4.172324717044872e-07,1.1920927762985348e-07
0.2910059392331741,0.12052273748241403,3.8146968841553113e-06,8.940695822239011e-08,0.7703750555232244,0.1373606484858437,0.0
0.07705074548402263,0.03666782378522509,3.597139952480829e-05,1.4901159703731684e-07,0.9998580409596304,2.0563600391149723e-06,7.152556657791209e-07
0.16106697916317617,0.017213255164059933,2.2917983624339332e-05,0.0,0.9999979926515679,1.1920927762985348e-07,1.7881391644478022e-07
0.20610660313706494,0.0376991033489523,8.401273840963924e-05,2.980231940746337e-08,0.9999997807907323,8.642672628164378e-07,8.940695822239011e-08
0.18763464688477807,0.030402779573956575,0.00011110304675102345,0.0,0.9999997807907323,3.874301522970238e-07,0.0
0.158832609646896,0.02641570567632387,7.611512376666144e-05,5.960463881492674e-08,0.9999996615814547,3.5762783288956044e-07,1.4901159703731684e-07
0.1199237108180933,0.024987399573815763,3.811716652214565e-05,5.960463881492674e-08,0.9999996615814547,4.4703479111195056e-07,5.066394299268773e-07
0.04365181922731845,0.03378841280358619,4.589557188749359e-06,4.172324717044872e-06,0.9999758197259287,7.718800726533013e-06,5.528330250084455e-05
0.035096138714290764,0.056199252595814944,4.4703479111195056e-07,5.787610428929386e-05,0.9883103574449041,0.00018373129914701168,0.009360103863260243
0.07694613933244615,0.055757164945591575,1.7881391644478022e-07,2.008676328063031e-05,0.10029037783984343,0.00019261239033043577,0.5853890191245197
0.192069500676785,0.0432384610102047,3.367662093043361e-06,1.4007090121507783e-06,4.6491618275642854e-05,4.678964146971749e-06,0.9993189170015494
0.22464853524231523,0.03224301337643687,2.9146668380499176e-05,6.854533463716575e-07,8.344649434089744e-07,2.9802319407463367e-07,0.9999736739589313
0.33552175758879843,0.03281489014063643,1.2308357915282372e-05,3.5762783288956044e-07,0.0031233128762215684,2.899765678346186e-05,0.99814095052465
0.29174876211865663,0.047342061988353334,4.202127036452335e-06,1.7881391644478022e-07,0.0001496970503836885,2.4974343663454304e-05,0.9999417258725266
0.26987722514942375,0.041392266743247884,7.987021601200183e-06,2.086162358522436e-07,2.0921228224039285e-05,7.86781232357033e-06,0.9999755217027346
0.25873085855366335,0.03878381847671151,1.3679264608025687e-05,2.9802319407463367e-07,6.377696353197161e-06,4.112720078229945e-06,0.99998380674753
0.24593016504223053,0.0366337299284194,2.226233259737514e-05,2.3841855525970696e-07,2.5331971496343865e-06,2.324580913782143e-06,0.9999882174908022
0.23673063515636572,0.03522679209105961,3.16500632107261e-05,3.278255134820971e-07,1.2218950957059981e-06,1.5497206091880952e-06,0.9999903632577996
0.23641294239972604,0.03549581765520727,3.486871370673214e-05,3.874301522970238e-07,9.238719016313645e-07,1.5795229285955586e-06,0.9999904824670772
0.23844629525150954,0.0358583629069915,3.55541670531038e-05,2.682208746671703e-07,8.344649434089744e-07,1.7583368450403388e-06,0.9999903632577996
0.24194830655049782,0.03617596625662279,3.43322719573978e-05,2.682208746671703e-07,9.238719016313645e-07,1.9669530808925826e-06,0.9999897672114114
0.2405197322269028,0.03536322712292712,3.764032941162624e-05,2.682208746671703e-07,7.748603045940476e-07,1.6689298868179488e-06,0.9999904228624383
0.23960462211570413,0.0349097549855536,3.981589872837106e-05,2.682208746671703e-07,6.556510269641942e-07,1.5497206091880952e-06,0.9999906016763548
0.24032264946896112,0.034950643771862515,3.9964910325408376e-05,2.3841855525970696e-07,6.258487075567308e-07,1.519918289780632e-06,0.9999903632577996
0.18272575735289212,0.6180849074259004,2.65240642726424e-06,0.9999999000000099,5.960463881492674e-08,0.0,0.0
0.18264546989638297,0.5129073857382831,1.1920927762985348e-07,0.9999999000000099,0.0,1.934170529544373e-05,2.980231940746337e-08
0.18076375126090183,0.597325324909924,0.0,0.9999999000000099,0.0,1.2546776470542079e-05,0.0
0.17789447306850048,0.6474479435765731,2.980231940746337e-08,0.9999999000000099,0.0,1.0371207153797252e-05,8.940695822239011e-08
0.18315023183064247,0.6548413037132466,2.980231940746337e-08,0.9999999000000099,0.0,9.864567723870376e-06,0.0
0.18729418515383514,0.6557846068213004,0.0,0.9999999000000099,0.0,9.894370043277838e-06,2.980231940746337e-08
0.1900236010472768,0.6556982992956804,0.0,0.9999999000000099,0.0,1.0401009473204716e-05,0.0
0.1919444501320514,0.6548219918083427,0.0,0.9999999000000099,0.0,1.1175869777798764e-05,2.980231940746337e-08
0.19337823986206404,0.6535688637567995,1.1920927762985348e-07,0.9999999000000099,0.0,1.2159346318245055e-05,8.940695822239011e-08
0.19454067944674797,0.6518128513173723,1.1920927762985348e-07,0.9999999000000099,0.0,1.3500450691580906e-05,8.940695822239011e-08
0.19552820920134575,0.6496288775285313,0.0,0.9999999000000099,0.0,1.5079973620176466e-05,5.960463881492674e-08
0.19638827442309664,0.6472182272756482,2.980231940746337e-08,0.9999999000000099,0.0,1.6838310465216805e-05,8.940695822239011e-08
0.16653820871617225,0.1393029391527059,0.00013005732189417014,5.960463881492674e-08,0.0002682506769865778,0.9999937011175731,0.0
0.12097582220530255,0.11248818037967911,6.210803364515366e-05,0.0,5.632638368010577e-05,0.9999762369584004,0.0
0.1354223489705277,0.11401414869263497,4.172324717044872e-05,0.0,3.334879541695151e-05,0.9999867273748319,0.0
0.12789896130032227,0.11520484087878667,4.81605481624608e-05,0.0,3.007054028213054e-05,0.9999848200263898,0.0
0.1262543499417478,0.1146728694242574,5.146860561668924e-05,0.0,2.971291244924098e-05,0.9999837471428911,0.0
0.1346730589810873,0.11492687461792424,4.54783394157891e-05,0.0,2.598762252330806e-05,0.9999872042119423,2.980231940746337e-08
0.14176672696480236,0.11609256265559695,4.0531154394150184e-05,0.0,2.1964309403300505e-05,0.9999900056299666,0.0
0.14215421676047113,0.11631762979423028,4.136561933755916e-05,0.0,2.041458879411241e-05,0.9999904824670772,5.960463881492674e-08
0.1386005580367871,0.11545225975920696,4.5746560290456275e-05,0.0,2.0563600391149726e-05,0.9999894691882173,0.0
0.1428703665674178,0.11562815306590901,4.345178169608159e-05,0.0,1.910328674018402e-05,0.9999907208856325,2.980231940746337e-08
0.13805586099052974,0.11459240315382441,4.926323398053695e-05,0.0,1.9788740086555676e-05,0.9999894095835785,0.0
0.1426541805208264,0.11484748123109702,4.622339740097569e-05,0.0,1.8417833393812362e-05,0.9999906612809936,5.960463881492674e-08
0.22623124717729304,0.03097990154689547,2.65240642726424e-06,5.960463881492674e-08,0.9998870684187333,1.987814704477807e-05,4.172324717044872e-07
0.17641237377389937,0.02315816282829464,6.33001264214522e-05,0.0,0.9999996019768158,1.7881391644478022e-07,8.940695822239011e-08
0.22909015416150388,0.040124148123546206,6.44326145589358e-05,0.0,0.9999999000000099,9.238719016313645e-07,1.1920927762985348e-07
0.23126602171893942,0.037178844207119394,0.00010135768830478292,0.0,0.9999998403953712,6.258487075567308e-07,2.980231940746337e-08
0.21640586852131255,0.03211376070426357,0.00010088085119426351,0.0,0.9999997807907323,3.874301522970238e-07,2.980231940746337e-08
0.19973349570400975,0.03020498156030331,9.208916696906182e-05,0.0,0.9999997807907323,3.278255134820971e-07,0.0
0.180048823349173,0.028880774969877593,7.59959144890316e-05,0.0,0.9999997807907323,3.278255134820971e-07,5.960463881492674e-08
0.16431647538458397,0.029067873949795507,5.969404577314913e-05,0.0,0.9999997807907323,3.874301522970238e-07,1.1920927762985348e-07
0.15727490186040044,0.030419588083780355,4.962086181342651e-05,2.980231940746337e-08,0.9999997807907323,5.066394299268773e-07,2.086162358522436e-07
0.1569547057086803,0.031625121826478586,4.5746560290456275e-05,0.0,0.9999998403953712,6.258487075567308e-07,1.1920927762985348e-07
0.15191105007496275,0.031081110233706754,4.282593298852486e-05,8.940695822239011e-08,0.9999997807907323,6.258487075567308e-07,2.086162358522436e-07
0.14232823252088567,0.030179738993245254,3.647803895473517e-05,8.940695822239011e-08,0.9999997807907323,5.960463881492673e-07,2.3841855525970696e-07
0.14481508731242393,0.12684994933817262,0.00016584990750253365,0.0,0.0004357397120565219,0.9999793960042576,0.0
0.1688356101442998,0.12340295312675727,2.2351739555597528e-05,0.0,3.540515545606648e-05,0.99999537004746,0.0
0.16353783010759287,0.12650990483978725,2.1070239821076602e-05,0.0,1.803040324151534e-05,0.99999537004746,0.0
0.17823413013673897,0.12973660228415052,1.636147335469739e-05,0.0,1.2516974151134616e-05,0.9999968005587916,1.1920927762985348e-07
0.1861485242766548,0.1317766606582061,1.4990566661954075e-05,0.0,1.0550021070242033e-05,0.9999973966051797,0.0
0.19422706960827524,0.134057521797113,1.370906692743315e-05,0.0,9.030102780461401e-06,0.9999979330469291,1.1920927762985348e-07
0.20582631229502027,0.13792771098636117,1.1950730082392812e-05,0.0,7.68899840712555e-06,0.999998588697956,1.7881391644478022e-07
0.2181366383939063,0.14311474559240656,1.0490416431427107e-05,0.0,6.526707950234478e-06,0.9999989463257889,1.7881391644478022e-07
0.22721701859487,0.14796468612998245,9.655951488018132e-06,0.0,5.871056923270284e-06,0.9999993039536218,2.682208746671703e-07
0.22917741536145145,0.14928588268584753,9.80496308505545e-06,0.0,5.48362677097326e-06,0.9999993039536218,3.5762783288956044e-07
0.2309140860938777,0.1499257087450794,1.007318395972262e-05,0.0,5.30481285452848e-06,0.9999993039536218,3.5762783288956044e-07
0.23203289507858785,0.15025851127912582,1.0251997876167399e-05,0.0,5.096196618676236e-06,0.9999993635582606,3.5762783288956044e-07
0.4380809664544858,0.2568696736849578,7.46846124351032e-05,1.1920927762985348e-07,3.096460986435444e-05,0.9999999000000099,5.513429090380723e-06
0.31474798916467084,0.19656085964651765,7.599591448903159e-06,0.0,4.947185021638919e-06,0.9999999000000099,3.6656852871179947e-06
0.32750409840181355,0.19768637415361862,4.649161827564286e-06,0.0,2.413987872004533e-06,0.9999997807907323,5.453824451565797e-06
0.34113654492873013,0.18301567432130716,3.844499203562775e-06,0.0,1.519918289780632e-06,0.9999997807907323,4.380940952897116e-06
0.34607684610841144,0.17429685589666793,3.635882967710531e-06,0.0,1.2218950957059981e-06,0.9999998403953712,3.8146968841553113e-06
0.3470706343507104,0.16990706321667925,3.635882967710531e-06,0.0,1.1026858180761447e-06,0.9999998403953712,3.546476009488141e-06
0.34603101013658105,0.16870343682261352,3.6060806483030677e-06,0.0,1.0728834986686813e-06,0.9999999000000099,3.546476009488141e-06
0.34356522558697,0.169260352820977,3.6656852871179947e-06,0.0,1.0132788598537545e-06,0.9999997807907323,3.635882967710531e-06
0.34118098019140836,0.1701036989397596,3.784894564747848e-06,0.0,1.0728834986686813e-06,0.9999997807907323,3.8146968841553113e-06
0.33673685787713925,0.17160144445341916,3.844499203562775e-06,0.0,9.536742210388278e-07,0.9999998403953712,3.993510800600092e-06
0.3309296071392358,0.17261046168232658,4.023313120007555e-06,0.0,1.0132788598537545e-06,0.9999997807907323,3.993510800600092e-06
0.32140195368389607,0.17210024592313658,4.202127036452335e-06,0.0,1.0132788598537545e-06,0.9999997807907323,3.784894564747848e-06
0.31827086208932964,0.03486254810689957,2.6434657314420008e-05,7.450579851865842e-07,0.00022375581411123498,1.2189148637652518e-05,0.9996027542915861
0.4325957894146128,0.0425033271239933,1.370906692743315e-06,0.0,0.0057499104948789456,0.00010001658393144707,0.9982972338876227
0.11850801109776923,0.02743047475345113,2.682208746671703e-07,4.768371105194139e-07,0.9532909632112478,0.00014996527125835568,0.02114346411986074
0.06702172755917546,0.02820628880971477,8.553265669941988e-06,8.642672628164378e-07,0.9999282552241544,4.947185021638919e-06,1.92821006566288e-05
0.07660916447322244,0.029439091677393076,1.8328426435589973e-05,5.066394299268773e-07,0.9999903632577996,3.6060806483030677e-06,1.707672902047651e-05
0.06944134831140987,0.030925422901580093,1.4722345787286905e-05,8.642672628164378e-07,0.9999886943279127,5.03659197986131e-06,2.226233259737514e-05
0.06054720282303914,0.03210622071670077,1.1861323124170421e-05,1.4305113315582417e-06,0.9999777270743708,6.675719547271795e-06,3.6120411121845605e-05
0.04956835508141306,0.03357794880292032,7.539986810088233e-06,3.129243537783654e-06,0.9999308778282623,1.1175869777798764e-05,8.538364510238256e-05
0.03750303387486615,0.0367530584272393,3.9637084811926284e-06,9.179114377498718e-06,0.9996043636168341,2.5182959899306546e-05,0.0003261267812758717
0.0313785672174812,0.04151752590422192,1.7285345256328755e-06,2.4527308872342353e-05,0.9962582187984029,6.53266841411597e-05,0.001645862891596572
0.03376665711263073,0.04490035771554757,7.152556657791209e-07,3.3468004694581365e-05,0.9657103645686425,0.00013929604091048378,0.007088660484981607
0.03915444016294474,0.04467481373975611,4.172324717044872e-07,2.8967854464054395e-05,0.7984965241161068,0.00019443033181429102,0.02185460706556163
0.2776679992560805,0.1889682113800718,5.8770173871517764e-05,2.980231940746337e-08,7.203220600783897e-05,0.9999997807907323,4.172324717044872e-07
0.24233329295108613,0.16023293134806604,8.67247494757184e-06,0.0,7.987021601200183e-06,0.999999542372177,4.172324717044872e-07
0.25125229357632717,0.1703108846849634,7.450579851865842e-06,0.0,5.602836048603113e-06,0.9999996615814547,7.748603045940476e-07
0.26672363280145556,0.18727353212010808,6.884335783124038e-06,0.0,5.424022132158334e-06,0.9999997807907323,1.519918289780632e-06
0.26751947401846365,0.19314044710666756,7.301568254828525e-06,0.0,5.6624406874180405e-06,0.9999998403953712,1.937150761485119e-06
0.2679386138805068,0.19538193937770706,7.659196087718087e-06,0.0,5.513429090380723e-06,0.9999998403953712,2.175569316744826e-06
0.2681440710910391,0.1965464055201621,7.987021601200183e-06,0.0,5.57303372919565e-06,0.9999999000000099,2.324580913782143e-06
0.26912057398635386,0.19855666157183507,8.285044795274818e-06,0.0,5.57303372919565e-06,0.9999997807907323,2.592801788449313e-06
0.2687883973010344,0.19820907708588692,8.553265669941988e-06,0.0,5.513429090380723e-06,0.9999999000000099,2.682208746671703e-06
0.2684385180362173,0.1972522735257938,8.761881905794231e-06,0.0,5.3942198127508695e-06,0.9999998403953712,2.74181338548663e-06
0.2666534483322355,0.19391274448889004,9.030102780461401e-06,0.0,5.185603576898626e-06,0.9999998403953712,2.5331971496343865e-06
0.2658401131519865,0.1918779313235738,9.208916696906181e-06,0.0,5.096196618676236e-06,0.9999998403953712,2.4735925108194595e-06
0.18359148501589642,0.6381464003423871,3.2186504960060438e-06,0.9999998403953712,5.960463881492674e-08,2.980231940746337e-08,0.0
0.1777399480269267,0.48089295617452066,5.960463881492674e-08,0.9999999000000099,0.0,2.0295379516482556e-05,0.0
0.18184494971476026,0.5627968310346109,0.0,0.9999999000000099,0.0,1.433491563498988e-05,0.0
0.17642548679574943,0.6172660588161163,0.0,0.9999999000000099,0.0,1.1861323124170421e-05,8.940695822239011e-08
0.1803933083936381,0.6245727537993012,1.1920927762985348e-07,0.9999999000000099,0.0,1.1086462819576373e-05,2.980231940746337e-08
0.1837009489460219,0.6258963941456016,2.980231940746337e-08,0.9999999000000099,0.0,1.0818241944909203e-05,2.980231940746337e-08
0.18590831755821993,0.6272432803033605,5.960463881492674e-08,0.9999999000000099,0.0,1.1056660500168911e-05,2.980231940746337e-08
0.1876253485601935,0.6275253294823894,2.980231940746337e-08,0.9999999000000099,0.0,1.1593102249503251e-05,2.980231940746337e-08
0.1890141367834026,0.627206087005027,5.960463881492674e-08,0.9999999000000099,0.0,1.2338160234689835e-05,0.0
0.19016289710211112,0.6266739367365635,0.0,0.9999999000000099,0.0,1.335143909454359e-05,0.0
0.19119367002649168,0.6256067751766876,2.980231940746337e-08,0.9999999000000099,0.0,1.4632938829064515e-05,8.940695822239011e-08
0.19211587309041833,0.6242751478079887,5.960463881492674e-08,0.9999999000000099,0.0,1.5974043202400367e-05,8.940695822239011e-08
0.09573104977211326,0.020882964130640412,8.344649434089744e-07,1.6093252480030219e-06,0.9918222627638796,4.652142059505032e-05,0.0011633633403897402
0.09108713268856532,0.0460764467637318,2.9206273019314104e-06,3.069638898968727e-06,0.24735212832760758,1.460313650965705e-05,0.7703674261294561
0.11870625614628398,0.04894667863007686,1.1920927762985348e-07,6.198882436752381e-06,0.15601389040065564,0.0005750655552864131,0.603285133114785
0.0502451658228096,0.045180886976134906,5.960463881492674e-08,2.4527308872342353e-05,0.4866761674578715,0.00025838610926270743,0.027177837753483924
0.04866462945736601,0.04756063222070727,1.4901159703731684e-07,3.0040737962723075e-05,0.4372809688069983,0.00020790098018646448,0.03581946730046904
0.053192019460382885,0.048580974332120073,8.940695822239011e-08,2.9563900852203663e-05,0.320418653632802,0.00026789304915368823,0.05195885377094201
0.050158709285566476,0.047492444507095895,8.940695822239011e-08,3.1888481765985805e-05,0.3457184386241858,0.00026136634120345375,0.03130820080480309
0.046681582925770876,0.046308815471348866,5.960463881492674e-08,3.3050772222876875e-05,0.42435462999648277,0.0002174675247162602,0.020835725369659275
0.04683190583988819,0.04583185910393786,1.1920927762985348e-07,3.141164465546639e-05,0.40211903007961614,0.00019586084314584927,0.026558187928363945
0.04892760515010414,0.046012163154352546,5.960463881492674e-08,3.0189749559760392e-05,0.34188535370895606,0.0002083480149775764,0.03375547786758576
0.05075833201198207,0.04596465825247469,1.1920927762985348e-07,2.7984377923608103e-05,0.2605955936189379,0.00020822880569994657,0.04730224136352586
0.05296859144945159,0.04611060022518225,5.960463881492674e-08,2.6434657314420008e-05,0.20036716245649358,0.00021994111722707966,0.05969157218063831
0.6857213973715082,0.40939727418564936,0.9999997211860935,3.397464412450824e-06,2.086162358522436e-07,5.364417493343406e-07,2.431869263649011e-05
0.4633905291365432,0.4302213191249394,0.9999999000000099,0.0,1.1920927762985348e-07,0.0,0.0
0.5670244097474864,0.3365976809878949,0.9999999000000099,0.0,8.940695822239011e-08,0.0,0.0
0.5401079654469957,0.367727190193151,0.9999999000000099,0.0,0.0,0.0,0.0
0.583469271635691,0.3290135263833281,0.9999999000000099,0.0,5.960463881492674e-08,0.0,8.940695822239011e-08
0.5640816092257577,0.3569090067729148,0.9999999000000099,0.0,8.940695822239011e-08,0.0,2.980231940746337e-08
0.5674453973535175,0.3459497987631642,0.9999999000000099,0.0,5.960463881492674e-08,0.0,5.960463881492674e-08
0.562735497928206,0.35333043330818026,0.9999999000000099,0.0,1.4901159703731684e-07,0.0,2.980231940746337e-08
0.5623672008281541,0.3524456321589635,0.9999999000000099,0.0,5.960463881492674e-08,0.0,0.0
0.5556493997343771,0.3548376261580351,0.9999999000000099,0.0,5.960463881492674e-08,0.0,2.980231940746337e-08
0.5601106881863408,0.35183107846911205,0.9999999000000099,0.0,8.940695822239011e-08,0.0,2.980231940746337e-08
0.561720192409144,0.3521391450755809,0.9999999000000099,0.0,8.940695822239011e-08,0.0,5.960463881492674e-08
0.23076051472662026,0.17015367743439522,7.736682118177491e-05,0.0,0.00011116265138983837,0.9999994231628994,1.1920927762985348e-07
0.05019506811887796,0.13727223870787844,0.00013062356596291194,0.0,2.413987872004533e-05,0.9999274207592109,2.980231940746337e-08
0.0210993289938773,0.10011807082369184,0.0002807974534571199,8.940695822239011e-08,0.00039812918496430315,0.9970056609691421,4.768371105194139e-07
0.089030116792807,0.09292101858455253,1.2248753276467444e-05,1.1920927762985348e-07,0.9443558106204186,0.001306265461948527,2.7716157048940933e-06
0.07637006044071586,0.013848513362420519,1.972913544774075e-05,5.960463881492674e-08,0.9998024894362549,2.3841855525970696e-07,5.841254603862821e-06
0.02990782260770934,0.030643701548097448,3.039836579561264e-06,9.208916696906181e-06,0.9968934254342536,1.8537042671442215e-05,0.0019347367736131146
0.05915912985556732,0.0527025759129878,7.748603045940476e-07,1.6152857118845148e-05,0.44090889455542703,0.00017490981260240252,0.3874191850434819
0.1622251868180812,0.04206010698551939,3.933906161785165e-06,1.4603136509657052e-06,0.00019085405348539543,1.1116265138983837e-05,0.9985922768497566
0.22226259111437754,0.02986970543349915,5.340575637817436e-05,3.874301522970238e-07,6.258487075567308e-07,2.682208746671703e-07,0.9999833299104194
0.1974469423212309,0.02735891937741053,7.56680889755495e-05,8.046626240015109e-07,1.1920927762985348e-07,1.7881391644478022e-07,0.9999924494201581
0.20116347073675694,0.03037974237875483,7.456540315747335e-05,7.152556657791209e-07,8.940695822239011e-08,2.086162358522436e-07,0.9999914361412983
0.20804962514969508,0.03256621956267608,7.385014749169422e-05,5.66244068741804e-07,5.960463881492674e-08,3.278255134820971e-07,0.9999903036531608
0.2900378107904499,0.32381612056909354,0.0024263558345586304,1.1920927762985348e-07,0.00015464423540532743,0.9999965621402362,2.086162358522436e-07
0.39754977820657605,0.229593694170738,0.000804990449514993,0.0,1.0251997876167399e-05,0.9999034000897685,2.980231940746337e-08
0.4381455778894196,0.28935301298908783,0.033214714781937334,2.980231940746337e-08,1.5795229285955586e-06,0.9682502970424629,0.0
0.4401318132695101,0.40799993269609675,0.9999999000000099,2.9802319407463367e-07,6.854533463716575e-07,1.1920927762985348e-07,0.0
0.6087918281303089,0.4466031192968474,0.9999999000000099,1.7881391644478022e-07,3.278255134820971e-07,0.0,0.0
0.6667321920118818,0.4066725670594985,0.9999999000000099,8.940695822239011e-08,1.043081179261218e-06,0.0,0.0
0.5966259240857077,0.4245707093942328,0.9999999000000099,0.0,8.642672628164378e-07,0.0,0.0
0.5758470892667743,0.40528282516215347,0.9999999000000099,0.0,8.642672628164378e-07,0.0,0.0
0.5845756530519659,0.3860526978308516,0.9999999000000099,0.0,1.2516974151134616e-06,0.0,2.980231940746337e-08
0.5720403790237069,0.3851037024792227,0.9999999000000099,0.0,6.854533463716575e-07,0.0,0.0
0.5701256394150215,0.38526013486940897,0.9999999000000099,0.0,3.5762783288956044e-07,0.0,2.980231940746337e-08
0.5647797584299828,0.3884323834707792,0.9999999000000099,0.0,1.1920927762985348e-07,0.0,5.960463881492674e-08
0.18261316417891607,0.6163518427747079,2.5629994690418497e-06,0.9999999000000099,8.940695822239011e-08,0.0,0.0
0.16634449362066026,0.43697029344705646,0.0,0.9999999000000099,0.0,1.4483927232027197e-05,2.980231940746337e-08
0.18311816453175464,0.5236908196506211,0.0,0.9999999000000099,0.0,1.317262517809881e-05,1.1920927762985348e-07
0.17552608250844842,0.5933479665693879,0.0,0.9999999000000099,0.0,1.2129543998837591e-05,2.980231940746337e-08
0.17824038862444014,0.6031773685376145,8.940695822239011e-08,0.9999999000000099,0.0,1.1354683694243543e-05,2.980231940746337e-08
0.18129619955265833,0.6048443912424072,0.0,0.9999999000000099,0.0,1.1116265138983837e-05,0.0
0.18333998321727707,0.6054087876236887,5.960463881492674e-08,0.9999999000000099,0.0,1.1205672097206226e-05,8.940695822239011e-08
0.18485477565953612,0.6050817965425069,0.0,0.9999999000000099,0.0,1.1563299930095787e-05,8.940695822239011e-08
0.18604534863655287,0.6046329735674251,5.960463881492674e-08,0.9999999000000099,0.0,1.2248753276467444e-05,0.0
0.18703940509975328,0.6042782067217827,0.0,0.9999999000000099,0.0,1.3023613581061492e-05,0.0
0.1879540383737938,0.6036443709293497,8.940695822239011e-08,0.9999999000000099,0.0,1.4096497079730174e-05,2.980231940746337e-08
0.1888063251894018,0.6028282045285801,0.0,0.9999999000000099,0.0,1.528858985602871e-05,8.940695822239011e-08
0.5988045334568027,0.38798105710061725,0.9999996615814547,1.8775461226701922e-06,5.960463881492674e-08,1.4901159703731684e-07,9.924172362685302e-06
0.6466801762313096,0.4137894212491063,0.9999999000000099,0.0,5.960463881492673e-07,0.0,1.1920927762985348e-07
0.5840660333391574,0.3283673822317511,0.9999999000000099,0.0,2.682208746671703e-07,0.0,8.940695822239011e-08
0.556853175140211,0.33321452135102303,0.9999999000000099,0.0,1.1920927762985348e-07,0.0,0.0
0.5796084999798145,0.33477228874196113,0.9999999000000099,0.0,1.1920927762985348e-07,0.0,8.940695822239011e-08
0.5706737041237085,0.339773893298142,0.9999999000000099,0.0,1.1920927762985348e-07,0.0,5.960463881492674e-08
0.5725173949958245,0.3375486134904786,0.9999999000000099,0.0,8.940695822239011e-08,0.0,0.0
0.5733107924223969,0.33904418343460424,0.9999999000000099,0.0,5.960463881492674e-08,0.0,2.980231940746337e-08
0.5751274823904309,0.3390968739405767,0.9999999000000099,0.0,5.960463881492674e-08,0.0,0.0
0.5775349139928092,0.33899739378846355,0.9999999000000099,0.0,8.940695822239011e-08,0.0,2.980231940746337e-08
0.5787356495617597,0.3401137589825931,0.9999999000000099,0.0,5.960463881492674e-08,0.0,0.0
0.5806614160297281,0.3408147692096764,0.9999999000000099,0.0,5.960463881492674e-08,0.0,8.940695822239011e-08
0.19022008775877075,0.24646392460417427,0.9999996615814547,1.7881391644478022e-07,7.152556657791209e-07,8.940695822239011e-08,0.0
0.7196636795699622,0.4721973537590175,0.9999999000000099,0.0,1.1920927762985348e-07,0.0,0.0
0.591062724565827,0.45053726426992863,0.9999999000000099,0.0,4.172324717044872e-07,0.0,0.0
0.6123952269300559,0.3238166570108964,0.9999999000000099,0.0,5.364417493343406e-07,0.0,5.960463881492674e-08
0.6062704920517695,0.3638540505739869,0.9999999000000099,0.0,3.874301522970238e-07,0.0,8.940695822239011e-08
0.6028144359339012,0.36352881782982566,0.9999999000000099,0.0,3.5762783288956044e-07,0.0,1.4901159703731684e-07
0.614250183080034,0.3761500715565311,0.9999999000000099,0.0,3.278255134820971e-07,0.0,0.0
0.6282470822074147,0.3835849761306058,0.9999999000000099,0.0,3.5762783288956044e-07,0.0,1.4901159703731684e-07
0.6491245031088023,0.39136585586522016,0.9999999000000099,0.0,4.172324717044872e-07,0.0,8.940695822239011e-08
0.6784626245217721,0.39357426755841496,0.9999999000000099,0.0,5.960463881492673e-07,0.0,8.940695822239011e-08
0.7052363156980316,0.39775428169115257,0.9999999000000099,0.0,5.66244068741804e-07,0.0,8.940695822239011e-08
0.7274408340152885,0.40700459473316297,0.9999999000000099,0.0,3.278255134820971e-07,0.0,8.940695822239011e-08
0.11865171789631676,0.4640832542578434,0.8789749458625762,2.086162358522436e-07,0.002866267871332197,0.5760269185058592,0.0
0.13021323084292055,0.10452049968837072,0.007512449466955736,0.0,0.0002546608193367745,0.9992706968487481,0.0
0.28246614335797837,0.21533486243375394,1.8507240352034754e-05,0.0,1.5318392175436174e-05,0.9999999000000099,4.112720078229945e-06
0.3066691756121489,0.22223111983308574,8.67247494757184e-06,0.0,4.351138633489652e-06,0.9999999000000099,9.953974682092765e-06
0.31357538698805315,0.20959725972401255,6.8247311443091115e-06,0.0,2.712011066079167e-06,0.9999999000000099,8.493661031127061e-06
0.31383848189008084,0.1947262286806453,5.930661562085211e-06,0.0,1.9073484420776557e-06,0.9999999000000099,6.288289394974771e-06
0.31123369930885936,0.18491047617606998,5.602836048603113e-06,0.0,1.5795229285955586e-06,0.9999997807907323,4.947185021638919e-06
0.3061603605620449,0.17962819334768984,5.632638368010577e-06,0.0,1.4901159703731685e-06,0.9999996615814547,4.142522397637409e-06
0.29939222334575716,0.1769280731375046,5.960463881492674e-06,0.0,1.6093252480030219e-06,0.9999997807907323,3.5762783288956045e-06
0.29111531375633243,0.1754213571248079,6.794928824901648e-06,0.0,1.7881391644478022e-06,0.9999997807907323,3.0994412183761904e-06
0.28443488477482803,0.1768839060957336,7.718800726533013e-06,0.0,2.2053716361522894e-06,0.9999997807907323,2.9504296213388737e-06
0.2785652875784921,0.17946019765641916,8.761881905794231e-06,0.0,2.7716157048940933e-06,0.9999997807907323,2.980231940746337e-06
0.10747432708295207,0.022135764356637437,1.1026858180761447e-06,7.748603045940476e-07,0.9988892867649714,2.9474493893981274e-05,4.875659455061007e-05
0.19201612471739085,0.036195874207974356,3.650784127414263e-05,2.980231940746337e-08,0.9999997211860935,1.2516974151134616e-06,1.4901159703731684e-07
0.2597146034133181,0.04702696203380219,5.632638368010577e-05,0.0,0.9999997807907323,1.6689298868179488e-06,8.940695822239011e-08
0.2570191025627522,0.03891053795148229,8.794664457142441e-05,0.0,0.9999999000000099,7.748603045940476e-07,0.0
0.24248766898104798,0.033729881042426774,0.00010398029241263969,0.0,0.9999997807907323,4.4703479111195056e-07,2.980231940746337e-08
0.22624200581567455,0.031307280058268244,0.0001133382207065832,0.0,0.9999999000000099,3.5762783288956044e-07,5.960463881492674e-08
0.21845880149890393,0.03181329369000228,0.00011026858180761446,0.0,0.9999997807907323,4.172324717044872e-07,2.980231940746337e-08
0.21163755654412353,0.03198063373018053,0.00010824202408790696,0.0,0.9999999000000099,3.874301522970238e-07,8.940695822239011e-08
0.199098080388408,0.03069269656609443,0.00010126828134656053,0.0,0.9999999000000099,3.874301522970238e-07,8.940695822239011e-08
0.18495845793911864,0.029823958868641868,8.794664457142441e-05,0.0,0.9999999000000099,3.278255134820971e-07,5.960463881492674e-08
0.1669847369124886,0.028721153731196433,7.003545060753892e-05,2.980231940746337e-08,0.9999997807907323,3.874301522970238e-07,1.7881391644478022e-07
0.14720660447464792,0.02800244092461784,4.997848964631607e-05,8.940695822239011e-08,0.9999998403953712,4.4703479111195056e-07,1.7881391644478022e-07
0.3272441923482812,0.30094957346531254,0.0009215473207175824,1.1920927762985348e-07,9.629129400551415e-05,0.9999993039536218,6.854533463716575e-07
0.4566494524289824,0.2736679315098401,0.002360462906348729,1.1920927762985348e-07,1.0460614112019642e-05,0.9996906711338381,2.980231940746337e-08
0.41432523725701365,0.31789496535579775,0.9999886943279127,5.066394299268773e-07,8.642672628164378e-07,1.662969422936456e-05,0.0
0.5225859880230996,0.39383691542557275,0.9999999000000099,1.7881391644478022e-07,2.1457669973373625e-06,0.0,0.0
0.5441161393893956,0.42734929911925135,0.9999999000000099,1.1920927762985348e-07,1.1384486013651007e-05,5.960463881492674e-08,0.0
0.5049629211216687,0.45166471592798446,0.9999999000000099,1.1920927762985348e-07,3.844499203562775e-06,0.0,0.0
0.5308135747689748,0.41538077585736954,0.9999999000000099,0.0,1.7881391644478022e-06,0.0,0.0
0.532937288262234,0.4021645485666181,0.9999999000000099,0.0,8.344649434089744e-07,0.0,0.0
0.5423802733196739,0.39959552877259386,0.9999999000000099,0.0,2.682208746671703e-07,0.0,0.0
0.5537254214057519,0.3955106138505791,0.9999999000000099,0.0,1.4901159703731684e-07,0.0,0.0
0.5533634423980459,0.3929500579161116,0.9999999000000099,0.0,5.960463881492674e-08,0.0,5.960463881492674e-08
0.5593450665242325,0.3815531133952055,0.9999999000000099,0.0,1.1920927762985348e-07,0.0,8.940695822239011e-08
0.18011295794694868,0.02749183773523689,2.1159646779298993e-06,1.4901159703731684e-07,0.9998171521774034,1.9937751683592993e-05,1.4305113315582417e-06
0.07056999206250754,0.01680162548731157,1.1026858180761447e-05,1.1920927762985348e-07,0.99998279346867,2.086162358522436e-07,2.324580913782143e-06
0.11599308251854293,0.03035295009093288,8.493661031127061e-06,2.9802319407463367e-07,0.9999993039536218,1.3411043733358516e-06,1.0132788598537545e-06
0.08598163723589587,0.03439527749426291,7.808207684755402e-06,7.748603045940476e-07,0.999998588697956,2.712011066079167e-06,3.039836579561264e-06
0.03402706980564363,0.04211303591007087,1.2516974151134616e-06,2.0116565600037775e-05,0.9998180462469856,2.6762482827902106e-05,0.00022026894274056178
0.036266177891183235,0.05647611617074923,2.3841855525970696e-07,7.41183683663614e-05,0.9844936340030291,0.00019562242459058955,0.005566507021245416
0.05362331866995975,0.054825991382747484,5.960463881492674e-08,4.643201363682793e-05,0.5218291952917509,0.00030952688936591454,0.06506290381208425
0.08536070584897396,0.049021005622099045,1.4901159703731684e-07,1.4513729551434662e-05,0.015884904465052644,9.700654967129326e-05,0.6663918424832828
0.19031956791089677,0.04453232883644494,1.9669530808925826e-06,1.6093252480030219e-06,4.97102687716489e-05,5.7816499650478935e-06,0.9989160492477993
0.22810408472070304,0.03388988971129891,2.068280966877958e-05,7.152556657791209e-07,1.1920927762985347e-06,3.874301522970238e-07,0.9999623490775565
0.20249089597817232,0.029361933464744545,4.4196839681268176e-05,1.0132788598537545e-06,2.086162358522436e-07,1.7881391644478022e-07,0.9999867273748319
0.1893398761670866,0.02923092245555067,6.157159189581933e-05,1.1622904568910714e-06,8.940695822239011e-08,1.7881391644478022e-07,0.9999914361412983
0.18739435075937605,0.41887369744757647,0.0853662405478486,5.960463881492674e-08,0.0008209942950368009,0.9989137842715243,0.0
0.35647767780735207,0.2518617808387541,0.9999349309437017,3.5762783288956044e-07,1.4811752745509294e-05,0.0001585781415671126,0.0
0.6988667845436628,0.4546344279464426,0.9999999000000099,8.940695822239011e-08,1.4901159703731684e-07,0.0,0.0
0.7928560971885441,0.43588843934224597,0.9999999000000099,8.940695822239011e-08,6.258487075567308e-07,0.0,0.0
0.8117023706100049,0.361040383515524,0.9999999000000099,2.980231940746337e-08,1.1920927762985347e-06,0.0,0.0
0.7611198424977806,0.3812019526305714,0.9999999000000099,0.0,1.1622904568910714e-06,0.0,8.940695822239011e-08
0.6538766026226132,0.39570596807379704,0.9999999000000099,0.0,6.258487075567308e-07,0.0,1.4901159703731684e-07
0.6472810506552654,0.37270987027461894,0.9999999000000099,0.0,1.3411043733358516e-06,0.0,1.1920927762985348e-07
0.6316735744214756,0.3631110190723441,0.9999999000000099,0.0,1.847743803262729e-06,0.0,2.9802319407463367e-07
0.6143451332791573,0.3644682168336474,0.9999999000000099,0.0,1.2516974151134616e-06,0.0,2.086162358522436e-07
0.59989982840915,0.370450973447308,0.9999999000000099,0.0,5.66244068741804e-07,0.0,1.7881391644478022e-07
0.5864332914109588,0.3785187303371771,0.9999999000000099,0.0,2.682208746671703e-07,0.0,2.980231940746337e-08
0.16564768552094242,0.026492089028590453,1.937150761485119e-06,1.7881391644478022e-07,0.9997734023725132,2.0533798071742262e-05,2.354383233189606e-06
0.13268309831069852,0.02068862318638353,3.2514330473542534e-05,5.960463881492674e-08,0.9999991847443441,2.086162358522436e-07,2.086162358522436e-07
0.24892407654685203,0.04854774474266348,3.52263415396217e-05,0.0,0.9999998403953712,2.1457669973373625e-06,0.0
0.2655804157147109,0.043863266698955745,7.072090395391057e-05,0.0,0.9999998403953712,1.1920927762985347e-06,0.0
0.26149308680405253,0.03796067833250431,7.125734570324492e-05,0.0,0.9999997807907323,7.152556657791209e-07,0.0
0.24627983569079087,0.03401109575642891,9.399651541113947e-05,0.0,0.9999997807907323,4.768371105194139e-07,0.0
0.22408637403513942,0.03042113780454425,0.00010791419857442486,0.0,0.9999997807907323,2.9802319407463367e-07,2.980231940746337e-08
0.20586752890688076,0.029475539917666986,9.995697929263214e-05,0.0,0.9999998403953712,2.9802319407463367e-07,0.0
0.18450450896452805,0.02836966514101614,8.353590129911983e-05,0.0,0.9999997807907323,3.278255134820971e-07,5.960463881492674e-08
0.15682470797843057,0.026750415559002764,5.787610428929386e-05,2.980231940746337e-08,0.9999997807907323,3.278255134820971e-07,2.3841855525970696e-07
0.12441086768588847,0.026258796448979525,3.120302841961415e-05,1.4901159703731684e-07,0.9999997807907323,3.874301522970238e-07,3.5762783288956044e-07
0.06583455204691079,0.03184053301265997,7.2121612966061355e-06,1.2516974151134616e-06,0.9999965621402362,2.8312203437090202e-06,7.808207684755402e-06
0.3338858783106832,0.03262737392820516,1.1891125443577885e-05,3.5762783288956044e-07,0.0035699304348618148,2.9623505491018588e-05,0.9979276851269702
0.2730813026315146,0.04450300335122046,7.2121612966061355e-06,2.086162358522436e-07,7.519125186503009e-05,1.2308357915282372e-05,0.9999578787296454
0.25435537098785027,0.038233011954436444,1.388788084387793e-05,2.682208746671703e-07,9.000300461053937e-06,3.6656852871179947e-06,0.9999830318872253
0.259429424990402,0.03975269197736958,1.344084605276598e-05,2.9802319407463367e-07,5.096196618676236e-06,4.708766466379212e-06,0.9999839259568075
0.25338649748706643,0.03868210315041972,1.8060205560922803e-05,2.682208746671703e-07,3.2186504960060438e-06,3.6060806483030677e-06,0.9999865485609154
0.25288924573804833,0.03821888565362709,2.0235774877667628e-05,2.682208746671703e-07,2.4735925108194595e-06,3.4868713706732143e-06,0.9999872638165812
0.25333034991169034,0.03798294066732411,2.1725890848040795e-05,2.9802319407463367e-07,2.1159646779298993e-06,3.3378597736358976e-06,0.9999875618397752
0.25087970494185163,0.03707498311361606,2.5182959899306546e-05,2.086162358522436e-07,1.6391275674104854e-06,2.8014180243015566e-06,0.9999885751186351
0.2510150968924533,0.03685203193987189,2.634525035619762e-05,2.086162358522436e-07,1.4603136509657052e-06,2.712011066079167e-06,0.9999885155139963
0.2500244080916826,0.036447972053008704,2.8342005756497666e-05,2.086162358522436e-07,1.3113020539283883e-06,2.4437901914119963e-06,0.9999888731418292
0.2526391148462587,0.036797493689911746,2.706050602197674e-05,2.3841855525970696e-07,1.2516974151134616e-06,2.682208746671703e-06,0.9999882174908022
0.25341698526286777,0.03666141628591283,2.7269122257828982e-05,2.086162358522436e-07,1.3113020539283883e-06,2.682208746671703e-06,0.9999880982815246
0.21184235810356328,0.1617482900342537,8.82744700849065e-05,0.0,0.00013735889014899867,0.9999988867211501,5.960463881492674e-08
0.20417588948358045,0.13960087296956467,1.3589857649803297e-05,0.0,1.3679264608025687e-05,0.999998588697956,5.960463881492674e-08
0.20606872438531176,0.14091926810712577,1.1980532401800274e-05,0.0,8.165835517644963e-06,0.9999987079072337,1.4901159703731684e-07
0.21494960784022052,0.14216959474036503,1.0669230347871886e-05,0.0,6.616114908456868e-06,0.9999988867211501,2.086162358522436e-07
0.20769721268747515,0.13874644038685574,1.2367962554097299e-05,0.0,6.645917227864331e-06,0.9999987079072337,1.1920927762985348e-07
0.19303494691049441,0.13255837557430147,1.6272066396475e-05,0.0,7.4803821712733056e-06,0.9999979926515679,1.7881391644478022e-07
0.16764575242302032,0.12389141319060795,2.661347123086479e-05,0.0,1.0520218750834569e-05,0.9999958468845705,8.940695822239011e-08
0.12739157676169277,0.11436662075945389,6.0707324633002886e-05,0.0,1.9401309934258653e-05,0.9999869061887483,0.0
0.058031529185753175,0.11878785488955619,0.00015667079312503494,2.980231940746337e-08,2.7090308341384204e-05,0.9999261094571571,2.980231940746337e-08
0.019101977347536665,0.10912382600823067,0.000385642013132576,0.0,0.00021615622266233183,0.9973150686492304,6.556510269641942e-07
0.0795620083775954,0.08549594877686399,1.5795229285955586e-05,1.4901159703731684e-07,0.9293108249232265,0.001301437486204518,4.380940952897116e-06
0.07217735051809894,0.01365917920832391,2.1785495486855723e-05,8.940695822239011e-08,0.9996788694153528,2.682208746671703e-07,9.685753807425595e-06
0.42258983848729276,0.2610772251635769,0.00010439752488434418,1.7881391644478022e-07,3.552436473369634e-05,0.9999999000000099,4.321336314082188e-06
0.3070844411722819,0.1923229097990683,8.374451753497206e-06,0.0,5.334615173935943e-06,0.9999997807907323,3.2186504960060438e-06
0.3147362470496506,0.1994482278482327,5.155801257491163e-06,0.0,2.5629994690418497e-06,0.9999997807907323,5.30481285452848e-06
0.3254733681544001,0.1919074058204102,4.410743272304579e-06,0.0,1.8775461226701922e-06,0.9999999000000099,4.976987341046382e-06
0.3293171524865163,0.1858029067198167,4.112720078229945e-06,0.0,1.5497206091880952e-06,0.9999997807907323,4.708766466379212e-06
0.33102956412851997,0.18113440272090603,4.023313120007555e-06,0.0,1.3411043733358516e-06,0.9999999000000099,4.380940952897116e-06
0.33203488586958246,0.17826294895934328,3.933906161785165e-06,0.0,1.2218950957059981e-06,0.9999997807907323,4.2319293558597985e-06
0.33195114134367654,0.17669412490680125,3.933906161785165e-06,0.0,1.1920927762985347e-06,0.9999998403953712,4.172324717044872e-06
0.3322820365291334,0.1758794486221507,3.933906161785165e-06,0.0,1.1622904568910714e-06,0.9999998403953712,4.142522397637409e-06
0.3307391404968639,0.1755129098591672,4.023313120007555e-06,0.0,1.1026858180761447e-06,0.9999997807907323,4.2319293558597985e-06
0.32670319078999976,0.1750967800317391,4.112720078229945e-06,0.0,1.043081179261218e-06,0.9999997807907323,4.112720078229945e-06
0.32216140626527023,0.17471939322340832,4.261731675267262e-06,0.0,1.1026858180761447e-06,0.9999997807907323,4.023313120007555e-06
0.08645421266197799,0.3721510767299453,0.9996292187512199,3.874301522970238e-07,0.0009153782406002374,0.0003519653922021424,0.0
0.09393739699928409,0.16766729948033793,0.9901292526029805,0.0,0.0002295970687150978,0.013034610636922846,0.0
0.2044614851390099,0.12559089062447526,0.0002055167946338674,0.0,4.962086181342651e-05,0.9999966217448751,8.940695822239011e-08
0.30202573536575916,0.23266044255087387,1.1533497610688325e-05,0.0,7.68899840712555e-06,0.9999999000000099,1.0490416431427107e-05
0.31490010021813136,0.220418035946296,7.897614642977793e-06,0.0,3.5166736900806776e-06,0.9999998403953712,1.0907648903131594e-05
0.31974199412929255,0.20235568281523364,6.258487075567308e-06,0.0,2.264976274967216e-06,0.9999998403953712,7.897614642977793e-06
0.31975674627887385,0.18861514326680523,5.424022132158334e-06,0.0,1.519918289780632e-06,0.9999997807907323,5.960463881492674e-06
0.3167847394812064,0.18099859353780856,5.1259989380836994e-06,0.0,1.3113020539283883e-06,0.9999998403953712,4.857778063416529e-06
0.3119434714188153,0.1771944760972826,5.185603576898626e-06,0.0,1.2814997345209249e-06,0.9999997807907323,4.202127036452335e-06
0.3063386678568831,0.17568814751477685,5.424022132158334e-06,0.0,1.4305113315582417e-06,0.9999997807907323,3.784894564747848e-06
0.3009918928021728,0.17623227831683821,5.990266200900137e-06,0.0,1.5497206091880952e-06,0.9999997807907323,3.6656852871179947e-06
0.2948764264461486,0.1773382425004562,6.586312589049405e-06,0.0,1.7881391644478022e-06,0.9999998403953712,3.5166736900806776e-06
0.6161654591305223,0.3924135565085802,0.9999996019768158,2.1457669973373625e-06,1.1920927762985348e-07,1.4901159703731684e-07,1.1831520804762957e-05
0.591831803297332,0.444231629295575,0.9999999000000099,0.0,3.5762783288956044e-07,0.0,8.940695822239011e-08
0.5993382930507443,0.3221488594457218,0.9999999000000099,0.0,2.9802319407463367e-07,0.0,8.940695822239011e-08
0.5493808388482536,0.33723095053620256,0.9999999000000099,0.0,1.1920927762985348e-07,0.0,0.0
0.5795556306599008,0.33345001930249024,0.9999999000000099,0.0,1.4901159703731684e-07,0.0,0.0
0.5778817534207429,0.33482819789875085,0.9999999000000099,0.0,5.960463881492674e-08,0.0,1.1920927762985348e-07
0.5816949605700905,0.33260208362606075,0.9999999000000099,0.0,1.1920927762985348e-07,0.0,2.980231940746337e-08
0.5848413705583636,0.3329382836248588,0.9999999000000099,0.0,1.7881391644478022e-07,0.0,2.980231940746337e-08
0.5878672599549057,0.33485475176799373,0.9999999000000099,0.0,1.1920927762985348e-07,0.0,2.980231940746337e-08
0.5928648710005362,0.33558952802633657,0.9999999000000099,0.0,2.3841855525970696e-07,0.0,8.940695822239011e-08
0.5943820476285863,0.3392996787443902,0.9999999000000099,0.0,1.4901159703731684e-07,0.0,2.980231940746337e-08
0.5962533354512322,0.34203144902094573,0.9999999000000099,0.0,1.4901159703731684e-07,0.0,8.940695822239011e-08
0.27189651130504083,0.028711557383389236,5.632638368010577e-06,3.278255134820971e-07,0.0446293905451481,3.76701317310337e-05,0.9737724880147495
0.26952785252408723,0.0483393669045644,4.976987341046382e-06,2.9802319407463367e-07,0.00019779799390733438,1.5795229285955586e-05,0.9999134732737283
0.2575894594085843,0.03881302475264645,1.0520218750834569e-05,2.682208746671703e-07,1.3738869246840614e-05,3.6656852871179947e-06,0.9999734355403761
0.25303167103673324,0.03805217146221887,1.4454124912619735e-05,3.278255134820971e-07,4.380940952897116e-06,2.8312203437090202e-06,0.9999821378176431
0.24592557548458302,0.03714695572217002,2.0503995752334798e-05,3.5762783288956044e-07,2.175569316744826e-06,2.2053716361522894e-06,0.9999859525145273
0.24275022744127273,0.03657716512053724,2.5421378454566255e-05,3.5762783288956044e-07,1.3411043733358516e-06,1.937150761485119e-06,0.9999876810490529
0.24113461374238027,0.036155700677402626,2.9593703171611127e-05,3.5762783288956044e-07,1.1026858180761447e-06,1.7881391644478022e-06,0.9999886943279127
0.23975306748351108,0.03569102286681325,3.34382023751739e-05,2.682208746671703e-07,8.642672628164378e-07,1.6093252480030219e-06,0.9999894095835785
0.23662221430752378,0.034911692136508465,3.874301522970238e-05,3.278255134820971e-07,6.854533463716575e-07,1.3113020539283883e-06,0.9999903036531608
0.22980526088716702,0.03363025187870177,4.8011536565423486e-05,3.278255134820971e-07,4.768371105194139e-07,1.0132788598537545e-06,0.9999915553505758
0.22005930542034646,0.03224256634160113,6.0826533910632736e-05,4.172324717044872e-07,2.3841855525970696e-07,6.258487075567308e-07,0.9999927474433521
0.2136222422034499,0.03182411193302716,6.964802045524189e-05,4.768371105194139e-07,2.682208746671703e-07,5.066394299268773e-07,0.9999932242804627
0.3114230632653029,0.0348773896634461,2.8431412714720055e-05,8.642672628164378e-07,0.00016859172088802028,1.0460614112019642e-05,0.9996447159573117
0.3594958484023962,0.04743340610645598,1.6391275674104854e-06,1.4901159703731684e-07,0.0005392133650392347,0.00010642408260405169,0.9998171521774034
0.15838930010139737,0.03609696029998653,2.086162358522436e-07,5.066394299268773e-07,0.051139349591875584,0.0003628134364664591,0.9381923929437611
0.0732651054828824,0.030132949347104584,8.642672628164378e-07,1.519918289780632e-06,0.9940784175523022,4.7415490177274224e-05,0.0007044374238342117
0.08028987049723996,0.029512315983487105,1.4096497079730174e-05,5.066394299268773e-07,0.9999782635161201,4.112720078229945e-06,1.2606381109357005e-05
0.09835547208378742,0.028594285244813736,2.9295679977536493e-05,2.682208746671703e-07,0.9999971581866245,2.264976274967216e-06,5.722045326232967e-06
0.0992274582344929,0.028588265175692452,3.600120184421575e-05,2.086162358522436e-07,0.9999981118608455,1.996755400300046e-06,4.678964146971749e-06
0.09322473406405664,0.028508990998154758,3.4064051082730634e-05,2.086162358522436e-07,0.9999977542330126,2.0563600391149723e-06,5.871056923270284e-06
0.08062133192682218,0.0291004180858373,2.5421378454566255e-05,3.874301522970238e-07,0.9999956084660152,2.8908249825239467e-06,1.0669230347871886e-05
0.058864891526645785,0.03104254602854368,1.397728780210032e-05,1.2516974151134616e-06,0.9999804688877563,5.871056923270284e-06,3.817677116096058e-05
0.03764680027805844,0.0356633663116422,5.30481285452848e-06,7.2121612966061355e-06,0.999757666747866,2.059340271055719e-05,0.0002874433706849842
0.030668526886623762,0.042574435465198165,1.7285345256328755e-06,2.6732680508494642e-05,0.9955035644663671,7.489322867095545e-05,0.002327829366597556
0.09429299830999935,0.03241974114816564,0.00018718836819827742,0.004422544990789934,0.0,0.0,0.9976183370515207
0.27003055809810206,0.1715777218048026,2.1547076931596017e-05,7.450579851865842e-07,0.0,0.004845588914778876,0.9994835450139562
0.2189488410859045,0.09230583904593105,6.616114908456868e-06,4.4703479111195056e-07,2.682208746671703e-07,0.0002788901050150422,0.9999238444808821
0.2394765615364095,0.04060825704832903,4.178285180926364e-05,2.086162358522436e-07,9.238719016313645e-07,3.784894564747848e-06,0.9999890519557456
0.2557055950058913,0.03749832510306078,2.688169210553196e-05,2.086162358522436e-07,1.4305113315582417e-06,3.5762783288956045e-06,0.9999883367000798
0.2595536708724312,0.03732118009881865,2.4646518149972206e-05,2.086162358522436e-07,1.7285345256328755e-06,3.725289925932921e-06,0.9999880982815246
0.25625333188903204,0.03605946897842923,2.7894970965385714e-05,2.086162358522436e-07,1.5497206091880952e-06,2.8908249825239467e-06,0.9999889327464679
0.2604413628470343,0.03680294751490776,2.4437901914119964e-05,2.086162358522436e-07,1.6093252480030219e-06,3.3378597736358976e-06,0.9999875618397752
0.27496692537122835,0.03959426283158372,1.5109775939583928e-05,1.4901159703731684e-07,2.8312203437090202e-06,6.586312589049405e-06,0.9999828530733089
0.3015537261838024,0.043886154882545575,5.513429090380723e-06,8.940695822239011e-08,9.268521335721107e-06,2.300739058256172e-05,0.9999662233790795
0.2945534586784465,0.04112365841161358,1.1920927762985347e-06,1.7881391644478022e-07,0.0001315772401839508,9.024142316579908e-05,0.9996956779234986
0.15797799825014183,0.02693754434124306,1.1920927762985348e-07,3.5762783288956044e-07,0.6066472519764186,0.00032716986245513285,0.06592708166794246
0.08585289120318636,0.35884326690251217,0.9997807933477263,4.172324717044872e-07,0.0006730555814981528,0.00016885994176268746,0.0
0.5956093072644607,0.4728198646689451,0.9999999000000099,0.0,8.940695822239011e-08,0.0,0.0
0.7419099807432049,0.6915299295194948,0.9999999000000099,1.1920927762985348e-07,1.4901159703731684e-07,0.0,0.0
0.6952913403223143,0.7478426693589426,0.9999999000000099,4.4703479111195056e-07,1.4901159703731684e-07,0.0,0.0
0.7047768234914772,0.754874825348339,0.9999999000000099,5.66244068741804e-07,1.4901159703731684e-07,0.0,0.0
0.6896074413967683,0.7689379452342365,0.9999999000000099,6.556510269641942e-07,2.086162358522436e-07,0.0,0.0
0.6962039470384325,0.7641063927295707,0.9999999000000099,5.960463881492673e-07,1.1920927762985348e-07,0.0,0.0
0.7143816351594755,0.7551983593601245,0.9999999000000099,6.556510269641942e-07,1.4901159703731684e-07,0.0,0.0
0.7637524604481111,0.7024003266085452,0.9999999000000099,6.258487075567308e-07,1.4901159703731684e-07,0.0,0.0
0.7571880817099795,0.5694723724343772,0.9999999000000099,1.1920927762985348e-07,2.086162358522436e-07,0.0,0.0
0.6540940999713896,0.4028796850945108,0.9999999000000099,0.0,2.682208746671703e-07,0.0,0.0
0.6305111646391142,0.3607996999599622,0.9999999000000099,0.0,7.748603045940476e-07,0.0,2.3841855525970696e-07
0.15532582997632588,0.023706167932265744,1.7285345256328755e-06,9.536742210388278e-07,0.7094369417287301,5.254148911535792e-05,0.20892007049860267
0.2379308342835133,0.05342197417298119,5.30481285452848e-06,5.364417493343406e-07,0.0006892084386169979,1.3917683163285393e-05,0.9997400237747769
0.2594633698356002,0.039690226309655664,7.510184490680769e-06,4.172324717044872e-07,2.2649762749672162e-05,3.695487606525458e-06,0.9999507857776264
0.2652193605789989,0.04019963740614131,8.255242475867353e-06,2.682208746671703e-07,7.718800726533013e-06,3.904103842377701e-06,0.9999690247971038
0.25356695054911643,0.03817319869341458,1.4096497079730174e-05,3.278255134820971e-07,3.367662093043361e-06,2.4437901914119963e-06,0.99997927679498
0.2522285580530629,0.03784921764679342,1.707672902047651e-05,3.278255134820971e-07,2.1457669973373625e-06,2.2947785943746796e-06,0.9999817801898102
0.25486302374738123,0.03826346992791145,1.788139164447802e-05,2.9802319407463367e-07,1.9073484420776557e-06,2.8312203437090202e-06,0.999982495445476
0.25893408059001666,0.03860297798449394,1.7553566130995923e-05,2.682208746671703e-07,1.937150761485119e-06,3.367662093043361e-06,0.999982495445476
0.2594347000014644,0.037998676293542116,1.8984077462554166e-05,2.086162358522436e-07,1.9073484420776557e-06,3.2186504960060438e-06,0.9999836279336135
0.2628587484250897,0.03814762830081032,1.8268821796775045e-05,2.086162358522436e-07,1.9669530808925826e-06,3.635882967710531e-06,0.9999833299104194
0.2628337144742851,0.03763875364612755,1.934170529544373e-05,2.086162358522436e-07,1.8775461226701922e-06,3.397464412450824e-06,0.9999840451660852
0.25892966984630345,0.03647133707375666,2.2917983624339332e-05,2.682208746671703e-07,1.5497206091880952e-06,2.6226041078567766e-06,0.9999855948866944
0.42972934244283817,0.25761270518660057,8.520483118593778e-05,8.940695822239011e-08,3.2931562945247025e-05,0.9999999000000099,4.827975744009066e-06
0.3951215743854944,0.25447940822058435,8.10325064688929e-05,0.0,6.377696353197161e-06,0.9999973966051797,3.278255134820971e-07
0.3833910226663146,0.19587382670863177,4.005431728363077e-05,0.0,1.7583368450403388e-06,0.9999956084660152,2.682208746671703e-07
0.382190048678785,0.20516467090908247,4.464387447238013e-05,0.0,1.1920927762985347e-06,0.9999928666526298,2.682208746671703e-07
0.39795038102409486,0.2215498089410973,9.906290971040823e-05,0.0,9.238719016313645e-07,0.9999733163310984,2.086162358522436e-07
0.39583337305337263,0.23386162515450423,0.0002135634208738825,0.0,7.152556657791209e-07,0.9999186588773051,5.960463881492674e-08
0.40533584354629576,0.2522281407878033,0.0009971260027349094,0.0,6.258487075567308e-07,0.9993328644870321,8.940695822239011e-08
0.4078943431208511,0.288977175901521,0.10599188936800466,8.940695822239011e-08,2.682208746671703e-07,0.8084608700053534,0.0
0.4155598282641952,0.42859905950836535,0.999999542372177,3.874301522970238e-07,3.5762783288956044e-07,7.748603045940476e-07,0.0
0.7178924679458901,0.5247262715394819,0.9999999000000099,2.086162358522436e-07,0.0,0.0,0.0
0.743969678847978,0.510901093395487,0.9999999000000099,1.1920927762985348e-07,2.3841855525970696e-07,0.0,0.0
0.7266275882420067,0.4057838320037272,0.9999999000000099,5.960463881492674e-08,1.7881391644478022e-07,0.0,0.0
0.12182977795096421,0.11225476859077865,0.000235140300124886,0.0,0.001148491983005416,0.9998688890038947,0.0
0.03193560242520655,0.16587927934667193,1.9431112253666117e-05,8.344649434089744e-07,0.5471761275524373,0.005924581888926088,2.980231940746337e-06
0.09259000420186979,0.01409423351046499,6.765126505494185e-06,1.1920927762985348e-07,0.9997152878496687,3.874301522970238e-07,7.808207684755402e-06
0.047139227388337375,0.028410881752871264,4.649161827564286e-06,2.592801788449313e-06,0.9999382688034752,5.632638368010577e-06,6.073712695241035e-05
0.03269237279756596,0.051375776520514796,8.940695822239011e-07,4.357099097371145e-05,0.9857114759832957,0.00013133882162869108,0.010593681468173967
0.09017053246124732,0.05340525507012455,4.768371105194139e-07,1.0639428028464424e-05,0.034087952542895414,0.0001170039059937012,0.8638102144460049
0.21381434797355303,0.03837606310187288,1.1086462819576373e-05,7.748603045940476e-07,9.685753807425595e-06,1.7583368450403388e-06,0.9998655511441211
0.21673583983477546,0.029550284142202527,4.810094352364588e-05,6.258487075567308e-07,3.5762783288956044e-07,1.7881391644478022e-07,0.9999851180495838
0.20805716513725883,0.03007298707447081,5.63859883189207e-05,7.152556657791209e-07,1.4901159703731684e-07,1.7881391644478022e-07,0.9999891711650233
0.21848034857798934,0.03322023152736207,5.4448837557435575e-05,5.66244068741804e-07,2.086162358522436e-07,4.4703479111195056e-07,0.9999875618397752
0.22852402924545065,0.03512638806695266,4.783272264897871e-05,4.172324717044872e-07,1.7881391644478022e-07,8.344649434089744e-07,0.9999864293516377
0.2336444854639581,0.03510984777803032,4.506110694408462e-05,3.278255134820971e-07,2.682208746671703e-07,8.940695822239011e-07,0.9999866081655542
0.21164482831078582,0.16124057767014385,8.82744700849065e-05,0.0,0.00013637541360855238,0.9999988271165112,1.1920927762985348e-07
0.24589946865017245,0.168416351051102,8.076428559422574e-06,0.0,1.0579823389649495e-05,0.9999996019768158,5.066394299268773e-07
0.24300691484398732,0.16699832674981588,7.539986810088233e-06,0.0,6.198882436752381e-06,0.9999996019768158,5.066394299268773e-07
0.2653754949459816,0.18575474616684642,6.377696353197161e-06,0.0,5.7816499650478935e-06,0.9999998403953712,1.3411043733358516e-06
0.27322161196531003,0.20399013158166213,6.645917227864331e-06,0.0,6.3180917143822346e-06,0.9999999000000099,2.4735925108194595e-06
0.27613407372284937,0.21149367090418403,6.943940421938965e-06,0.0,6.377696353197161e-06,0.9999999000000099,3.1888481765985805e-06
0.2777208089713493,0.21377897258912595,7.122754338383746e-06,0.0,6.228684756159844e-06,0.9999997807907323,3.635882967710531e-06
0.2779599726085007,0.21276840563945462,7.301568254828525e-06,0.0,5.871056923270284e-06,0.9999999000000099,3.7550922453403844e-06
0.27679795025633014,0.20932951565972732,7.599591448903159e-06,0.0,5.57303372919565e-06,0.9999997807907323,3.6656852871179947e-06
0.27488180993849265,0.20518562194171744,7.748603045940476e-06,0.0,5.453824451565797e-06,0.9999999000000099,3.2782551348209707e-06
0.2735263109093892,0.20273306962356438,8.076428559422574e-06,0.0,5.364417493343406e-06,0.9999999000000099,3.2484528154135075e-06
0.27218967675035644,0.2009309827937338,8.40425407290467e-06,0.0,5.245208215713553e-06,0.9999999000000099,3.0994412183761904e-06
0.1286200284904627,0.11697864530467618,0.0002077221662700197,0.0,0.0007783173736453134,0.9999345733158688,0.0
0.01678150892188202,0.11380973456341277,0.0004363357584446712,8.940695822239011e-08,0.0014100669404447218,0.9854175655092993,1.4901159703731684e-07
0.26927405594664416,0.06885412334216788,4.112720078229945e-06,0.0,0.9888122285037259,0.005188196378687076,1.1920927762985348e-07
0.24928617476384754,0.029235601420164736,4.06801659911875e-05,0.0,0.9999895287928562,7.152556657791209e-07,8.940695822239011e-08
0.22609782217996885,0.023751974101767787,0.00013881920379996439,0.0,0.9999996615814547,2.3841855525970696e-07,2.980231940746337e-08
0.22387990354564602,0.029705494637171065,0.00021353361855447505,0.0,0.9999997807907323,4.172324717044872e-07,1.7881391644478022e-07
0.21388474105902985,0.029402256006928192,0.00022104380304515582,0.0,0.9999997807907323,4.172324717044872e-07,5.960463881492674e-08
0.19005894660162714,0.026616871352406368,0.00018832085633576102,0.0,0.9999997807907323,2.682208746671703e-07,1.7881391644478022e-07
0.16207012533470444,0.02495816349555844,0.00013071297292113434,0.0,0.9999997211860935,3.5762783288956044e-07,2.682208746671703e-07
0.12818062304919672,0.024122655387562468,7.206200832724643e-05,8.940695822239011e-08,0.9999996615814547,4.4703479111195056e-07,6.556510269641942e-07
0.07967889308599511,0.02781018614292774,2.3305413776636355e-05,3.278255134820971e-07,0.9999978734422902,1.698732206225412e-06,6.288289394974771e-06
0.03280282020433019,0.03921955823226739,2.980231940746337e-06,1.3828276205063004e-05,0.9997121288038114,3.015994724035293e-05,0.0004980861642569353
0.21432220934934074,0.03324639796641398,5.292891926765494e-05,7.033347380161355e-06,8.22544015645989e-06,1.3113020539283883e-06,0.9998371793360452
0.2267195582295952,0.0360870957312779,4.994868732690861e-05,3.874301522970238e-07,2.026557719707509e-06,2.086162358522436e-06,0.9999937011175731
0.2252779304887949,0.03572899102552867,4.3630595612526375e-05,3.5762783288956044e-07,1.132488137483608e-06,1.9669530808925826e-06,0.9999945355825166
0.20820334552856443,0.03303089737326546,6.750225345790453e-05,4.4703479111195056e-07,5.364417493343406e-07,9.238719016313645e-07,0.9999960853031258
0.18706128000438496,0.03035596012549352,9.268521335721107e-05,7.152556657791209e-07,2.086162358522436e-07,3.5762783288956044e-07,0.9999970985819856
0.17172324656729118,0.02949351071806369,0.00010380147849619491,1.1026858180761447e-06,8.940695822239011e-08,2.086162358522436e-07,0.9999975158144573
0.16308155655185616,0.029594689602552588,0.00010624526868760691,1.519918289780632e-06,0.0,1.1920927762985348e-07,0.9999975158144573
0.1702354252267919,0.03127741813124089,0.00011074541891813388,1.3113020539283883e-06,0.0,2.086162358522436e-07,0.9999970389773468
0.1748965382503568,0.03185242413929062,0.00011250375576317421,1.043081179261218e-06,2.980231940746337e-08,2.682208746671703e-07,0.9999965621402362
0.1942967176356924,0.03452786802654306,9.760259605944253e-05,6.854533463716575e-07,8.940695822239011e-08,5.66244068741804e-07,0.9999948932103495
0.20673617719747894,0.03528255223623744,8.279084331393324e-05,4.4703479111195056e-07,1.7881391644478022e-07,8.046626240015109e-07,0.9999939395361285
0.22020694612544897,0.036140888923178474,6.338953337967459e-05,4.172324717044872e-07,2.3841855525970696e-07,1.2218950957059981e-06,0.9999926878387133
0.7084072827999511,0.4152714311365478,0.9999997211860935,3.9637084811926284e-06,2.3841855525970696e-07,6.854533463716575e-07,3.054737739264995e-05
0.5114663839128423,0.454099237841096,0.9999999000000099,0.0,2.9802319407463367e-07,0.0,5.960463881492674e-08
0.5865874290223416,0.301857560821343,0.9999999000000099,0.0,1.4901159703731684e-07,0.0,8.940695822239011e-08
0.5366575717703808,0.3478223084807848,0.9999999000000099,0.0,5.960463881492674e-08,0.0,0.0
0.5772181153058411,0.32610383624214845,0.9999999000000099,0.0,8.940695822239011e-08,0.0,8.940695822239011e-08
0.569963574385884,0.34073957795030513,0.9999999000000099,0.0,8.940695822239011e-08,0.0,5.960463881492674e-08
0.5777338146924165,0.3312549888520452,0.9999999000000099,0.0,1.4901159703731684e-07,0.0,0.0
0.5789394378422383,0.33607664698568,0.9999999000000099,0.0,5.960463881492674e-08,0.0,2.980231940746337e-08
0.578843474364154,0.3373789786714769,0.9999999000000099,0.0,1.1920927762985348e-07,0.0,8.940695822239011e-08
0.5826146006342919,0.3376540541070682,0.9999999000000099,0.0,1.1920927762985348e-07,0.0,2.980231940746337e-08
0.5808446407077601,0.34119769924997034,0.9999999000000099,0.0,1.4901159703731684e-07,0.0,2.980231940746337e-08
0.5818508863208165,0.34235429757931635,0.9999999000000099,0.0,1.7881391644478022e-07,0.0,2.980231940746337e-08
0.6988189220139102,0.41268315904226444,0.9999996615814547,3.695487606525458e-06,2.3841855525970696e-07,6.258487075567308e-07,2.792477328479318e-05
0.4594514369774351,0.4211757480376974,0.9999999000000099,0.0,1.4901159703731684e-07,0.0,2.980231940746337e-08
0.5367760658041894,0.33834516996312053,0.9999999000000099,0.0,1.4901159703731684e-07,0.0,2.980231940746337e-08
0.5512066483269378,0.3640180825563807,0.9999999000000099,0.0,1.1920927762985348e-07,0.0,2.980231940746337e-08
0.5848382711168354,0.35305351012860126,0.9999999000000099,0.0,8.940695822239011e-08,0.0,5.960463881492674e-08
0.5947349071256419,0.4026344417836244,0.9999999000000099,0.0,5.960463881492674e-08,0.0,2.980231940746337e-08
0.622364938233354,0.43894112102621724,0.9999999000000099,0.0,1.1920927762985348e-07,0.0,0.0
0.6659507751189089,0.4715429245618181,0.9999999000000099,0.0,1.7881391644478022e-07,0.0,0.0
0.7303471564944162,0.49589788905235294,0.9999999000000099,0.0,2.3841855525970696e-07,0.0,0.0
0.7577100991889008,0.5319962500614914,0.9999999000000099,8.940695822239011e-08,1.1920927762985348e-07,0.0,0.0
0.7243001460729136,0.6653277872853645,0.9999999000000099,2.086162358522436e-07,1.4901159703731684e-07,0.0,0.0
0.5925093292944658,0.7766062615972118,0.9999999000000099,2.086162358522436e-07,2.086162358522436e-07,0.0,0.0
0.15426844357805422,0.023650288577798384,1.6689298868179488e-06,1.0132788598537545e-06,0.7216234677622747,5.248188447654299e-05,0.1974989872367193
0.4066952168773094,0.06383013724187765,2.3841855525970694e-06,8.940695822239011e-08,0.9999975158144573,0.0002389549970090413,2.086162358522436e-07
0.362694144233944,0.051828294983572075,2.6226041078567766e-06,5.960463881492674e-08,0.999997635023735,3.0428168115020102e-05,0.0
0.333727002130041,0.05037847160430373,5.900859242677747e-06,8.940695822239011e-08,0.999997635023735,1.3053415900468956e-05,0.0
0.35438019035779295,0.04872298239827313,2.592801788449313e-06,2.086162358522436e-07,0.9999962045124035,4.059075903296511e-05,0.0
0.3563680052609699,0.061897337426077025,2.264976274967216e-06,5.960463881492674e-08,0.9999877406536917,0.00014606116741597798,0.0
0.35659509895755476,0.0681865811231202,1.370906692743315e-06,1.1920927762985348e-07,0.9999065591356258,0.0011645256308466312,0.0
0.26014482973928904,0.08597394822555839,4.7385687857866755e-06,8.940695822239011e-08,0.9920063814931789,0.14928235110913365,0.0
0.10811999439745476,0.09040868280770001,0.0001402497151315226,0.0,0.015911219913089435,0.9996894790410618,0.0
0.16012573241524455,0.12195172903833694,2.2053716361522894e-05,0.0,9.09566788315782e-05,0.9999935819082956,0.0
0.17756989597538952,0.13397726414293668,1.3142822858691347e-05,0.0,2.0802018946409432e-05,0.9999969197680691,2.980231940746337e-08
0.19010433553862174,0.1375154256585204,1.060962570905696e-05,0.0,1.3023613581061492e-05,0.9999977542330126,1.4901159703731684e-07
0.0816965699162033,0.0340275466383841,0.0004212557848244947,0.0006936787865281174,0.0,0.0,0.9995491101166526
0.19038650392697676,0.05226296185552218,0.00021001694486439437,1.0132788598537545e-06,0.0,2.9206273019314104e-06,0.9999941779546837
0.24012869595487005,0.06070718168172821,1.8447635713219826e-05,3.278255134820971e-07,4.172324717044872e-07,3.647803895473517e-05,0.9999840451660852
0.24345612524931845,0.04489350318139957,3.0040737962723075e-05,2.3841855525970696e-07,1.5795229285955586e-06,9.357928293943498e-06,0.9999915553505758
0.24694761632850432,0.03846466540631633,3.129243537783654e-05,2.086162358522436e-07,2.026557719707509e-06,4.589557188749359e-06,0.9999927474433521
0.24469318984925806,0.036727279418378354,3.483891138732468e-05,2.9802319407463367e-07,1.6689298868179488e-06,3.308057454228434e-06,0.9999930454665462
0.2420647740263841,0.035993695252930856,3.7789341008663554e-05,2.3841855525970696e-07,1.3411043733358516e-06,2.6226041078567766e-06,0.999993105071185
0.23599001764273977,0.03484150766729746,4.4763083750009984e-05,2.682208746671703e-07,9.238719016313645e-07,1.8179414838552655e-06,0.9999934626990179
0.23271733521451532,0.03445661067372628,4.8518175995350365e-05,2.9802319407463367e-07,7.450579851865842e-07,1.519918289780632e-06,0.9999934030943791
0.22100326417961522,0.03261569141783119,6.359814961552683e-05,3.278255134820971e-07,4.172324717044872e-07,8.046626240015109e-07,0.9999944163732389
0.2095061242493662,0.031390845770229034,7.781385597288686e-05,4.768371105194139e-07,2.3841855525970696e-07,5.066394299268773e-07,0.9999950124196271
0.17756628989438078,0.02810704707618074,0.00010091065351367098,1.0132788598537545e-06,0.0,1.4901159703731684e-07,0.9999968005587916
0.10279056429437343,0.031676501030266174,0.00018832085633576102,0.00016859172088802028,1.7881391644478022e-07,8.940695822239011e-08,0.9998474313339214
0.06862694024755504,0.02881565689547163,3.6656852871179946e-05,0.00020965931703150481,0.0,0.0,0.9999981714654843
0.2610352337252293,0.1859323382059243,0.0,0.9961147504327754,0.0,3.278255134820971e-07,0.900620966494605
0.21137225627023926,0.4184502660511646,0.0,0.9999996615814547,0.0,0.0002097487239897272,0.007686375803017693
0.1424497067869329,0.3611762821055886,0.0,0.9999999000000099,0.0,0.003785281994900145,0.00012099741679430128
0.1389527320804279,0.36757856601142896,0.0,0.9999999000000099,0.0,0.003101229357540638,3.79979572445158e-05
0.14181214570411932,0.38040244572801357,0.0,0.9999999000000099,0.0,0.002047657761847993,2.0653007349372115e-05
0.1456696689068557,0.38884937756555643,0.0,0.9999999000000099,0.0,0.001318365203627957,1.3738869246840614e-05
0.14947423338271137,0.39509391777902575,0.0,0.9999999000000099,0.0,0.0008829235147655098,1.0222195556759936e-05
0.1527311503823934,0.4019087552336083,0.0,0.9999999000000099,0.0,0.0006302892531484428,8.195637837052427e-06
0.15569502114604936,0.40784609310795783,0.0,0.9999999000000099,0.0,0.0004735886577040004,6.8247311443091115e-06
0.15837618707954734,0.4131701587923184,0.0,0.9999999000000099,0.0,0.00036966796993017563,5.990266200900137e-06
0.11037743091126204,0.031519562000599445,0.000155389293390514,0.0001254677647054208,1.7881391644478022e-07,5.960463881492674e-08,0.9998602463312666
0.24880471824569425,0.056649833907917356,2.5779006287455814e-05,3.5762783288956044e-07,8.642672628164378e-07,3.147124929428132e-05,0.9999880982815246
0.2461619973080748,0.044350028030430616,2.4974343663454304e-05,3.278255134820971e-07,2.712011066079167e-06,1.034140483438979e-05,0.9999922706062416
0.26260372995242875,0.042765408747025814,1.7315147575736217e-05,2.086162358522436e-07,5.096196618676236e-06,1.1891125443577885e-05,0.9999906016763548
0.2614041566740513,0.04040196537279673,1.9580123850703434e-05,1.7881391644478022e-07,5.03659197986131e-06,8.40425407290467e-06,0.9999911977227429
0.258604824532291,0.038736075156254594,2.247094883322738e-05,2.3841855525970696e-07,3.874301522970238e-06,6.079673159122528e-06,0.9999915553505758
0.25428748129745393,0.03754869102788736,2.6315448036790155e-05,2.086162358522436e-07,2.8908249825239467e-06,4.500150230526969e-06,0.99999185337377
0.25150221585186,0.0369340181287464,2.8967854464054395e-05,2.3841855525970696e-07,2.175569316744826e-06,3.6656852871179947e-06,0.99999185337377
0.24787023662494437,0.036222845309730606,3.263353975117239e-05,1.7881391644478022e-07,1.6093252480030219e-06,2.9504296213388737e-06,0.9999920321876864
0.242151290168272,0.03518411516540774,3.853439899385014e-05,2.9802319407463367e-07,1.1622904568910714e-06,2.2053716361522894e-06,0.9999925090247969
0.24128472804024087,0.0352324545323123,3.957748017311135e-05,2.086162358522436e-07,9.536742210388278e-07,1.9669530808925826e-06,0.9999922110016028
0.24435231088580173,0.03590387105326972,3.647803895473517e-05,2.682208746671703e-07,9.536742210388278e-07,2.324580913782143e-06,0.9999911977227429
0.17654523252709822,0.5369359253917613,1.043081179261218e-06,0.9999999000000099,8.940695822239011e-08,0.0,0.0
0.12592762708142502,0.32568472618248206,2.980231940746337e-08,0.9999999000000099,0.0,2.4437901914119963e-06,0.0
0.1409592628420636,0.41804543130391947,2.980231940746337e-08,0.9999999000000099,0.0,6.258487075567308e-07,0.0
0.19353038071784692,0.5163381694863223,2.980231940746337e-08,0.9999999000000099,0.0,1.0043381640315155e-05,0.0
0.17676132916672246,0.5523192881592077,2.980231940746337e-08,0.9999999000000099,0.0,1.0818241944909203e-05,0.0
0.17794537543513655,0.5632465480793641,0.0,0.9999999000000099,0.0,1.0490416431427107e-05,1.1920927762985348e-07
0.179655224077415,0.5655284522995545,2.980231940746337e-08,0.9999999000000099,0.0,1.060962570905696e-05,0.0
0.1809729337617324,0.56409668912765,0.0,0.9999999000000099,0.0,1.087784658372413e-05,0.0
0.18196120857438983,0.565074205301799,0.0,0.9999999000000099,0.0,1.1175869777798764e-05,8.940695822239011e-08
0.18284732102590648,0.5655650495514403,2.980231940746337e-08,0.9999999000000099,0.0,1.1712311527133104e-05,2.980231940746337e-08
0.18370985984041543,0.5648768543229815,2.980231940746337e-08,0.9999999000000099,0.0,1.2367962554097299e-05,8.940695822239011e-08
0.18446108698081098,0.5645466445909824,0.0,0.9999999000000099,0.0,1.3202427497506273e-05,2.980231940746337e-08
0.3620810508578098,0.2802353500840024,0.9999997211860935,1.1920927762985348e-07,8.940695822239011e-08,0.0,3.5762783288956044e-07
0.6289048194624839,0.5402251481084832,0.9999999000000099,0.0,1.4901159703731684e-07,0.0,0.0
0.609561920140775,0.43741059295793683,0.9999999000000099,0.0,2.3841855525970696e-07,0.0,5.960463881492674e-08
0.6074551939712761,0.34179812663901243,0.9999999000000099,0.0,2.682208746671703e-07,0.0,2.980231940746337e-08
0.6105126738295479,0.36750096076394473,0.9999999000000099,0.0,2.9802319407463367e-07,0.0,8.940695822239011e-08
0.6125910877927797,0.35858577483712656,0.9999999000000099,0.0,3.278255134820971e-07,0.0,8.940695822239011e-08
0.612633526299858,0.37290656560234403,0.9999999000000099,0.0,2.9802319407463367e-07,0.0,1.4901159703731684e-07
0.6265627741554214,0.37437111132886935,0.9999999000000099,0.0,3.874301522970238e-07,0.0,8.940695822239011e-08
0.6390091180536792,0.3825538753808129,0.9999999000000099,0.0,4.4703479111195056e-07,0.0,8.940695822239011e-08
0.6552619933810702,0.3906720876024758,0.9999999000000099,0.0,5.066394299268773e-07,0.0,5.960463881492674e-08
0.6864870190336163,0.39199826114617875,0.9999999000000099,0.0,6.258487075567308e-07,0.0,1.1920927762985348e-07
0.7227056026159484,0.3860638737017451,0.9999999000000099,0.0,8.344649434089744e-07,0.0,1.1920927762985348e-07
0.0987726747948755,0.02135479449860161,9.834765404462913e-07,1.1026858180761447e-06,0.9978224233348231,3.5166736900806775e-05,0.0001502036898136154
0.041863858698065096,0.026868820185828802,3.5166736900806776e-06,2.8908249825239467e-06,0.9997616006540279,3.6656852871179947e-06,9.053944635987371e-05
0.05406507849469427,0.04078486561076827,1.0132788598537545e-06,8.761881905794231e-06,0.9998618556565145,2.3692843928933378e-05,0.00010928510526716817
0.03300076722962106,0.0504483878526133,3.874301522970238e-07,5.269050071239524e-05,0.996805687405918,0.00010323523442745311,0.001543462122112528
0.046723723409625335,0.05554845928194628,1.7881391644478022e-07,4.988908268809368e-05,0.7803051287451523,0.0002756714545190362,0.04322638675440295
0.09817028045247796,0.04979446529489446,2.9802319407463367e-07,1.0102986279130082e-05,0.00988578697528849,6.878375319242546e-05,0.8695090139631
0.2182354926972622,0.041011512272487886,6.0200685203076e-06,1.0132788598537545e-06,1.1324881374836081e-05,1.937150761485119e-06,0.9998064233424167
0.2170445620923768,0.03117832540931877,3.257393511235746e-05,7.748603045940476e-07,5.66244068741804e-07,2.086162358522436e-07,0.9999785615393142
0.1997782587922342,0.02974116801706303,4.923343166112949e-05,9.536742210388278e-07,1.1920927762985348e-07,8.940695822239011e-08,0.9999888135371904
0.20081034301879977,0.03120341896476491,6.276368467211785e-05,9.238719016313645e-07,8.940695822239011e-08,1.7881391644478022e-07,0.9999901248392443
0.20925763248530788,0.03313666581540128,6.553530037701195e-05,6.854533463716575e-07,1.4901159703731684e-07,4.172324717044872e-07,0.9999895287928562
0.2206070721058096,0.034850686782591296,5.787610428929386e-05,4.768371105194139e-07,2.3841855525970696e-07,6.258487075567308e-07,0.9999880982815246
0.3493616580818472,0.04981780051332003,2.4437901914119963e-06,8.940695822239011e-08,0.9998095227836351,6.890296247005531e-05,0.0
0.24309104680008428,0.027147114272237448,7.90059487491854e-05,0.0,0.999999542372177,1.4901159703731684e-07,5.960463881492674e-08
0.28473192452205387,0.041833192102898334,3.066658667027981e-05,0.0,0.9999997807907323,1.2516974151134616e-06,0.0
0.26877948640664084,0.03753244876218885,6.237625451982083e-05,0.0,0.9999999000000099,6.556510269641942e-07,0.0
0.25869369505764744,0.035387158387800335,7.504224026799276e-05,0.0,0.9999998403953712,5.66244068741804e-07,0.0
0.25387445091149996,0.035414457315102794,8.484720335304821e-05,0.0,0.9999999000000099,5.066394299268773e-07,0.0
0.2420870363612068,0.03346079587363435,0.0001018643277347098,0.0,0.9999999000000099,4.768371105194139e-07,0.0
0.22442623971963463,0.03096953033870633,0.00011137126762569061,0.0,0.9999997807907323,3.5762783288956044e-07,2.980231940746337e-08
0.19909784196982894,0.02820456027501658,0.00010105966511070829,0.0,0.9999997807907323,2.682208746671703e-07,8.940695822239011e-08
0.17820188402391685,0.027933508152946904,7.972120441496452e-05,0.0,0.9999997807907323,3.278255134820971e-07,0.0
0.15239781140650083,0.026921063656965484,5.51640932232147e-05,5.960463881492674e-08,0.9999997807907323,3.5762783288956044e-07,1.1920927762985348e-07
0.12453958391627559,0.02702987193598433,3.117322610020669e-05,8.940695822239011e-08,0.9999997807907323,4.4703479111195056e-07,3.874301522970238e-07
0.4480928182416383,0.2532852291627139,5.7518476456404306e-05,1.4901159703731684e-07,2.8222796478867813e-05,0.9999999000000099,6.4373009920120876e-06
0.3995061516596353,0.2574908732927005,6.726383490264483e-05,0.0,6.109475478529991e-06,0.9999982310701231,3.874301522970238e-07
0.4252169728103041,0.23218753929930688,0.00013598798345625535,0.0,1.6093252480030219e-06,0.9999664021929959,1.7881391644478022e-07
0.5037578940182945,0.3180439769677107,0.9997492028891544,7.748603045940476e-07,1.1920927762985348e-07,0.00023624298594296213,0.0
0.5163118839050123,0.3959423898972581,0.9999999000000099,2.086162358522436e-07,1.0132788598537545e-06,0.0,0.0
0.5063484310894153,0.44862058751053696,0.9999999000000099,1.4901159703731684e-07,4.112720078229945e-06,0.0,0.0
0.49682307241289936,0.4420383273798281,0.9999999000000099,8.940695822239011e-08,2.0563600391149723e-06,0.0,0.0
0.5190788507246609,0.4139145612007908,0.9999999000000099,0.0,1.2218950957059981e-06,0.0,0.0
0.5274987816592183,0.40507867925383273,0.9999999000000099,0.0,5.364417493343406e-07,0.0,0.0
0.546706259228003,0.4009894131927501,0.9999999000000099,0.0,3.874301522970238e-07,0.0,0.0
0.5585503577954752,0.3968425988471467,0.9999999000000099,0.0,1.7881391644478022e-07,0.0,0.0
0.5722633003951576,0.3888948559095123,0.9999999000000099,0.0,2.086162358522436e-07,0.0,2.980231940746337e-08
0.3553616404386239,0.2806525229927139,0.0004058777880102436,8.940695822239011e-08,6.69658117085702e-05,0.9999997211860935,1.1622904568910714e-06
0.018414258956146685,0.17032766339246477,0.0004629194273561285,8.940695822239011e-08,3.2514330473542534e-05,0.99951805609983,1.1920927762985348e-07
0.11821404098974919,0.09840735791428629,9.030102780461401e-06,5.960463881492674e-08,0.4574907560621426,0.08856101938600926,2.9802319407463367e-07
0.2210783362297067,0.031452178949692405,3.8415189716220283e-05,0.0,0.999804396784697,3.784894564747848e-06,3.874301522970238e-07
0.21616944669782076,0.020190626379370413,0.00018283722956478776,0.0,0.9999984098840395,2.3841855525970696e-07,1.7881391644478022e-07
0.1996429264462773,0.024446487422571717,0.00039672847595215236,0.0,0.9999997211860935,3.278255134820971e-07,2.086162358522436e-07
0.17863577603554132,0.024215251203205182,0.00033426281447410913,0.0,0.9999997211860935,3.874301522970238e-07,3.5762783288956044e-07
0.16247069834990088,0.024790704246090655,0.0002584755162209298,0.0,0.9999997211860935,4.4703479111195056e-07,5.066394299268773e-07
0.14597493409506024,0.02474698423915539,0.0001901387978196163,2.980231940746337e-08,0.9999996615814547,5.66244068741804e-07,8.642672628164378e-07
0.11991247534255361,0.02436894177973221,0.00011575220857858772,8.940695822239011e-08,0.9999994231628994,8.344649434089744e-07,2.2351739555597527e-06
0.06918999552440246,0.026820331807312324,3.743171317577399e-05,3.874301522970238e-07,0.9999938203268508,2.74181338548663e-06,2.202391404211543e-05
0.03287342190606371,0.035286188119568115,7.063149699568818e-06,8.04662624001511e-06,0.9996199800322035,2.5629994690418497e-05,0.0006746947090655632
0.3681892156448493,0.06636333464439799,1.847743803262729e-06,2.980231940746337e-08,0.9991846873549382,0.0002922415441095858,0.0
0.2897983491300747,0.08454591034395173,2.0563600391149723e-06,5.960463881492674e-08,0.9941222269618312,0.1672421228536533,0.0
0.10400968789623641,0.08403879402628954,0.00010368226921856506,0.0,0.04659449588223742,0.9988759949305157,0.0
0.130245268339486,0.1074417531306348,2.9861924046278297e-05,0.0,0.00032994147816002697,0.9999699784713248,0.0
0.13534483313000054,0.12041136620367028,2.1368263015151236e-05,0.0,7.385014749169422e-05,0.9999858333052496,0.0
0.13325229286595755,0.12350675461561583,2.1874902445078112e-05,0.0,5.039572211802056e-05,0.9999860717238048,0.0
0.12505856155831344,0.12179422376454493,2.7209517619014057e-05,0.0,5.2332872879505675e-05,0.9999818993990878,0.0
0.12224355339497785,0.11993423102232498,3.120302841961415e-05,0.0,5.471705843210275e-05,0.9999792171903411,0.0
0.11400032042984981,0.11786493657001208,3.9428468576074036e-05,0.0,6.19888243675238e-05,0.9999721242383222,0.0
0.10407996177242368,0.11586055157584847,5.099176850616983e-05,0.0,7.554887969791964e-05,0.9999582363574783,0.0
0.09253677725408757,0.11353513596497958,6.774067201316424e-05,0.0,0.00010511278055012331,0.9999256326200465,0.0
0.08493611216193403,0.10933414099728463,8.895992343127815e-05,0.0,0.00018033383473456085,0.9998495771009187,0.0
0.7078694104855202,0.41524434082550205,0.9999996615814547,3.933906161785165e-06,2.9802319407463367e-07,6.258487075567308e-07,3.030895883739025e-05
0.5412584543004026,0.4447991549207067,0.9999999000000099,0.0,4.172324717044872e-07,0.0,8.940695822239011e-08
0.5887584686035505,0.30584383005627136,0.9999999000000099,0.0,2.086162358522436e-07,0.0,1.4901159703731684e-07
0.541405081726544,0.3445116876965922,0.9999999000000099,0.0,1.4901159703731684e-07,0.0,0.0
0.5795087218044646,0.3284998535547417,0.9999999000000099,0.0,5.960463881492674e-08,0.0,2.980231940746337e-08
0.5721994638206058,0.33945453161149014,0.9999999000000099,0.0,8.940695822239011e-08,0.0,2.980231940746337e-08
0.5691156387093443,0.3366284965892385,0.9999999000000099,0.0,5.960463881492674e-08,0.0,0.0
0.5724236368895967,0.3379911183732153,0.9999999000000099,0.0,5.960463881492674e-08,0.0,0.0
0.5693150758507546,0.34117442363618955,0.9999999000000099,0.0,5.960463881492674e-08,0.0,1.1920927762985348e-07
0.5713651180030744,0.3401965498341719,0.9999999000000099,0.0,0.0,0.0,0.0
0.5699003338577798,0.34270256751867934,0.9999999000000099,0.0,8.940695822239011e-08,0.0,0.0
0.570773065066545,0.34277793759198494,0.9999999000000099,0.0,0.0,0.0,2.980231940746337e-08
0.18313461541371198,0.6270658372758946,2.8908249825239467e-06,0.9999999000000099,5.960463881492674e-08,0.0,0.0
0.18074020742621652,0.4986124633888937,0.0,0.9999999000000099,0.0,1.990794936418553e-05,2.980231940746337e-08
0.1810228526517297,0.5852069257687801,0.0,0.9999999000000099,0.0,1.3232229816913736e-05,0.0
0.17705759405356628,0.6381335257391177,1.1920927762985348e-07,0.9999999000000099,0.0,1.0907648903131594e-05,2.980231940746337e-08
0.18205246328553717,0.6457591055717964,5.960463881492674e-08,0.9999999000000099,0.0,1.0281800195574863e-05,0.0
0.18602401017372416,0.6468141673887849,8.940695822239011e-08,0.9999999000000099,0.0,1.0281800195574863e-05,2.980231940746337e-08
0.18864977358990573,0.6469840406263657,2.980231940746337e-08,0.9999999000000099,0.0,1.0579823389649495e-05,2.980231940746337e-08
0.19051146506474317,0.6466122864569652,0.0,0.9999999000000099,0.0,1.1354683694243543e-05,0.0
0.19194743036429004,0.6458281277504345,2.980231940746337e-08,0.9999999000000099,0.0,1.2308357915282372e-05,8.940695822239011e-08
0.19314184784089464,0.6444287895052823,1.1920927762985348e-07,0.9999999000000099,0.0,1.3500450691580906e-05,0.0
0.19414776562840486,0.6428014038892584,1.4901159703731684e-07,0.9999999000000099,0.0,1.4990566661954075e-05,2.980231940746337e-08
0.195027977220089,0.6412039994095515,2.980231940746337e-08,0.9999999000000099,0.0,1.6599891909957096e-05,8.940695822239011e-08
0.14272063969974821,0.03165367245132111,9.018181852698416e-05,4.380940952897115e-05,7.152556657791209e-07,1.1920927762985348e-07,0.9998731805378894
0.24699378012588094,0.04656228422321281,3.0934807544946974e-05,2.9802319407463367e-07,1.698732206225412e-06,1.1295079055428617e-05,0.9999912573273818
0.26018252967710787,0.04476687311359594,1.6123054799437684e-05,1.7881391644478022e-07,4.678964146971749e-06,1.4245508676767491e-05,0.9999900056299666
0.2625455558191304,0.04205834864849882,1.7017124381661583e-05,1.1920927762985348e-07,5.990266200900137e-06,1.0669230347871886e-05,0.9999906016763548
0.25859576462628553,0.03953716158189867,2.0831821265816896e-05,1.1920927762985348e-07,4.589557188749359e-06,6.8247311443091115e-06,0.9999914361412983
0.25314974783802835,0.03787824510879406,2.5600192371011033e-05,2.086162358522436e-07,3.129243537783654e-06,4.678964146971749e-06,0.9999920321876864
0.24751266836095162,0.03668907284108387,3.087520290613205e-05,2.3841855525970696e-07,2.0563600391149723e-06,3.2782551348209707e-06,0.9999923898155193
0.23680061100932914,0.034770041698224,4.220008428096813e-05,2.682208746671703e-07,1.1026858180761447e-06,1.8775461226701922e-06,0.9999934626990179
0.22934973238948997,0.03384879230873332,5.105137314498475e-05,2.682208746671703e-07,7.152556657791209e-07,1.3113020539283883e-06,0.9999938799314896
0.22076365350762808,0.03286027907762512,6.219744060337605e-05,4.172324717044872e-07,4.768371105194139e-07,9.238719016313645e-07,0.9999944163732389
0.21172028779106833,0.03193563222338282,7.417797300517633e-05,3.874301522970238e-07,2.682208746671703e-07,6.258487075567308e-07,0.9999948932103495
0.20651039480307912,0.03177982568196663,8.091329719126304e-05,4.4703479111195056e-07,2.3841855525970696e-07,5.960463881492673e-07,0.9999948932103495
0.15570893883060383,0.2503829896021299,0.9999994231628994,1.1920927762985348e-07,2.1457669973373625e-06,8.940695822239011e-08,0.0
0.7273793816265276,0.4699445366054726,0.9999999000000099,0.0,1.7881391644478022e-07,0.0,0.0
0.6403427123758286,0.43708223096992543,0.9999999000000099,0.0,7.152556657791209e-07,0.0,5.960463881492674e-08
0.6081426143394422,0.33303597563762893,0.9999999000000099,0.0,8.344649434089744e-07,0.0,1.1920927762985348e-07
0.586779713606379,0.3646595477433436,0.9999999000000099,0.0,4.172324717044872e-07,0.0,8.940695822239011e-08
0.5706723332168787,0.3647921084733014,0.9999999000000099,0.0,2.086162358522436e-07,0.0,0.0
0.5595954060322789,0.37947493785082254,0.9999999000000099,0.0,1.7881391644478022e-07,0.0,0.0
0.5603874921566662,0.36719593399435885,0.9999999000000099,0.0,1.4901159703731684e-07,0.0,2.980231940746337e-08
0.5608617663151244,0.36277890199171253,0.9999999000000099,0.0,1.4901159703731684e-07,0.0,0.0
0.5567995309599154,0.35721692436777175,0.9999999000000099,0.0,1.4901159703731684e-07,0.0,2.980231940746337e-08
0.560732722259191,0.351657599150523,0.9999999000000099,0.0,5.960463881492674e-08,0.0,2.980231940746337e-08
0.5571902990110467,0.3513029813164925,0.9999999000000099,0.0,5.960463881492674e-08,0.0,0.0
0.5575825571782973,0.3751659094644907,0.9999996019768158,1.132488137483608e-06,8.940695822239011e-08,1.1920927762985348e-07,6.8247311443091115e-06
0.5692676305535153,0.45466428987346996,0.9999999000000099,0.0,2.086162358522436e-07,0.0,8.940695822239011e-08
0.5742616653204594,0.3292773663433812,0.9999999000000099,0.0,1.1920927762985348e-07,0.0,2.980231940746337e-08
0.5616595744854099,0.3333778976823244,0.9999999000000099,0.0,8.940695822239011e-08,0.0,5.960463881492674e-08
0.5820149779078764,0.3408349751842518,0.9999999000000099,0.0,5.960463881492674e-08,0.0,2.980231940746337e-08
0.5850396156068783,0.3437657653696783,0.9999999000000099,0.0,0.0,0.0,8.940695822239011e-08
0.5909751057380107,0.34577244514266536,0.9999999000000099,0.0,1.1920927762985348e-07,0.0,8.940695822239011e-08
0.5930099487059135,0.35103023046204707,0.9999999000000099,0.0,1.1920927762985348e-07,0.0,2.980231940746337e-08
0.5960665940991585,0.3543942570079493,0.9999999000000099,0.0,1.7881391644478022e-07,0.0,8.940695822239011e-08
0.594806790327238,0.35727286332688385,0.9999999000000099,0.0,1.4901159703731684e-07,0.0,1.4901159703731684e-07
0.5958375334492962,0.3588639497142457,0.9999999000000099,0.0,1.1920927762985348e-07,0.0,2.980231940746337e-08
0.5958442091695108,0.3594336807112337,0.9999999000000099,0.0,1.4901159703731684e-07,0.0,2.980231940746337e-08
0.5837037563082276,0.3836756347952937,0.9999996019768158,1.6391275674104854e-06,8.940695822239011e-08,8.940695822239011e-08,8.255242475867353e-06
0.5914806127303299,0.4542466103252779,0.9999999000000099,0.0,2.9802319407463367e-07,0.0,8.940695822239011e-08
0.5842681526895824,0.3353925048730652,0.9999999000000099,0.0,2.086162358522436e-07,0.0,0.0
0.5348736047523271,0.34436756366555,0.9999999000000099,0.0,8.940695822239011e-08,0.0,0.0
0.566783010936156,0.3431953191169531,0.9999999000000099,0.0,8.940695822239011e-08,0.0,0.0
0.5530521869430417,0.3520527481429938,0.9999999000000099,0.0,8.940695822239011e-08,0.0,2.980231940746337e-08
0.5620261430507634,0.34060293430218097,0.9999999000000099,0.0,5.960463881492674e-08,0.0,2.980231940746337e-08
0.5562406778105244,0.3479831218123613,0.9999999000000099,0.0,8.940695822239011e-08,0.0,2.980231940746337e-08
0.5599924325711113,0.3433637618430595,0.9999999000000099,0.0,8.940695822239011e-08,0.0,0.0
0.5590342879063865,0.34544312948033773,0.9999999000000099,0.0,5.960463881492674e-08,0.0,2.980231940746337e-08
0.5630670785670777,0.3430116474041092,0.9999999000000099,0.0,5.960463881492674e-08,0.0,5.960463881492674e-08
0.5617443918949218,0.3444727062589158,0.9999999000000099,0.0,1.4901159703731684e-07,0.0,1.1920927762985348e-07
0.1767458319590815,0.14454099533467027,0.00011798738253414749,0.0,0.0002234875932365678,0.9999959064892093,0.0
0.10737964510473029,0.11361292002639814,8.228420388400636e-05,0.0,5.9753650411964056e-05,0.9999644948445539,0.0
0.11402547358994398,0.1095950901320666,6.812810216546127e-05,0.0,5.102157082557729e-05,0.9999708129362682,0.0
0.09441825747098964,0.11230668423636912,9.453295716047381e-05,0.0,5.5432314097881866e-05,0.9999495340802114,0.0
0.06521737575260955,0.11310687659234173,0.0001475810857057586,0.0,9.211896928846927e-05,0.9998310996628861,0.0
0.060094565150633564,0.09782984851115642,0.0002403259037017846,0.0,0.00048744673622847087,0.999106784092007,2.980231940746337e-08
0.07890900969178566,0.08151283858810818,0.0003797709562093057,0.0,0.0038887258455634504,0.9958470063952187,5.960463881492674e-08
0.09207737445450027,0.07126989959450081,0.0004175304948985618,0.0,0.0094980886021168,0.9930837353397587,0.0
0.09097218513112074,0.07075166701058991,0.00044393534989357436,0.0,0.007568150001928286,0.9951410490530948,0.0
0.08604538440348052,0.07322415708241689,0.0004949569207191516,0.0,0.00585147679941958,0.995750625694255,0.0
0.07963851093916145,0.07222753761962063,0.0006659626294791764,0.0,0.010175763543123108,0.9903915130137662,0.0
0.07907253503472017,0.061890304077994736,0.0010065733379870754,0.0,0.057598138056180456,0.9392694487671469,0.0
0.4275653064073901,0.2375169992040187,3.743171317577399e-05,1.7881391644478022e-07,2.8878447505832006e-05,0.9999999000000099,4.947185021638919e-06
0.29888126252844127,0.1969369053503412,6.3180917143822346e-06,0.0,4.678964146971749e-06,0.9999997807907323,3.0100342601538e-06
0.3121305703987575,0.2008101343764724,4.470347911119505e-06,0.0,2.682208746671703e-06,0.9999997807907323,4.529952549934432e-06
0.33096355198443395,0.1988384425299625,4.112720078229945e-06,0.0,2.2053716361522894e-06,0.9999999000000099,5.185603576898626e-06
0.3501771688316303,0.1821334361718153,3.5762783288956045e-06,0.0,1.6093252480030219e-06,0.9999997807907323,4.0829177588224814e-06
0.36538103221334023,0.1620430946072623,3.3378597736358976e-06,0.0,1.043081179261218e-06,0.9999997211860935,2.65240642726424e-06
0.37073400615110685,0.15332978961226384,3.874301522970238e-06,0.0,8.642672628164378e-07,0.9999997807907323,1.9669530808925826e-06
0.3687854409065129,0.1534560620521989,4.529952549934432e-06,0.0,8.642672628164378e-07,0.9999996615814547,1.847743803262729e-06
0.3685742616500824,0.1542514562342679,5.245208215713553e-06,0.0,8.642672628164378e-07,0.9999996615814547,1.7881391644478022e-06
0.3690827786769626,0.15629526970094368,5.930661562085211e-06,0.0,8.642672628164378e-07,0.9999996019768158,1.698732206225412e-06
0.37033024428741507,0.15870583054685963,6.735324186086722e-06,0.0,8.642672628164378e-07,0.999999542372177,1.5497206091880952e-06
0.37160372732531094,0.16153299805736185,7.599591448903159e-06,0.0,9.238719016313645e-07,0.9999994231628994,1.4603136509657052e-06
0.33801025150806796,0.03412151336085641,1.7493961492181e-05,4.4703479111195056e-07,0.0009198187861919494,2.148747229278109e-05,0.9991811706812481
0.30533581970857865,0.0482655763543451,3.457069051265751e-06,1.4901159703731684e-07,0.00015404818901717816,3.817677116096058e-05,0.9999434544070522
0.2938074171421462,0.046449869863185674,2.8014180243015566e-06,2.086162358522436e-07,8.39531337708243e-05,3.4630295151472434e-05,0.9999474479178528
0.2918831705926196,0.04591050743270553,2.8908249825239467e-06,1.4901159703731684e-07,6.69658117085702e-05,3.236531887650522e-05,0.9999438120348851
0.28828018902538594,0.04516389965237683,2.5629994690418497e-06,1.4901159703731684e-07,7.271765935421062e-05,3.427266731858287e-05,0.9999271823406557
0.28081792591839516,0.04425615071492545,2.74181338548663e-06,1.7881391644478022e-07,7.03036714822061e-05,3.114342378079922e-05,0.9999165727149467
0.2771648764495523,0.04197287558790554,5.155801257491163e-06,1.7881391644478022e-07,2.9116866061091712e-05,1.4483927232027197e-05,0.9999546004745106
0.27194809912509177,0.038404703133682556,1.0669230347871886e-05,2.086162358522436e-07,9.566544529795742e-06,5.692243006825504e-06,0.9999762965630392
0.25524348019496684,0.03474292158485585,2.2858378985524404e-05,2.086162358522436e-07,2.8908249825239467e-06,2.026557719707509e-06,0.9999861313284437
0.23271667956342282,0.0317064225619383,4.4167037361860715e-05,3.278255134820971e-07,7.450579851865842e-07,7.152556657791209e-07,0.9999913169320206
0.21614807843266967,0.030604720110421018,6.288289394974771e-05,4.4703479111195056e-07,2.682208746671703e-07,4.4703479111195056e-07,0.999993105071185
0.20877715944379335,0.030948489899104217,7.280706631243301e-05,5.066394299268773e-07,1.1920927762985348e-07,3.874301522970238e-07,0.9999935223036568
0.35985118149220996,0.05565366147995683,2.2351739555597527e-06,2.980231940746337e-08,0.9996851875070671,0.00011485813899636382,0.0
0.2762702107315107,0.03175544738225766,3.3378597736358976e-05,0.0,0.9999991847443441,5.66244068741804e-07,0.0
0.32287764547918407,0.04568073152713574,6.973742741346429e-06,0.0,0.9999996615814547,3.784894564747848e-06,0.0
0.3222502469883043,0.04703041910319857,7.718800726533013e-06,0.0,0.9999996019768158,4.678964146971749e-06,0.0
0.33791255949528515,0.047938674680130446,3.844499203562775e-06,5.960463881492674e-08,0.9999993039536218,9.626149168610668e-06,0.0
0.3614004850237925,0.05453377961178617,1.5795229285955586e-06,1.7881391644478022e-07,0.9999977542330126,5.85019529968506e-05,0.0
0.3709493875349938,0.07332852481540074,8.642672628164378e-07,1.7881391644478022e-07,0.9999711705641011,0.0010380445872813567,0.0
0.22116559742965428,0.09359988568610558,7.033347380161355e-06,0.0,0.9792865727561572,0.7237557045066011,0.0
0.1366134583893474,0.1301863491312262,3.698467838466204e-05,0.0,0.0022740957847059,0.9999823166315596,0.0
0.21310549973559106,0.1604432165347976,5.513429090380723e-06,0.0,3.117322610020669e-05,0.9999990655350666,1.4901159703731684e-07
0.24058258532481586,0.17690595981429671,3.784894564747848e-06,0.0,1.2159346318245055e-05,0.999999542372177,1.4901159703731684e-07
0.2551862597359848,0.1886126696740475,3.6060806483030677e-06,0.0,9.894370043277838e-06,0.9999997807907323,4.768371105194139e-07
0.14769384264334418,0.12873828408897844,0.00015959142042696635,0.0,0.00040510292770564956,0.9999830914918642,0.0
0.1751789450572909,0.1266125738403953,2.0027158641815386e-05,0.0,3.114342378079922e-05,0.999996323721681,1.4901159703731684e-07
0.19476136564401972,0.137993752932761,1.2367962554097299e-05,0.0,1.2159346318245055e-05,0.9999981118608455,5.960463881492674e-08
0.2221733331588301,0.14777895805689414,8.255242475867353e-06,0.0,7.420777532458379e-06,0.9999990655350666,1.1920927762985348e-07
0.2403036057849562,0.15896034238000697,6.973742741346429e-06,0.0,6.1690801173449175e-06,0.999999542372177,3.278255134820971e-07
0.24773454665111883,0.1666935682011315,6.943940421938965e-06,0.0,5.841254603862821e-06,0.9999996019768158,5.66244068741804e-07
0.2465751767056407,0.166395813198207,7.450579851865842e-06,0.0,5.6624406874180405e-06,0.9999996019768158,5.364417493343406e-07
0.24028429388004977,0.16007766124845274,8.22544015645989e-06,0.0,5.334615173935943e-06,0.999999542372177,4.768371105194139e-07
0.22669592498794275,0.14931344983405143,1.0102986279130082e-05,0.0,5.334615173935943e-06,0.9999991847443441,2.682208746671703e-07
0.2013132274067489,0.1360699832206423,1.4930962023139149e-05,0.0,6.3180917143822346e-06,0.9999984694886783,1.1920927762985348e-07
0.17632371186479967,0.12604430315720402,2.3752448567748306e-05,0.0,8.67247494757184e-06,0.9999968005587916,8.940695822239011e-08
0.14462924003002198,0.11683931944753756,4.535913013815925e-05,0.0,1.4275310996174954e-05,0.999992151396964,2.980231940746337e-08
0.18319776653484887,0.6285080312606329,2.9206273019314104e-06,0.9999999000000099,1.4901159703731684e-07,0.0,0.0
0.18083196877684443,0.4990989564994671,2.980231940746337e-08,0.9999999000000099,0.0,2.008676328063031e-05,2.980231940746337e-08
0.18102321027959836,0.5857241152714076,0.0,0.9999999000000099,0.0,1.3291834455728662e-05,0.0
0.1771873831675593,0.6372019647460827,2.980231940746337e-08,0.9999999000000099,0.0,1.1056660500168911e-05,8.940695822239011e-08
0.1820563673897698,0.6448404787866754,0.0,0.9999999000000099,0.0,1.043081179261218e-05,2.980231940746337e-08
0.18594288825218822,0.6462101935233793,8.940695822239011e-08,0.9999999000000099,0.0,1.0281800195574863e-05,2.980231940746337e-08
0.1885512173097737,0.6466658114279644,0.0,0.9999999000000099,0.0,1.0639428028464424e-05,8.940695822239011e-08
0.19045513867543276,0.6460596321907025,0.0,0.9999999000000099,0.0,1.1324881374836081e-05,1.1920927762985348e-07
0.19188070296446677,0.6452558039513991,2.980231940746337e-08,0.9999999000000099,0.0,1.2278555595874908e-05,8.940695822239011e-08
0.19308653473054538,0.6435343622059359,2.980231940746337e-08,0.9999999000000099,0.0,1.3560055330395832e-05,0.0
0.19408598541409774,0.6414194105957328,0.0,0.9999999000000099,0.0,1.4960764342546611e-05,0.0
0.1949082612910626,0.6396755575038379,2.980231940746337e-08,0.9999999000000099,0.0,1.6570089590549635e-05,5.960463881492674e-08
0.21304959057879405,0.0332511663379952,5.352496565580421e-05,7.2121612966061355e-06,7.95721928179272e-06,1.3113020539283883e-06,0.9998386694520156
0.24402618407192667,0.03971508144652275,3.1918284085393266e-05,2.682208746671703e-07,3.695487606525458e-06,4.857778063416529e-06,0.9999916745598535
0.24233210085819068,0.038427442305660475,2.777576168775586e-05,2.3841855525970696e-07,2.682208746671703e-06,4.112720078229945e-06,0.9999927474433521
0.253043681372655,0.040538251393052324,2.1308658376336308e-05,2.3841855525970696e-07,3.367662093043361e-06,6.526707950234478e-06,0.9999909593041877
0.24601316451007682,0.03796893357580429,2.8491017353534983e-05,2.3841855525970696e-07,2.4437901914119963e-06,3.9637084811926284e-06,0.9999923898155193
0.24040120839077184,0.036289870732769056,3.501772530376946e-05,2.682208746671703e-07,1.4901159703731685e-06,2.65240642726424e-06,0.9999929858619074
0.23897415398561853,0.03601959347108132,3.758072477281131e-05,2.682208746671703e-07,1.2814997345209249e-06,2.3841855525970694e-06,0.9999928666526298
0.24051651357608506,0.036268621676910265,3.704428302347697e-05,2.086162358522436e-07,1.1026858180761447e-06,2.3841855525970694e-06,0.9999923898155193
0.2404521107574079,0.03598412870744604,3.811716652214565e-05,2.682208746671703e-07,9.536742210388278e-07,2.2351739555597527e-06,0.9999922706062416
0.24433967470110984,0.036491274827430614,3.474950442910229e-05,2.682208746671703e-07,1.043081179261218e-06,2.5629994690418497e-06,0.9999913765366594
0.24488893150269234,0.036190479987623106,3.5077329942584386e-05,2.086162358522436e-07,1.0728834986686813e-06,2.413987872004533e-06,0.9999911381181041
0.24685862659385835,0.03624376654004318,3.3587213972211215e-05,2.3841855525970696e-07,1.043081179261218e-06,2.4735925108194595e-06,0.9999906016763548
0.3539713322969731,0.05217793582976465,2.3841855525970694e-06,2.980231940746337e-08,0.9997677995364647,8.398293609023177e-05,0.0
0.10015255212369104,0.016029030081865254,3.102421450316937e-05,5.960463881492674e-08,0.9999928666526298,1.4901159703731684e-07,4.768371105194139e-07
0.09945380687301807,0.02268433570473381,1.1175869777798764e-05,2.086162358522436e-07,0.9999987079072337,5.364417493343406e-07,1.2218950957059981e-06
0.03488087653969336,0.041792511932846096,1.4603136509657052e-06,1.7106531339883975e-05,0.9998828364893774,2.6136634120345377e-05,0.00022646782517731415
0.04403507709320834,0.06168743966953643,2.086162358522436e-07,6.213783596456113e-05,0.9290559554876539,0.0002858936500757961,0.03621473546277022
0.13278275727675884,0.05166473983833641,7.152556657791209e-07,5.692243006825504e-06,0.0022045669735282877,2.61962387591603e-05,0.9828796595931986
0.2178783714681052,0.034286737436145506,2.0325181835890017e-05,1.0132788598537545e-06,1.5795229285955586e-06,2.9802319407463367e-07,0.9999504281497935
0.19343698023948777,0.029142528767363902,4.2557712113857695e-05,1.3411043733358516e-06,1.4901159703731684e-07,1.1920927762985348e-07,0.9999872638165812
0.18491968511769383,0.02969655394045629,5.948542953729689e-05,1.4603136509657052e-06,2.980231940746337e-08,1.1920927762985348e-07,0.999991495745937
0.16052153705885913,0.028080582613904996,6.920098566412995e-05,2.413987872004533e-06,5.960463881492674e-08,5.960463881492674e-08,0.9999949528149883
0.13087001442367338,0.02700334786906382,4.6849246108532416e-05,7.271765935421062e-06,0.0,8.940695822239011e-08,0.9999968005587916
0.09280577301594777,0.026382774110091108,1.4275310996174954e-05,5.736946485936699e-05,0.0,0.0,0.9999981118608455
0.08890739082921954,0.032584667200230906,0.0003020763095140487,0.00032687183926105823,8.940695822239011e-08,8.940695822239011e-08,0.999782164254419
0.20566329359156635,0.048652470103515914,0.00011807678949236988,7.450579851865842e-07,1.7881391644478022e-07,4.291533994674725e-06,0.9999945355825166
0.24440070985735732,0.05257841943794192,2.0921228224039285e-05,3.278255134820971e-07,1.0132788598537545e-06,2.1785495486855723e-05,0.9999889327464679
0.24863561986847346,0.04313856362557825,2.625584339797523e-05,2.086162358522436e-07,2.74181338548663e-06,9.208916696906181e-06,0.9999922110016028
0.24874794482154805,0.038612335913722075,2.917647069990664e-05,2.086162358522436e-07,2.592801788449313e-06,5.155801257491163e-06,0.9999930454665462
0.24465802310884205,0.0368574857648679,3.418326036036048e-05,2.086162358522436e-07,2.026557719707509e-06,3.457069051265751e-06,0.9999934626990179
0.23952355979881296,0.0357417762218308,3.987550336718599e-05,2.9802319407463367e-07,1.370906692743315e-06,2.4735925108194595e-06,0.9999937011175731
0.23970201610526307,0.03589835762362894,3.975629408955614e-05,2.086162358522436e-07,1.1920927762985347e-06,2.4437901914119963e-06,0.9999931646758239
0.2390688657661627,0.035728603595337693,4.082917758822482e-05,2.682208746671703e-07,1.0132788598537545e-06,2.2947785943746796e-06,0.9999929262572685
0.24051615594821643,0.03587093948703696,3.957748017311135e-05,2.9802319407463367e-07,9.536742210388278e-07,2.2351739555597527e-06,0.9999922706062416
0.24384510516110652,0.036302536719781654,3.629922503829038e-05,2.9802319407463367e-07,1.0132788598537545e-06,2.5033948302269232e-06,0.9999916745598535
0.2513831853762485,0.03744748234107608,2.9355284616351418e-05,2.682208746671703e-07,1.2814997345209249e-06,3.367662093043361e-06,0.9999900056299666
0.19887760280739297,0.025549978013431954,2.8014180243015566e-06,6.258487075567308e-07,0.3241642985428902,4.610418812334583e-05,0.6847253949178108
0.2474662661449959,0.05306419729277817,3.2782551348209707e-06,4.172324717044872e-07,0.0011323689282059781,2.4467704233527428e-05,0.9996440603062848
0.278006881463937,0.04613214730426486,1.2814997345209249e-06,2.682208746671703e-07,0.0002025067603737136,3.1918284085393266e-05,0.9997997476228694
0.27381253241358877,0.04629519581002002,1.698732206225412e-06,2.682208746671703e-07,0.00010049342104196648,2.548098309338118e-05,0.9998443318927029
0.2755438089256631,0.044293910257384196,2.8312203437090202e-06,2.086162358522436e-07,4.509090926349208e-05,1.4901159703731685e-05,0.9999095989722053
0.2807490825536824,0.04324099420760722,3.2782551348209707e-06,2.3841855525970696e-07,3.156065625250371e-05,1.3113020539283883e-05,0.9999254538061301
0.28045246003896995,0.04216393827670034,4.291533994674725e-06,1.7881391644478022e-07,2.2143123319745282e-05,1.0490416431427107e-05,0.9999407721983056
0.27919274567401664,0.04073113202351246,5.722045326232967e-06,2.3841855525970696e-07,1.4007090121507784e-05,7.68899840712555e-06,0.9999556733580093
0.2776612043265764,0.0395680963925318,7.629393768310623e-06,2.086162358522436e-07,9.179114377498718e-06,5.930661562085211e-06,0.999965090890942
0.2744413316136207,0.03850156068142598,1.007318395972262e-05,2.086162358522436e-07,6.079673159122528e-06,4.589557188749359e-06,0.9999718858197669
0.27732196449085134,0.03889906405736499,9.924172362685302e-06,2.086162358522436e-07,5.3942198127508695e-06,5.185603576898626e-06,0.9999723626568774
0.27989590166840284,0.039298504584258875,9.655951488018132e-06,2.3841855525970696e-07,5.424022132158334e-06,5.841254603862821e-06,0.9999722434475998
0.11153659224048344,0.46105051032754607,0.9408726943419907,2.086162358522436e-07,0.0030656751904875345,0.310101150258577,0.0
0.15172749757138454,0.13855591413986384,0.16591934690675303,8.940695822239011e-08,0.00015315411943495427,0.9513496401250456,0.0
0.3226748108730218,0.15900865194458916,6.735324186086722e-05,0.0,6.556510269641941e-06,0.999997635023735,2.086162358522436e-07
0.3525106310698455,0.1699456870264871,8.493661031127061e-06,0.0,1.996755400300046e-06,0.9999997211860935,1.847743803262729e-06
0.358861327156466,0.17082935568745333,6.0200685203076e-06,0.0,1.4007090121507783e-06,0.9999997807907323,2.9504296213388737e-06
0.36394643782062314,0.165390878887466,5.453824451565797e-06,0.0,1.1920927762985347e-06,0.9999997211860935,2.8014180243015566e-06
0.3639777898637737,0.1626337170322405,5.1259989380836994e-06,0.0,1.043081179261218e-06,0.9999997211860935,2.8014180243015566e-06
0.35972163079679603,0.16349905726494146,4.887580382823993e-06,0.0,1.1026858180761447e-06,0.9999997807907323,3.0994412183761904e-06
0.35411381720030277,0.16657909748085997,4.678964146971749e-06,0.0,1.1920927762985347e-06,0.9999997807907323,3.6060806483030677e-06
0.34838610886084875,0.17010718581147835,4.589557188749359e-06,0.0,1.2218950957059981e-06,0.9999998403953712,4.172324717044872e-06
0.3431785702563281,0.17242234942344764,4.351138633489652e-06,0.0,1.1920927762985347e-06,0.9999997807907323,4.529952549934432e-06
0.33831897376566933,0.1733720898331361,4.380940952897116e-06,0.0,1.1026858180761447e-06,0.9999998403953712,4.649161827564286e-06
0.19987833499080795,0.03296315669448983,5.778669733107147e-05,9.80496308505545e-06,5.334615173935943e-06,9.238719016313645e-07,0.9998489214498917
0.2661220133194401,0.04603955148862215,1.609325248003022e-05,2.3841855525970696e-07,6.765126505494185e-06,1.591443856358544e-05,0.9999873830258588
0.2517697512999233,0.04005104302674171,2.1278856056928847e-05,2.3841855525970696e-07,4.857778063416529e-06,6.3180917143822346e-06,0.9999916745598535
0.26123106478563074,0.04111918806325619,1.6838310465216805e-05,2.086162358522436e-07,5.21540589630609e-06,8.40425407290467e-06,0.9999899460253279
0.25534671543971355,0.03914645313546289,2.1636483889818406e-05,1.4901159703731684e-07,3.8146968841553113e-06,5.692243006825504e-06,0.9999911381181041
0.2556439936055185,0.0385951697760297,2.2590158110857234e-05,1.7881391644478022e-07,3.1590458571911173e-06,5.03659197986131e-06,0.9999907804902712
0.2559426426781532,0.03834035991965854,2.3245809137821427e-05,2.086162358522436e-07,2.74181338548663e-06,4.7385687857866755e-06,0.9999906016763548
0.2580419778717003,0.03839522599516489,2.2500751152634845e-05,2.3841855525970696e-07,2.682208746671703e-06,4.827975744009066e-06,0.999989886420689
0.25843322275998976,0.038055658333937634,2.2977588263154257e-05,2.086162358522436e-07,2.5331971496343865e-06,4.470347911119505e-06,0.9999896480021337
0.2576228678119795,0.03752630948377803,2.4110076400637865e-05,2.3841855525970696e-07,2.175569316744826e-06,3.933906161785165e-06,0.9999895287928562
0.254471719254447,0.03668314217892974,2.7179715299606593e-05,1.7881391644478022e-07,1.7285345256328755e-06,3.2484528154135075e-06,0.9999899460253279
0.2523936033144391,0.036251783364764104,2.92062730193141e-05,2.3841855525970696e-07,1.519918289780632e-06,2.8610226631164835e-06,0.9999900056299666
0.3230840563640327,0.034810632461309096,2.4735925108194598e-05,7.152556657791209e-07,0.0002806484418600825,1.3589857649803297e-05,0.9995614482768873
0.27878731488027125,0.04428806900219721,8.642672628164377e-06,1.7881391644478022e-07,3.689527142643965e-05,1.4960764342546611e-05,0.9999748660517077
0.2394517063995392,0.03607133030273751,2.44080995947125e-05,2.9802319407463367e-07,4.261731675267262e-06,2.3841855525970694e-06,0.9999907208856325
0.25828337668303064,0.040331393473394754,1.576542696654812e-05,2.086162358522436e-07,4.053115439415018e-06,5.75184764564043e-06,0.9999871446073035
0.25710284708865816,0.040024489157498816,1.776218236684817e-05,2.086162358522436e-07,3.5762783288956045e-06,5.3942198127508695e-06,0.9999879790722469
0.2609466314207744,0.03985005616459351,1.7195938298106364e-05,2.086162358522436e-07,3.635882967710531e-06,5.692243006825504e-06,0.9999873830258588
0.2602666914355273,0.038991153233527205,1.883506586551685e-05,1.7881391644478022e-07,3.2484528154135075e-06,4.976987341046382e-06,0.9999878598629693
0.25900739430308733,0.038195252411977694,2.0742414307594504e-05,1.7881391644478022e-07,2.712011066079167e-06,4.261731675267262e-06,0.9999882174908022
0.2600200772177793,0.03810086845699203,2.0921228224039285e-05,2.086162358522436e-07,2.4437901914119963e-06,4.261731675267262e-06,0.9999879194676081
0.26052045821064795,0.037909716361230084,2.1249053737521383e-05,2.086162358522436e-07,2.2947785943746796e-06,4.142522397637409e-06,0.9999877406536917
0.2595342397582352,0.03740897774055777,2.2709367388487087e-05,1.4901159703731684e-07,2.0563600391149723e-06,3.6656852871179947e-06,0.9999879790722469
0.2588386535537352,0.037078350776045294,2.3692843928933378e-05,2.086162358522436e-07,1.8179414838552655e-06,3.367662093043361e-06,0.9999879790722469
0.12462809681376338,0.028104811902002043,5.933641794025957e-05,0.08534508090106929,0.0,0.0,0.9824162335264125
0.09103894233326641,0.07563391326562853,0.00014597176045775558,0.0001576840719848887,0.0,1.1920927762985348e-07,0.9999872638165812
0.14152118563066032,0.07743594049081434,2.062320502996465e-05,1.955032153129597e-05,0.0,5.57303372919565e-06,0.9999848796310286
0.08859235047927226,0.04288357495527279,5.09321638673549e-05,3.328919077813659e-05,0.0,5.960463881492674e-08,0.9999973966051797
0.08291226625099184,0.034937828773238,8.761881905794231e-06,0.0002160966180235169,0.0,2.980231940746337e-08,0.9999978734422902
0.15663656591720482,0.12926319239310302,8.642672628164378e-07,0.03803386903940179,0.0,1.1920927762985348e-07,0.9995343877708653
0.3255873918398507,0.13547587392394533,0.0,0.9999696804481307,0.0,2.989172636568576e-05,0.5918284658835291
0.16222050785346653,0.3772376179049166,0.0,0.9999997211860935,0.0,0.0008728205284863797,0.00130987154259683
0.1399186849536179,0.2760873436455037,0.0,0.9999999000000099,0.0,0.0048247272911936525,0.0001279711595356477
0.13680860399633396,0.2942272126170832,0.0,0.9999999000000099,0.0,0.0035287436294407005,5.570053497254904e-05
0.1387764215411896,0.3085300325819039,0.0,0.9999999000000099,0.0,0.00271138521737161,3.6686655190587406e-05
0.14125058054339124,0.3180363177708584,0.0,0.9999999000000099,0.0,0.0018823740984142013,2.6404854995012547e-05
0.6351277231907113,0.39706492417212086,0.9999996615814547,2.4437901914119963e-06,1.1920927762985348e-07,2.9802319407463367e-07,1.4454124912619735e-05
0.5644434690241741,0.4509648381891517,0.9999999000000099,0.0,2.9802319407463367e-07,0.0,8.940695822239011e-08
0.5850470661874749,0.32542619103581305,0.9999999000000099,0.0,2.086162358522436e-07,0.0,2.980231940746337e-08
0.538875520207026,0.34709805244224307,0.9999999000000099,0.0,5.960463881492674e-08,0.0,0.0
0.5705356597664144,0.33813464635780993,0.9999999000000099,0.0,1.4901159703731684e-07,0.0,5.960463881492674e-08
0.5617988705402442,0.3455528020267057,0.9999999000000099,0.0,8.940695822239011e-08,0.0,0.0
0.5690566301110191,0.33637836569748136,0.9999999000000099,0.0,8.940695822239011e-08,0.0,0.0
0.5694193839791072,0.33944857114701366,0.9999999000000099,0.0,8.940695822239011e-08,0.0,5.960463881492674e-08
0.572648286795746,0.3373293876070323,0.9999999000000099,0.0,8.940695822239011e-08,0.0,5.960463881492674e-08
0.5738719105482892,0.3379360436814523,0.9999999000000099,0.0,1.4901159703731684e-07,0.0,2.980231940746337e-08
0.5704534649612726,0.340401887835388,0.9999999000000099,0.0,1.4901159703731684e-07,0.0,1.1920927762985348e-07
0.5645089149241347,0.34343320125421095,0.9999999000000099,0.0,8.940695822239011e-08,0.0,5.960463881492674e-08
0.35815089939541755,0.10342872141020686,1.4007090121507783e-06,5.960463881492674e-08,0.9826569170579471,0.006154625992432298,0.0
0.13458755611816056,0.1213132142812899,5.412101204395348e-05,0.0,0.00859740290498444,0.9999525739167909,0.0
0.17378219961400462,0.13508912918638644,1.1831520804762957e-05,0.0,6.827711376249858e-05,0.9999964429309587,0.0
0.1945111155429406,0.14613628384948804,7.2121612966061355e-06,0.0,1.8537042671442215e-05,0.9999981714654843,2.980231940746337e-08
0.2177639305501412,0.1532300412392493,5.334615173935943e-06,0.0,1.1175869777798764e-05,0.9999988867211501,5.960463881492674e-08
0.23728278278321968,0.16381013390597093,4.559754869341896e-06,0.0,8.85128886401662e-06,0.9999994231628994,2.3841855525970696e-07
0.2484416663543824,0.1741556524932192,4.589557188749359e-06,0.0,7.987021601200183e-06,0.9999996019768158,4.172324717044872e-07
0.25555664299860376,0.1835247575922466,4.857778063416529e-06,0.0,7.748603045940476e-06,0.9999997807907323,6.258487075567308e-07
0.26030081509465974,0.1915853917270663,5.155801257491163e-06,0.0,7.718800726533013e-06,0.9999997211860935,9.834765404462913e-07
0.26312905548913496,0.19718438383540624,5.543231409788187e-06,0.0,7.68899840712555e-06,0.9999997807907323,1.1622904568910714e-06
0.26517337559555665,0.201044023002531,5.811452284455357e-06,0.0,7.4803821712733056e-06,0.9999997807907323,1.4603136509657052e-06
0.2650188803563052,0.20056667920492902,6.258487075567308e-06,0.0,7.2121612966061355e-06,0.9999998403953712,1.6689298868179488e-06
0.19163393973510687,0.246368169742359,0.9999996019768158,1.7881391644478022e-07,6.556510269641942e-07,5.960463881492674e-08,0.0
0.7201658487021741,0.4700159727722237,0.9999999000000099,0.0,1.7881391644478022e-07,0.0,0.0
0.6094878911719671,0.4313837587094724,0.9999999000000099,0.0,5.960463881492673e-07,0.0,0.0
0.5991741418590396,0.32179057592603827,0.9999999000000099,0.0,5.364417493343406e-07,0.0,5.960463881492674e-08
0.5774804949521315,0.3682623504961752,0.9999999000000099,0.0,2.682208746671703e-07,0.0,8.940695822239011e-08
0.567264437651987,0.3622601627683211,0.9999999000000099,0.0,1.4901159703731684e-07,0.0,0.0
0.5553858279951912,0.3753483294797946,0.9999999000000099,0.0,0.0,0.0,2.980231940746337e-08
0.5580608844525999,0.3623458146428487,0.9999999000000099,0.0,8.940695822239011e-08,0.0,5.960463881492674e-08
0.5466526150477073,0.36326175921895526,0.9999999000000099,0.0,8.940695822239011e-08,0.0,0.0
0.5478242635500087,0.35699814551916115,0.9999999000000099,0.0,8.940695822239011e-08,0.0,5.960463881492674e-08
0.5531330108413538,0.35318064683588535,0.9999999000000099,0.0,1.4901159703731684e-07,0.0,2.980231940746337e-08
0.5548848509558748,0.35195285075836735,0.9999999000000099,0.0,0.0,0.0,5.960463881492674e-08
0.44454371927327946,0.2435391544878691,3.910064306259194e-05,1.7881391644478022e-07,2.6822087466717034e-05,0.9999999000000099,6.139277797937454e-06
0.19818404316081525,0.1713056862060943,2.4557111191749817e-05,0.0,1.4007090121507784e-05,0.999999542372177,3.874301522970238e-07
0.24918296932142323,0.16064277288547144,8.58306798934945e-06,0.0,4.380940952897116e-06,0.9999996019768158,6.556510269641942e-07
0.25734829901583306,0.1688299476811276,8.374451753497206e-06,0.0,4.291533994674725e-06,0.9999996615814547,1.0132788598537545e-06
0.2585979998004645,0.17432972785825593,8.821486544609158e-06,0.0,4.529952549934432e-06,0.9999997211860935,1.2814997345209249e-06
0.25810486077193573,0.17578372356265784,9.119509738683792e-06,0.0,4.6193595081568225e-06,0.9999997211860935,1.3411043733358516e-06
0.2561242580307763,0.17386144396665826,9.566544529795742e-06,0.0,4.589557188749359e-06,0.9999997807907323,1.3411043733358516e-06
0.25570175050630345,0.17299777266401073,9.80496308505545e-06,0.0,4.529952549934432e-06,0.9999997807907323,1.3113020539283883e-06
0.25595748423470166,0.17320078608408096,1.007318395972262e-05,0.0,4.410743272304579e-06,0.9999997807907323,1.370906692743315e-06
0.25698575376400173,0.1745513081251705,1.0132788598537546e-05,0.0,4.470347911119505e-06,0.9999997807907323,1.4603136509657052e-06
0.2584076225650598,0.1766993701155406,1.0251997876167399e-05,0.0,4.470347911119505e-06,0.9999997807907323,1.6391275674104854e-06
0.25955724715111755,0.1786662637881469,1.0311602514982325e-05,0.0,4.6193595081568225e-06,0.9999997211860935,1.7285345256328755e-06
0.1007694303947684,0.021108925338945223,8.046626240015109e-07,1.6689298868179488e-06,0.9826332540163376,5.1707024171948946e-05,0.0035109218424350373
0.1998080015099759,0.054084002962388085,6.109475478529991e-06,8.344649434089744e-07,0.0025748607921660203,9.745358446240521e-06,0.9989565804021935
0.28459087013019874,0.045789360992220286,1.4305113315582417e-06,3.5762783288956044e-07,0.00014120338935256146,1.820921715796012e-05,0.9998049928310851
0.27376836537181204,0.043355435125556376,3.695487606525458e-06,3.278255134820971e-07,2.5779006287455814e-05,6.854533463716575e-06,0.999929030084459
0.257984042156981,0.03828036784470238,9.775160765647985e-06,3.5762783288956044e-07,5.722045326232967e-06,2.264976274967216e-06,0.999967355867217
0.2473980486290533,0.036240547889225865,1.6599891909957096e-05,3.874301522970238e-07,2.1159646779298993e-06,1.370906692743315e-06,0.9999784423300365
0.24096640943483108,0.035442054265629075,2.3663041609525914e-05,4.172324717044872e-07,1.1026858180761447e-06,1.132488137483608e-06,0.9999833895150582
0.23693102597209229,0.03490999340413266,3.060698203146488e-05,3.874301522970238e-07,7.152556657791209e-07,1.1026858180761447e-06,0.9999862505377213
0.2358995079896521,0.03479653596282213,3.528594617843663e-05,3.5762783288956044e-07,5.066394299268773e-07,1.1026858180761447e-06,0.9999875022351364
0.23713514207811717,0.0349652171075076,3.713368998169936e-05,3.5762783288956044e-07,5.066394299268773e-07,1.1920927762985347e-06,0.9999878598629693
0.23740684985131452,0.0347763895928915,3.933906161785165e-05,3.278255134820971e-07,4.4703479111195056e-07,1.1920927762985347e-06,0.9999883963047187
0.24183768032979927,0.0354074239670205,3.650784127414263e-05,3.5762783288956044e-07,5.364417493343406e-07,1.4603136509657052e-06,0.9999877406536917
0.31080842016840454,0.040380954735517005,2.8908249825239467e-06,8.940695822239011e-08,0.9998986913233022,3.150105161368878e-05,2.980231940746337e-08
0.28432697056546663,0.03751924633337336,3.3378597736358976e-05,0.0,0.9999996615814547,8.940695822239011e-07,0.0
0.3198840618001088,0.04605340956853005,7.86781232357033e-06,8.940695822239011e-08,0.9999997211860935,3.6656852871179947e-06,0.0
0.3088127970567623,0.044662296764355416,1.2457369512319688e-05,5.960463881492674e-08,0.9999996615814547,2.65240642726424e-06,0.0
0.31875714658370957,0.04514071344556317,7.897614642977793e-06,2.980231940746337e-08,0.9999996615814547,3.635882967710531e-06,0.0
0.3315373658996629,0.04773977398054903,4.887580382823993e-06,2.980231940746337e-08,0.9999994827675383,7.003545060753892e-06,0.0
0.33776241539510216,0.04932031034578742,3.6060806483030677e-06,8.940695822239011e-08,0.9999991847443441,1.0728834986686813e-05,0.0
0.3441246151781639,0.05095434187970256,2.6226041078567766e-06,8.940695822239011e-08,0.999998588697956,1.797079860270041e-05,0.0
0.34156155584828346,0.05153426527094542,2.592801788449313e-06,5.960463881492674e-08,0.9999979926515679,1.883506586551685e-05,0.0
0.3325554132323844,0.04841378330355373,3.5166736900806776e-06,1.1920927762985348e-07,0.9999982310701231,1.0401009473204716e-05,0.0
0.3065613508097547,0.041303664438804434,1.034140483438979e-05,5.960463881492674e-08,0.9999993039536218,2.2947785943746796e-06,0.0
0.26153418420662344,0.0319906175081787,6.473063775301043e-05,0.0,0.9999997807907323,3.874301522970238e-07,0.0
0.18428790568542325,0.6562114952871086,3.904103842377701e-06,0.9999999000000099,1.1920927762985348e-07,5.960463881492674e-08,0.0
0.17660844325287992,0.4746711551330293,2.980231940746337e-08,0.9999999000000099,0.0,2.1725890848040795e-05,2.980231940746337e-08
0.1819183528347981,0.565531611345727,0.0,0.9999999000000099,0.0,1.53779968142511e-05,1.1920927762985348e-07
0.17600491642223168,0.6219761966593955,8.940695822239011e-08,0.9999999000000099,0.0,1.2397764873504761e-05,2.980231940746337e-08
0.18038687109200263,0.6300664543026635,5.960463881492674e-08,0.9999999000000099,0.0,1.1384486013651007e-05,0.0
0.1839734315796013,0.6316524742952202,0.0,0.9999999000000099,0.0,1.1056660500168911e-05,8.940695822239011e-08
0.18642130493345807,0.6322319506516274,0.0,0.9999999000000099,0.0,1.11460674583913e-05,2.980231940746337e-08
0.18822994827444764,0.6318213938584848,2.980231940746337e-08,0.9999999000000099,0.0,1.1712311527133104e-05,8.940695822239011e-08
0.1896357536237394,0.6308115123622282,2.980231940746337e-08,0.9999999000000099,0.0,1.2606381109357005e-05,8.940695822239011e-08
0.19078999756976706,0.6290965079183997,0.0,0.9999999000000099,0.0,1.3649462288618223e-05,2.980231940746337e-08
0.19173961877028925,0.627229452025775,1.4901159703731684e-07,0.9999999000000099,0.0,1.4901159703731685e-05,1.1920927762985348e-07
0.19255366920627545,0.6255973576428148,2.980231940746337e-08,0.9999999000000099,0.0,1.6391275674104854e-05,8.940695822239011e-08
0.08931532501804543,0.3974585830484725,0.9989457919625679,3.5762783288956044e-07,0.001511752454262987,0.0015243290330529365,0.0
0.7061076163953222,0.451746314686668,0.9999999000000099,0.0,1.7881391644478022e-07,0.0,0.0
0.49442872403004867,0.7638087867382581,0.9999999000000099,8.940695822239011e-08,8.940695822239011e-08,0.0,0.0
0.5401581525578945,0.21569725867392625,0.9999997211860935,0.0,0.0,2.8610226631164835e-06,6.854533463716575e-07
0.4530942141822119,0.13637921211768408,0.0002720951761901406,5.960463881492674e-08,1.4901159703731684e-07,0.9999854756774167,5.066394299268773e-07
0.3447453975534739,0.15525203940594104,6.556510269641941e-06,0.0,1.847743803262729e-06,0.9999997807907323,2.2053716361522894e-06
0.32291993497465044,0.1969319581648257,6.1690801173449175e-06,0.0,2.2351739555597527e-06,0.9999997807907323,6.943940421938965e-06
0.3267465829713945,0.18975460526078128,5.334615173935943e-06,0.0,1.6689298868179488e-06,0.9999999000000099,6.3180917143822346e-06
0.3285057544572225,0.1824116110489344,4.827975744009066e-06,0.0,1.3113020539283883e-06,0.9999997807907323,5.3942198127508695e-06
0.3280251622064184,0.17855933305543817,4.6193595081568225e-06,0.0,1.1920927762985347e-06,0.9999997807907323,4.917382702231456e-06
0.3248715102538055,0.17639279362519086,4.559754869341896e-06,0.0,1.043081179261218e-06,0.9999997807907323,4.649161827564286e-06
0.32125663755993966,0.1753489374814182,4.708766466379212e-06,0.0,1.1622904568910714e-06,0.9999998403953712,4.380940952897116e-06
0.1840121447963813,0.6488944290957346,3.6656852871179947e-06,0.9999999000000099,1.1920927762985348e-07,0.0,0.0
0.17428246139758377,0.46489500991490046,0.0,0.9999999000000099,0.0,2.014636791944524e-05,2.980231940746337e-08
0.18229952453812093,0.555603861713638,0.0,0.9999999000000099,0.0,1.5109775939583928e-05,2.980231940746337e-08
0.17569109796750224,0.6150790451903921,2.980231940746337e-08,0.9999999000000099,0.0,1.2427567192912226e-05,0.0
0.1797567009851409,0.6236603855018805,0.0,0.9999999000000099,0.0,1.1444090652465934e-05,2.980231940746337e-08
0.18322122096256702,0.6254509090306266,0.0,0.9999999000000099,0.0,1.1086462819576373e-05,0.0
0.18556377290911005,0.626703262221788,5.960463881492674e-08,0.9999999000000099,0.0,1.1295079055428617e-05,2.980231940746337e-08
0.18735808133303172,0.6267210244059279,0.0,0.9999999000000099,0.0,1.1742113846540568e-05,2.980231940746337e-08
0.18879324196987415,0.6257682441593565,2.980231940746337e-08,0.9999999000000099,0.0,1.2487171831727152e-05,1.1920927762985348e-07
0.18996086715865332,0.6240041850928861,5.960463881492674e-08,0.9999999000000099,0.0,1.353025301098837e-05,0.0
0.19092249869509725,0.6217621563800437,0.0,0.9999999000000099,0.0,1.4692543467879441e-05,0.0
0.1916906237522859,0.6201808451544234,0.0,0.9999999000000099,0.0,1.6123054799437684e-05,2.980231940746337e-08
0.08525916933660327,0.033131241792727646,0.0003570019841820037,0.0004121064727664035,2.980231940746337e-08,0.0,0.9997361494732538
0.2089335620316775,0.05380055307420725,0.00010928510526716817,7.450579851865842e-07,8.940695822239011e-08,7.122754338383746e-06,0.9999929858619074
0.2424850165743556,0.05397582053213928,2.112984445989153e-05,2.9802319407463367e-07,8.046626240015109e-07,2.3633239290118453e-05,0.9999885751186351
0.26280063389643615,0.04725646971847053,1.549720609188095e-05,2.086162358522436e-07,4.261731675267262e-06,2.0205972558260164e-05,0.9999886347232739
0.27550029753497884,0.04382398723805549,1.2159346318245055e-05,1.4901159703731684e-07,8.285044795274818e-06,1.794099628329295e-05,0.9999877406536917
0.2784604430083365,0.04204043745274688,1.2069939360022665e-05,1.4901159703731684e-07,9.506939890980815e-06,1.4781950426101832e-05,0.9999874426304977
0.2740165591126465,0.040080189698031884,1.4811752745509294e-05,1.1920927762985348e-07,7.271765935421062e-06,9.864567723870376e-06,0.9999885155139963
0.2697430252917175,0.03879815339377753,1.7583368450403387e-05,1.4901159703731684e-07,5.185603576898626e-06,7.271765935421062e-06,0.9999890519557456
0.2674997448810438,0.03828120230972909,1.9073484420776555e-05,1.4901159703731684e-07,4.112720078229945e-06,6.079673159122528e-06,0.9999889327464679
0.26693272589531897,0.038132488721039956,1.9580123850703434e-05,1.4901159703731684e-07,3.4868713706732143e-06,5.632638368010577e-06,0.9999886943279127
0.2697272300608527,0.038557380431248574,1.8000600922107875e-05,1.4901159703731684e-07,3.5762783288956045e-06,6.109475478529991e-06,0.9999875022351364
0.2729973792916743,0.03891545533467542,1.630186871588246e-05,1.4901159703731684e-07,3.844499203562775e-06,6.7055218666792585e-06,0.9999863101423602
0.13448804616371215,0.25608769054796093,0.9999988271165112,2.3841855525970696e-07,4.976987341046382e-06,5.960463881492674e-08,0.0
0.713054120511093,0.42913496486944913,0.9999999000000099,0.0,2.086162358522436e-07,0.0,0.0
0.5777073502301373,0.40971985452311854,0.9999999000000099,0.0,4.4703479111195056e-07,0.0,5.960463881492674e-08
0.6032406091440276,0.309800982422232,0.9999999000000099,0.0,6.556510269641942e-07,0.0,1.1920927762985348e-07
0.5830440520998809,0.3573525845392573,0.9999999000000099,0.0,2.682208746671703e-07,0.0,0.0
0.5722100734473754,0.35546550148599154,0.9999999000000099,0.0,1.4901159703731684e-07,0.0,2.980231940746337e-08
0.5726331472159736,0.35859268897591934,0.9999999000000099,0.0,5.960463881492674e-08,0.0,2.980231940746337e-08
0.5669373869661178,0.35539257520312134,0.9999999000000099,0.0,1.1920927762985348e-07,0.0,2.980231940746337e-08
0.566922664618859,0.3510656952256823,0.9999999000000099,0.0,8.940695822239011e-08,0.0,0.0
0.5654791593317483,0.34904950851185523,0.9999999000000099,0.0,5.960463881492674e-08,0.0,0.0
0.5626346468692501,0.348114430844779,0.9999999000000099,0.0,5.960463881492674e-08,0.0,2.980231940746337e-08
0.560728251910833,0.3476449846626084,0.9999999000000099,0.0,8.940695822239011e-08,0.0,2.980231940746337e-08
0.22458094357514274,0.3824357985795331,0.020521221492952314,1.1920927762985348e-07,0.0004253685049027247,0.9998978568583587,8.940695822239011e-08
0.38005524872159796,0.21756589408963717,0.016506878871086404,0.0,1.92821006566288e-05,0.9966696100155036,0.0
0.433850944024241,0.31128853554163666,0.9999854756774167,5.66244068741804e-07,5.66244068741804e-07,1.963972848951836e-05,0.0
0.5597844123608537,0.40027850859463576,0.9999999000000099,1.7881391644478022e-07,8.642672628164378e-07,0.0,0.0
0.6150968074543887,0.408151924540248,0.9999999000000099,1.1920927762985348e-07,8.85128886401662e-06,5.960463881492674e-08,0.0
0.5342437624710117,0.4496059416954726,0.9999999000000099,8.940695822239011e-08,3.7550922453403844e-06,0.0,0.0
0.5475630759966137,0.4152911304716427,0.9999999000000099,0.0,2.026557719707509e-06,0.0,0.0
0.5464384555590382,0.39830359809730853,0.9999999000000099,0.0,1.0132788598537545e-06,0.0,0.0
0.5490593313943484,0.3941065966408128,0.9999999000000099,0.0,3.874301522970238e-07,0.0,5.960463881492674e-08
0.5621703862911138,0.3876796364120397,0.9999999000000099,0.0,2.3841855525970696e-07,0.0,2.980231940746337e-08
0.5681824087861347,0.3830832242309725,0.9999999000000099,0.0,1.4901159703731684e-07,0.0,0.0
0.5683562159302925,0.3764584361862237,0.9999999000000099,0.0,1.1920927762985348e-07,0.0,1.1920927762985348e-07
0.14048087596311612,0.12444096801534295,0.0001746713940471428,0.0,0.0004966854552447845,0.9999735547496538,0.0
0.23601809143042782,0.18784075972201597,9.328125974536036e-06,0.0,2.494454134404684e-05,0.9999997807907323,5.066394299268773e-07
0.24682798980644505,0.18399837609955075,6.347894033789698e-06,0.0,8.761881905794231e-06,0.9999997807907323,6.258487075567308e-07
0.26780557631337365,0.20029163357166008,5.513429090380723e-06,0.0,7.4803821712733056e-06,0.9999999000000099,1.4305113315582417e-06
0.27349168061077617,0.21280786391428919,5.841254603862821e-06,0.0,7.629393768310623e-06,0.9999999000000099,2.2947785943746796e-06
0.27493551372343306,0.21540221568233858,6.079673159122528e-06,0.0,7.3611728936434526e-06,0.9999999000000099,2.65240642726424e-06
0.2743875980263579,0.2127790748708676,6.3180917143822346e-06,0.0,6.943940421938965e-06,0.9999999000000099,2.74181338548663e-06
0.27340739964306726,0.20936834808579186,6.645917227864331e-06,0.0,6.4373009920120876e-06,0.9999999000000099,2.712011066079167e-06
0.27118867634604,0.20457029339148405,7.033347380161355e-06,0.0,6.1690801173449175e-06,0.9999998403953712,2.5033948302269232e-06
0.2696629464514651,0.20127609368692423,7.3611728936434526e-06,0.0,5.990266200900137e-06,0.9999997807907323,2.3841855525970694e-06
0.2692620754130448,0.20040220018769947,7.68899840712555e-06,0.0,5.871056923270284e-06,0.9999997807907323,2.413987872004533e-06
0.26930832861738857,0.2005418836727067,8.016823920607646e-06,0.0,5.841254603862821e-06,0.9999997807907323,2.592801788449313e-06
0.34781137107362586,0.11163282392497634,1.6391275674104854e-06,1.1920927762985348e-07,0.9649193514069295,0.01288771500456346,0.0
0.07775354385054016,0.027019172902248978,3.805756188333072e-05,0.0,0.9999416066632489,5.66244068741804e-07,9.238719016313645e-07
0.1734093427586276,0.022281914945601666,2.13980653345587e-05,2.980231940746337e-08,0.9999991847443441,2.9802319407463367e-07,1.4901159703731684e-07
0.2243925928976603,0.04160577058079677,8.943676054179758e-05,0.0,0.9999999000000099,1.1026858180761447e-06,8.940695822239011e-08
0.2126081585796058,0.032920628780449865,0.0001268386713981641,0.0,0.9999997807907323,4.4703479111195056e-07,2.980231940746337e-08
0.1999867558396499,0.030468583101777337,0.00011530517378747578,0.0,0.9999999000000099,4.172324717044872e-07,8.940695822239011e-08
0.18934404849222072,0.030183345074253548,0.00010469554807841882,0.0,0.9999997807907323,4.172324717044872e-07,8.940695822239011e-08
0.19424104689747448,0.032846897834875335,0.00010293721123337848,0.0,0.9999999000000099,5.66244068741804e-07,8.940695822239011e-08
0.20847710966200647,0.03541228174556886,0.00011315940679013842,0.0,0.9999999000000099,6.854533463716575e-07,5.960463881492674e-08
0.2301339805030897,0.03793799876517116,0.00012278555595874907,0.0,0.9999999000000099,7.748603045940476e-07,2.980231940746337e-08
0.24129593371345817,0.037207275622672384,0.00012722610155046113,0.0,0.9999999000000099,7.152556657791209e-07,1.1920927762985348e-07
0.24235862492511462,0.035353690379764685,0.0001300871242135776,0.0,0.9999999000000099,6.258487075567308e-07,1.1920927762985348e-07
0.6846160292341943,0.4091392158761385,0.9999996615814547,3.397464412450824e-06,2.086162358522436e-07,5.066394299268773e-07,2.3901460164785624e-05
0.505989432313948,0.4317994415020648,0.9999999000000099,0.0,2.086162358522436e-07,0.0,0.0
0.5658760666612912,0.3211752175734825,0.9999999000000099,0.0,1.4901159703731684e-07,0.0,2.980231940746337e-08
0.5241456627628727,0.3635623454425061,0.9999999000000099,0.0,8.940695822239011e-08,0.0,0.0
0.566536009288217,0.33612331742253115,0.9999999000000099,0.0,5.960463881492674e-08,0.0,2.980231940746337e-08
0.5443899631274824,0.36182230704787605,0.9999999000000099,0.0,8.940695822239011e-08,0.0,0.0
0.5587986111409544,0.34202802175387176,0.9999999000000099,0.0,8.940695822239011e-08,0.0,0.0
0.5515745281944762,0.35440027707707056,0.9999999000000099,0.0,8.940695822239011e-08,0.0,5.960463881492674e-08
0.5579072832830201,0.3472298979164637,0.9999999000000099,0.0,8.940695822239011e-08,0.0,2.980231940746337e-08
0.5594521164662447,0.34921026223878693,0.9999999000000099,0.0,8.940695822239011e-08,0.0,2.980231940746337e-08
0.560546338534986,0.348339080750899,0.9999999000000099,0.0,5.960463881492674e-08,0.0,2.980231940746337e-08
0.5592856406933939,0.34915977710467083,0.9999999000000099,0.0,5.960463881492674e-08,0.0,2.980231940746337e-08
0.6923106908511547,0.4111244081746877,0.9999996615814547,3.635882967710531e-06,2.086162358522436e-07,5.066394299268773e-07,2.571940164864089e-05
0.5154168009544573,0.4461269973944631,0.9999999000000099,0.0,2.9802319407463367e-07,0.0,5.960463881492674e-08
0.57791531083575,0.3121394514503044,0.9999999000000099,0.0,1.4901159703731684e-07,0.0,0.0
0.5315443277138908,0.355330228744697,0.9999999000000099,0.0,1.4901159703731684e-07,0.0,5.960463881492674e-08
0.5741283297301024,0.330586314144747,0.9999999000000099,0.0,8.940695822239011e-08,0.0,1.1920927762985348e-07
0.5574994086988391,0.3492696880696178,0.9999999000000099,0.0,8.940695822239011e-08,0.0,2.980231940746337e-08
0.5705633759262339,0.3330868780042584,0.9999999000000099,0.0,8.940695822239011e-08,0.0,2.980231940746337e-08
0.5718797445060438,0.33906543249046306,0.9999999000000099,0.0,8.940695822239011e-08,0.0,2.980231940746337e-08
0.5704153775932627,0.33799821132594243,0.9999999000000099,0.0,1.4901159703731684e-07,0.0,2.980231940746337e-08
0.5763618349790333,0.3363491296192241,0.9999999000000099,0.0,8.940695822239011e-08,0.0,2.980231940746337e-08
0.5765977501630445,0.3386804162876023,0.9999999000000099,0.0,5.960463881492674e-08,0.0,0.0
0.5773657560109436,0.3392896353617473,0.9999999000000099,0.0,5.960463881492674e-08,0.0,8.940695822239011e-08
0.44741475580270157,0.24621862168864317,4.291533994674725e-05,1.7881391644478022e-07,2.6851889786124495e-05,0.9999999000000099,6.3180917143822346e-06
0.4871442913807379,0.3877092897228104,0.006436257910832827,8.940695822239011e-08,1.290440430343164e-05,0.9993424608338813,0.0
0.6672183870992946,0.4346329569072345,0.9999999000000099,5.960463881492674e-08,1.7881391644478022e-07,2.980231940746337e-08,0.0
0.6161864995701272,0.4025340079571951,0.9999999000000099,2.980231940746337e-08,1.5795229285955586e-06,0.0,0.0
0.5604504346615464,0.42088636748736247,0.9999999000000099,2.980231940746337e-08,1.0132788598537545e-06,0.0,0.0
0.5629107355838383,0.3989379703315444,0.9999999000000099,0.0,9.834765404462913e-07,0.0,0.0
0.549439787841934,0.3940532802860704,0.9999999000000099,0.0,5.364417493343406e-07,0.0,0.0
0.5599012970692535,0.390017628602954,0.9999999000000099,0.0,2.682208746671703e-07,0.0,0.0
0.562339901900848,0.38894402974144354,0.9999999000000099,0.0,1.7881391644478022e-07,0.0,5.960463881492674e-08
0.5562010407217505,0.3878355621627454,0.9999999000000099,0.0,1.1920927762985348e-07,0.0,0.0
0.5587179660565766,0.37782236927238544,0.9999999000000099,0.0,5.960463881492674e-08,0.0,8.940695822239011e-08
0.5512176751862207,0.37182861560176567,0.9999999000000099,0.0,1.4901159703731684e-07,0.0,2.980231940746337e-08
0.7065082788174858,0.4148789345507691,0.9999997211860935,3.904103842377701e-06,2.9802319407463367e-07,6.854533463716575e-07,2.989172636568576e-05
0.4481844901852991,0.44180905811373883,0.9999999000000099,0.0,1.4901159703731684e-07,0.0,8.940695822239011e-08
0.554337501502925,0.33744275564137566,0.9999999000000099,0.0,8.940695822239011e-08,0.0,0.0
0.5435827374233227,0.3660902678339647,0.9999999000000099,0.0,8.940695822239011e-08,0.0,0.0
0.5831694602724831,0.32998713845324495,0.9999999000000099,0.0,5.960463881492674e-08,0.0,2.980231940746337e-08
0.5676872133973613,0.3777596353837701,0.9999999000000099,0.0,8.940695822239011e-08,0.0,0.0
0.5670496821168701,0.4385975896561131,0.9999999000000099,0.0,8.940695822239011e-08,0.0,0.0
0.5570522546537525,0.5720011590931849,0.9999999000000099,0.0,1.1920927762985348e-07,0.0,0.0
0.5747330188513237,0.7040938137756136,0.9999999000000099,8.940695822239011e-08,2.980231940746337e-08,0.0,0.0
0.5806657075641517,0.7421005963008438,0.9999999000000099,8.940695822239011e-08,0.0,0.0,0.0
0.4188158213918832,0.2316684424480469,0.9999999000000099,0.0,0.0,1.1920927762985348e-07,1.4901159703731684e-07
0.2022554278289969,0.08882641790776342,0.0011344550905645007,0.0,2.264976274967216e-06,0.9997995092043142,1.4901159703731684e-07
0.4263213872733016,0.23719114061108743,3.758072477281131e-05,1.7881391644478022e-07,2.8967854464054395e-05,0.9999999000000099,4.827975744009066e-06
0.326881110654647,0.19924220439360185,5.424022132158334e-06,0.0,4.112720078229945e-06,0.9999999000000099,3.7550922453403844e-06
0.33437836168811946,0.19447362419613043,3.933906161785165e-06,0.0,2.2351739555597527e-06,0.9999999000000099,4.589557188749359e-06
0.35732334850739034,0.17108649012497035,3.308057454228434e-06,0.0,1.3113020539283883e-06,0.9999997807907323,3.039836579561264e-06
0.37196871636757795,0.15401932594522988,3.6060806483030677e-06,0.0,9.536742210388278e-07,0.9999997807907323,1.937150761485119e-06
0.378187268956737,0.15536460277758007,6.616114908456868e-06,0.0,8.344649434089744e-07,0.9999993039536218,1.043081179261218e-06
0.38281694053018417,0.1850787400882421,2.0056960961222846e-05,0.0,8.642672628164378e-07,0.9999965621402362,5.364417493343406e-07
0.40594607589948095,0.21891048546857259,7.441639156043604e-05,0.0,8.642672628164378e-07,0.9999784423300365,1.7881391644478022e-07
0.41614514587586526,0.24935141201517885,0.0003847181412309446,5.960463881492674e-08,6.556510269641942e-07,0.9997999860414246,5.960463881492674e-08
0.39318075774472083,0.268157184078075,0.0032403465845346775,5.960463881492674e-08,5.066394299268773e-07,0.9967311220027605,0.0
0.3638248741476088,0.26868697996307034,0.029694315801930722,2.980231940746337e-08,3.874301522970238e-07,0.9546315907474732,0.0
0.35468643902263625,0.276710927439037,0.34024717981576663,5.960463881492674e-08,2.682208746671703e-07,0.49237341725435746,0.0
0.18298366665082455,0.6240515111808297,2.8014180243015566e-06,0.9999999000000099,8.940695822239011e-08,5.960463881492674e-08,0.0
0.17547932266462404,0.4710611104158588,0.0,0.9999999000000099,0.0,1.820921715796012e-05,8.940695822239011e-08
0.1818921565934204,0.5580702423093765,0.0,0.9999999000000099,0.0,1.3649462288618223e-05,1.1920927762985348e-07
0.17605936526523175,0.6153887509245921,0.0,0.9999999000000099,0.0,1.1593102249503251e-05,8.940695822239011e-08
0.18007680772989387,0.6228148936158864,5.960463881492674e-08,0.9999999000000099,0.0,1.0997055861353983e-05,0.0
0.18340614437297503,0.6243693827513624,0.0,0.9999999000000099,0.0,1.0758637306094277e-05,0.0
0.18567368387407132,0.6249886750104726,5.960463881492674e-08,0.9999999000000099,0.0,1.096725354194652e-05,8.940695822239011e-08
0.18735277651964694,0.6248181461217994,2.980231940746337e-08,0.9999999000000099,0.0,1.150369529128086e-05,2.980231940746337e-08
0.18865343927555925,0.6247240303877153,0.0,0.9999999000000099,0.0,1.2308357915282372e-05,2.980231940746337e-08
0.18978661297965968,0.6240805386428303,2.980231940746337e-08,0.9999999000000099,0.0,1.3291834455728662e-05,8.940695822239011e-08
0.19080540537044086,0.6227912901765593,8.940695822239011e-08,0.9999999000000099,0.0,1.4543531870842124e-05,8.940695822239011e-08
0.19172084330718578,0.6209131478200084,5.960463881492674e-08,0.9999999000000099,0.0,1.5884636244177974e-05,8.940695822239011e-08
0.326789885745822,0.034795343869926824,2.3633239290118453e-05,6.258487075567308e-07,0.00033545490725040767,1.4781950426101832e-05,0.9995292617719272
0.28511306642305434,0.04537844657120911,7.033347380161355e-06,1.7881391644478022e-07,4.878639687001754e-05,1.901387978196163e-05,0.9999711109594623
0.27450385688598755,0.04243841766584401,8.493661031127061e-06,1.7881391644478022e-07,1.767277540862578e-05,1.123547441661369e-05,0.9999811841434221
0.2822611927869267,0.043742448084016713,6.973742741346429e-06,1.7881391644478022e-07,1.5795229285955586e-05,1.4990566661954075e-05,0.9999786807485919
0.2826638221623678,0.043390780679902125,7.301568254828525e-06,1.1920927762985348e-07,1.4692543467879441e-05,1.4543531870842124e-05,0.9999784423300365
0.28168284891869505,0.04225835203400839,8.22544015645989e-06,1.1920927762985348e-07,1.2397764873504761e-05,1.2338160234689835e-05,0.99997927679498
0.27588689326097604,0.04039686917566931,1.087784658372413e-05,2.086162358522436e-07,8.40425407290467e-06,8.31484711468228e-06,0.9999822570269207
0.27097630499671405,0.03899630903529939,1.379847388565554e-05,2.086162358522436e-07,5.602836048603113e-06,6.0200685203076e-06,0.9999842835846404
0.2665615081676732,0.03802359103505397,1.6838310465216805e-05,2.3841855525970696e-07,3.844499203562775e-06,4.678964146971749e-06,0.999985714095972
0.2600148916136841,0.03676939009990496,2.1576879251003478e-05,2.086162358522436e-07,2.4735925108194595e-06,3.367662093043361e-06,0.9999873830258588
0.25951302050469605,0.03682333230341745,2.2381541875004992e-05,2.3841855525970696e-07,2.1159646779298993e-06,3.308057454228434e-06,0.9999872638165812
0.25953349470017556,0.03688618540132234,2.2888181304931868e-05,2.086162358522436e-07,1.847743803262729e-06,3.2186504960060438e-06,0.9999871446073035
0.44291013477398794,0.25129359956253,5.6982034707069966e-05,1.1920927762985348e-07,2.8699633589387225e-05,0.9999999000000099,5.930661562085211e-06
0.40914997456763746,0.284729361485363,0.00014373658650219584,0.0,7.808207684755402e-06,0.9999941779546837,1.7881391644478022e-07
0.44121429322323114,0.26514834161032846,0.001323044167774929,5.960463881492674e-08,1.7881391644478022e-06,0.9992778494054059,0.0
0.5230366587422277,0.4270979165299542,0.9999999000000099,3.278255134820971e-07,3.5762783288956044e-07,1.4901159703731684e-07,0.0
0.500279307344702,0.41402021043363707,0.9999999000000099,1.7881391644478022e-07,1.996755400300046e-06,0.0,0.0
0.4773966073792189,0.4557968377286532,0.9999999000000099,1.7881391644478022e-07,3.3378597736358976e-06,0.0,0.0
0.502358734586895,0.43133994929557,0.9999999000000099,8.940695822239011e-08,2.086162358522436e-06,0.0,0.0
0.51796615121604,0.4117863177548051,0.9999999000000099,0.0,1.1026858180761447e-06,0.0,0.0
0.5297675728578548,0.40623414509492817,0.9999999000000099,0.0,4.4703479111195056e-07,0.0,0.0
0.546849310375458,0.40107285969542134,0.9999999000000099,0.0,2.086162358522436e-07,0.0,0.0
0.5589012503392534,0.39472562067902167,0.9999999000000099,0.0,1.7881391644478022e-07,0.0,0.0
0.5625513791805024,0.38526922457773566,0.9999999000000099,0.0,1.7881391644478022e-07,0.0,0.0
0.1139754652929795,0.10448104141353617,0.000282734604218605,0.0,0.002835124447551398,0.9994898631056706,0.0
0.2209441065696781,0.20497208830184616,1.1384486013651007e-05,0.0,6.902217174768517e-05,0.9999996615814547,4.172324717044872e-07
0.23008391260148042,0.1753694712815398,6.139277797937454e-06,0.0,1.1205672097206226e-05,0.9999996615814547,3.5762783288956044e-07
0.25380203126810086,0.1789192855051751,4.678964146971749e-06,0.0,7.4803821712733056e-06,0.9999997211860935,5.364417493343406e-07
0.26244622467861634,0.19194361564210505,4.887580382823993e-06,0.0,7.569789129495696e-06,0.9999997807907323,9.238719016313645e-07
0.2664270400890655,0.20120963450801105,5.30481285452848e-06,0.0,7.718800726533013e-06,0.9999997807907323,1.370906692743315e-06
0.2673236131557398,0.20397415753686507,5.692243006825504e-06,0.0,7.539986810088233e-06,0.9999998403953712,1.5795229285955586e-06
0.2682607471831821,0.20540130134880025,6.139277797937454e-06,0.0,7.3611728936434526e-06,0.9999999000000099,1.8775461226701922e-06
0.269019484508819,0.20626306530281527,6.4373009920120876e-06,0.0,7.122754338383746e-06,0.9999998403953712,2.0563600391149723e-06
0.26891788839180353,0.20536589618980972,6.765126505494185e-06,0.0,6.884335783124038e-06,0.9999997807907323,2.2053716361522894e-06
0.26977589725330975,0.20587599273971016,7.033347380161355e-06,0.0,6.645917227864331e-06,0.9999997807907323,2.354383233189606e-06
0.26923400162535677,0.2042171656735727,7.301568254828525e-06,0.0,6.526707950234478e-06,0.9999997807907323,2.4437901914119963e-06
0.08904933929074627,0.033200114959753814,0.00025272366857528937,0.002485304822346593,0.0,0.0,0.9984876111039976
0.2703166901953345,0.15540957448205542,1.4752148106694368e-05,7.748603045940476e-07,0.0,0.004109531230053347,0.9996708823937516
0.22443515061402816,0.08566981552564404,8.076428559422574e-06,3.278255134820971e-07,3.874301522970238e-07,0.0002065002711743137,0.9999466134529094
0.25000333784975537,0.04247742890584283,2.7209517619014057e-05,2.086162358522436e-07,1.7285345256328755e-06,6.645917227864331e-06,0.9999875022351364
0.254859685887274,0.037050902837130924,2.7537343132496152e-05,2.086162358522436e-07,1.8179414838552655e-06,3.5166736900806776e-06,0.9999897076067725
0.2503873407737049,0.03551656007158555,3.2424923515320145e-05,2.3841855525970696e-07,1.3113020539283883e-06,2.4437901914119963e-06,0.9999907208856325
0.2432202398676296,0.034371703857258275,3.9368863937259114e-05,2.682208746671703e-07,9.536742210388278e-07,1.6689298868179488e-06,0.9999915553505758
0.24196630715321923,0.034623146051200204,4.008411960303823e-05,2.682208746671703e-07,7.152556657791209e-07,1.698732206225412e-06,0.9999911977227429
0.24116322397187126,0.034756153815993715,4.082917758822482e-05,2.9802319407463367e-07,6.556510269641942e-07,1.6093252480030219e-06,0.9999909593041877
0.23780363797156787,0.03419539331804286,4.4703479111195056e-05,2.682208746671703e-07,5.066394299268773e-07,1.4007090121507783e-06,0.9999913169320206
0.23475456236820902,0.033802211278849324,4.810094352364588e-05,2.682208746671703e-07,4.768371105194139e-07,1.132488137483608e-06,0.9999914361412983
0.23321908711421377,0.03376692532914834,4.985928036868622e-05,2.9802319407463367e-07,3.874301522970238e-07,1.043081179261218e-06,0.9999913169320206
0.1132999062491232,0.10263252256543352,0.0002879202077955036,0.0,0.003748178107237853,0.9992556764797668,0.0
0.24594888090068923,0.2624765932110515,9.626149168610668e-06,0.0,7.691978639066296e-05,0.9999999000000099,1.8775461226701922e-06
0.2582545280349606,0.22943955655937523,5.30481285452848e-06,0.0,1.4245508676767491e-05,0.9999999000000099,1.6093252480030219e-06
0.28159919379975623,0.23320811982929876,4.291533994674725e-06,0.0,1.007318395972262e-05,0.9999998403953712,2.65240642726424e-06
0.29158279298528644,0.24375092979071977,4.291533994674725e-06,0.0,9.477137571573351e-06,0.9999999000000099,4.142522397637409e-06
0.29757371543605765,0.2427197396339597,4.410743272304579e-06,0.0,8.04662624001511e-06,0.9999999000000099,4.887580382823993e-06
0.3047979175918254,0.23799893255926757,4.142522397637409e-06,0.0,6.556510269641941e-06,0.9999999000000099,5.2750105351210165e-06
0.30894058941515545,0.22712829705163806,3.933906161785165e-06,0.0,5.0067896604538464e-06,0.9999998403953712,4.887580382823993e-06
0.31262964008944116,0.216054469310004,3.725289925932921e-06,0.0,3.784894564747848e-06,0.9999999000000099,4.380940952897116e-06
0.3144975900519798,0.20647543665211363,3.635882967710531e-06,0.0,3.0100342601538e-06,0.9999999000000099,3.993510800600092e-06
0.3140351772178315,0.19873604175025592,3.5166736900806776e-06,0.0,2.5331971496343865e-06,0.9999997807907323,3.635882967710531e-06
0.3121019005646217,0.19340208169486434,3.6656852871179947e-06,0.0,2.2351739555597527e-06,0.9999997807907323,3.397464412450824e-06
0.1837993264122196,0.643449544796435,3.5166736900806776e-06,0.9999999000000099,1.4901159703731684e-07,2.980231940746337e-08,0.0
0.16814339160222946,0.4425328075128001,5.960463881492674e-08,0.9999999000000099,0.0,1.722574061751383e-05,5.960463881492674e-08
0.1833293735905075,0.534837543872803,0.0,0.9999999000000099,0.0,1.4781950426101832e-05,8.940695822239011e-08
0.17522305249442288,0.6024154423635811,0.0,0.9999999000000099,0.0,1.2755392706394322e-05,2.980231940746337e-08
0.17851996421074753,0.6136566995523606,2.980231940746337e-08,0.9999999000000099,0.0,1.1742113846540568e-05,2.980231940746337e-08
0.18195962905130336,0.6152861713309512,1.1920927762985348e-07,0.9999999000000099,0.0,1.1324881374836081e-05,0.0
0.18422555922699077,0.6163130997556105,5.960463881492674e-08,0.9999999000000099,0.0,1.1354683694243543e-05,0.0
0.18592366575424896,0.6163284777539599,1.1920927762985348e-07,0.9999999000000099,0.0,1.177191616594803e-05,0.0
0.18726974724947826,0.6158562301534855,2.980231940746337e-08,0.9999999000000099,0.0,1.2487171831727152e-05,0.0
0.18840318917448015,0.6146481632133847,0.0,0.9999999000000099,0.0,1.335143909454359e-05,8.940695822239011e-08
0.1893671750943926,0.6130416392230287,2.980231940746337e-08,0.9999999000000099,0.0,1.4543531870842124e-05,0.0
0.1902296841065792,0.6107962726500794,0.0,0.9999999000000099,0.0,1.582503160536305e-05,0.0
0.18220072983940983,0.6078694461735298,2.3841855525970694e-06,0.9999999000000099,1.4901159703731684e-07,2.980231940746337e-08,0.0
0.1826033592148509,0.5134807228162794,0.0,0.9999999000000099,0.0,1.8447635713219826e-05,8.940695822239011e-08
0.18084344267096322,0.5948373674327804,2.980231940746337e-08,0.9999999000000099,0.0,1.2129543998837591e-05,0.0
0.17795199155070635,0.6447376011698107,0.0,0.9999999000000099,0.0,1.0281800195574863e-05,2.980231940746337e-08
0.18299320339398822,0.6523137091473342,8.940695822239011e-08,0.9999999000000099,0.0,9.775160765647985e-06,2.980231940746337e-08
0.18704056739032635,0.6534714101626083,2.980231940746337e-08,0.9999999000000099,0.0,9.834765404462912e-06,2.980231940746337e-08
0.18973177670646857,0.6534919737650523,2.980231940746337e-08,0.9999999000000099,0.0,1.0311602514982325e-05,8.940695822239011e-08
0.1916201710621643,0.6529076694324193,2.980231940746337e-08,0.9999999000000099,0.0,1.1116265138983837e-05,8.940695822239011e-08
0.1930691003719493,0.6517028807477806,0.0,0.9999999000000099,0.0,1.2159346318245055e-05,8.940695822239011e-08
0.19421485065609678,0.6503171919662796,0.0,0.9999999000000099,0.0,1.3411043733358517e-05,8.940695822239011e-08
0.19522070883896225,0.6484213470302334,0.0,0.9999999000000099,0.0,1.4960764342546611e-05,8.940695822239011e-08
0.19611108302258015,0.6462023257102703,0.0,0.9999999000000099,0.0,1.671910118758695e-05,5.960463881492674e-08
0.49916869399864816,0.35160768026053213,0.9999996615814547,6.854533463716575e-07,8.940695822239011e-08,8.940695822239011e-08,2.8014180243015566e-06
0.6293222903944734,0.43120267979867577,0.9999999000000099,0.0,2.3841855525970696e-07,0.0,2.980231940746337e-08
0.5901846289390322,0.343399941862432,0.9999999000000099,0.0,2.9802319407463367e-07,0.0,8.940695822239011e-08
0.5521123409042623,0.33323401206986125,0.9999999000000099,0.0,1.1920927762985348e-07,0.0,5.960463881492674e-08
0.5780444741009729,0.340141326130797,0.9999999000000099,0.0,5.960463881492674e-08,0.0,2.980231940746337e-08
0.5686071514847866,0.34157457941882063,0.9999999000000099,0.0,5.960463881492674e-08,0.0,2.980231940746337e-08
0.57625639436243,0.3357886969468194,0.9999999000000099,0.0,8.940695822239011e-08,0.0,0.0
0.5727407335997887,0.33927494281681264,0.9999999000000099,0.0,5.960463881492674e-08,0.0,2.980231940746337e-08
0.5727052688361488,0.33870166534346113,0.9999999000000099,0.0,2.086162358522436e-07,0.0,5.960463881492674e-08
0.5762229561567124,0.33817958825996286,0.9999999000000099,0.0,1.4901159703731684e-07,0.0,8.940695822239011e-08
0.5737246274710553,0.34066048258670173,0.9999999000000099,0.0,8.940695822239011e-08,0.0,2.980231940746337e-08
0.5758980512380552,0.3403785824192848,0.9999999000000099,0.0,8.940695822239011e-08,0.0,8.940695822239011e-08
0.31171882151266617,0.12010106442302274,2.5629994690418497e-06,5.960463881492674e-08,0.8594042395448055,0.0705041516848601,0.0
0.1596595942907979,0.14336112139154344,2.6494261953234936e-05,0.0,0.0009274779822796676,0.9999935223036568,0.0
0.20881843566029862,0.1580970883098728,6.675719547271795e-06,0.0,2.6315448036790155e-05,0.9999990655350666,1.4901159703731684e-07
0.23578825592018343,0.1692698001571723,4.380940952897116e-06,0.0,1.0907648903131594e-05,0.9999994827675383,1.7881391644478022e-07
0.2498559355632319,0.17776584622200164,4.112720078229945e-06,0.0,8.612870308756914e-06,0.9999996615814547,4.4703479111195056e-07
0.25087019800101035,0.17925545570165075,4.470347911119505e-06,0.0,8.04662624001511e-06,0.9999996615814547,4.4703479111195056e-07
0.24591091274196886,0.17310711738483248,5.155801257491163e-06,0.0,7.450579851865842e-06,0.9999996019768158,4.768371105194139e-07
0.23717322944612707,0.1633190512377506,5.960463881492674e-06,0.0,6.973742741346429e-06,0.9999994827675383,2.9802319407463367e-07
0.22141137718237544,0.15106654164588504,7.808207684755402e-06,0.0,7.033347380161355e-06,0.9999991251397053,2.086162358522436e-07
0.20500811933622237,0.14129468796217928,1.0520218750834569e-05,0.0,7.808207684755402e-06,0.9999985290933172,1.1920927762985348e-07
0.18642270564261024,0.13291087744344277,1.5139578258991392e-05,0.0,9.596346849203206e-06,0.9999975158144573,8.940695822239011e-08
0.1606788337164149,0.12399050591253007,2.5510785412788644e-05,0.0,1.361965996921076e-05,0.9999948932103495,0.0
0.45497286317848723,0.24815368648094488,4.187225876748604e-05,1.7881391644478022e-07,2.601742484271552e-05,0.9999999000000099,6.973742741346429e-06
0.1616116762094335,0.1647360920623981,4.962086181342651e-05,0.0,2.3037192901969185e-05,0.9999991251397053,2.3841855525970696e-07
0.21540871261658395,0.14017820355876023,1.3589857649803297e-05,0.0,5.424022132158334e-06,0.9999989463257889,2.3841855525970696e-07
0.18912371992281762,0.12922927735023162,2.086162358522436e-05,0.0,6.586312589049405e-06,0.9999978138376514,5.960463881492674e-08
0.13730913400081457,0.11536988614014147,5.6654209193587864e-05,0.0,1.3738869246840614e-05,0.9999907208856325,0.0
0.03991502523256962,0.1265492141030099,0.00019407270398140146,1.1920927762985348e-07,1.591443856358544e-05,0.9999076320191245,2.980231940746337e-08
0.01985695958055289,0.11656916139513936,0.00021985171026885729,5.960463881492674e-08,0.0019028184895277212,0.9458302505707835,2.5033948302269232e-06
0.07798641919766797,0.034869074815501354,1.5318392175436174e-05,1.1920927762985348e-07,0.9921283325841943,3.0934807544946974e-05,1.9401309934258653e-05
0.07474049925494654,0.013623446223787182,2.3841855525970695e-05,5.960463881492674e-08,0.999854941518412,2.682208746671703e-07,8.85128886401662e-06
0.04636812209891008,0.027086079115997898,1.344084605276598e-05,1.5497206091880952e-06,0.9999345733158688,5.990266200900137e-06,0.00011554359234273549
0.03084489703050684,0.039119929068542385,4.142522397637409e-06,1.5437601453066027e-05,0.9987590506291608,4.488229302763983e-05,0.0012876390123188624
0.032843232153486224,0.04470494388768491,1.1920927762985347e-06,2.9653307810426052e-05,0.9777872776714065,0.00014072655224204203,0.007918774289757092
0.22527477144262195,0.38145935528898983,0.01991843978061696,1.7881391644478022e-07,0.000419795471173529,0.9999022079969923,8.940695822239011e-08
0.127606362099132,0.10384145377288337,0.00022932884784043062,0.0,0.0001876056006699819,0.9999907804902712,0.0
0.24272328614183536,0.19304874536069633,1.662969422936456e-05,0.0,1.1742113846540568e-05,0.9999997807907323,1.847743803262729e-06
0.2438572645086402,0.16478255388299254,1.2248753276467444e-05,0.0,4.410743272304579e-06,0.9999996615814547,9.536742210388278e-07
0.2260814011003339,0.14429998395356225,1.4394520273804807e-05,0.0,3.9637084811926284e-06,0.9999993039536218,4.4703479111195056e-07
0.19305282830392628,0.12859100101176366,2.3752448567748306e-05,0.0,5.21540589630609e-06,0.9999981118608455,1.1920927762985348e-07
0.16631853579786166,0.11910241840230446,3.91304453819994e-05,0.0,7.808207684755402e-06,0.9999958468845705,1.4901159703731684e-07
0.1487013101516185,0.1136626303001323,5.671381383240279e-05,0.0,1.1056660500168911e-05,0.9999928666526298,8.940695822239011e-08
0.149005264037638,0.11254501340846271,5.790590660870133e-05,0.0,1.1801718485355495e-05,0.9999926282340745,0.0
0.15163725613919835,0.11280083654379489,5.570053497254904e-05,0.0,1.1563299930095787e-05,0.9999932242804627,8.940695822239011e-08
0.1598515808516115,0.11463296411458712,4.762410641312646e-05,0.0,1.0192393237352472e-05,0.9999946547917942,5.960463881492674e-08
0.1735055744576135,0.11842587588189724,3.6776062148809795e-05,0.0,8.22544015645989e-06,0.9999964429309587,8.940695822239011e-08
0.1846472918910816,0.666107177620314,4.440545591712042e-06,0.9999997807907323,1.7881391644478022e-07,2.980231940746337e-08,0.0
0.17793712019183552,0.48052904001590685,2.980231940746337e-08,0.9999999000000099,0.0,2.3484227693081136e-05,2.980231940746337e-08
0.18178078531466219,0.5711085795378262,0.0,0.9999999000000099,0.0,1.582503160536305e-05,2.980231940746337e-08
0.1761732995437152,0.6264406441569526,5.960463881492674e-08,0.9999999000000099,0.0,1.2546776470542079e-05,8.940695822239011e-08
0.18083322047438466,0.6333162783491956,5.960463881492674e-08,0.9999999000000099,0.0,1.1444090652465934e-05,2.980231940746337e-08
0.1844788491649533,0.6338536738263985,0.0,0.9999999000000099,0.0,1.1175869777798764e-05,8.940695822239011e-08
0.18687349557102786,0.6339099406110569,0.0,0.9999999000000099,0.0,1.1324881374836081e-05,2.980231940746337e-08
0.1886266767900562,0.6330593823302576,5.960463881492674e-08,0.9999999000000099,0.0,1.1920927762985348e-05,8.940695822239011e-08
0.18996828793692755,0.6318725942483381,2.980231940746337e-08,0.9999999000000099,0.0,1.2695788067579396e-05,1.1920927762985348e-07
0.19105783104105417,0.6304694413059209,0.0,0.9999999000000099,0.0,1.3738869246840614e-05,0.0
0.19200405477682433,0.628846645247544,0.0,0.9999999000000099,0.0,1.4990566661954075e-05,8.940695822239011e-08
0.19285371898806233,0.6271457671045246,5.960463881492674e-08,0.9999999000000099,0.0,1.6510484951734707e-05,2.980231940746337e-08
0.29136547445044436,0.029747456307085755,6.8247311443091115e-06,3.5762783288956044e-07,0.022587595111388192,3.5703178650141115e-05,0.9873777832660058
0.27849447726050186,0.04858943819167673,4.202127036452335e-06,2.9802319407463367e-07,0.0002209841984063409,2.0503995752334798e-05,0.9999137116922836
0.28814733027218714,0.04453283547592544,3.457069051265751e-06,2.086162358522436e-07,5.376338421106392e-05,1.689791510403173e-05,0.999948043964241
0.2768422961120412,0.04249054192769117,6.079673159122528e-06,2.3841855525970696e-07,1.8775461226701924e-05,9.000300461053937e-06,0.9999681903321604
0.2557047009362197,0.037647098296394683,1.4722345787286905e-05,2.682208746671703e-07,4.917382702231456e-06,2.8610226631164835e-06,0.9999826146547536
0.23676404355976094,0.03436815738089475,2.8610226631164836e-05,3.5762783288956044e-07,1.4603136509657052e-06,1.2218950957059981e-06,0.9999888731418292
0.22805222867975058,0.033628612750970725,3.951787553429643e-05,3.874301522970238e-07,6.854533463716575e-07,9.238719016313645e-07,0.9999907804902712
0.22514006494543515,0.03372788428682714,4.678964146971749e-05,3.874301522970238e-07,3.874301522970238e-07,8.642672628164378e-07,0.9999913169320206
0.22787642477999287,0.034442484372916936,4.729628089964437e-05,3.5762783288956044e-07,3.874301522970238e-07,1.0728834986686813e-06,0.9999910785134654
0.2305640578174487,0.03470808266999059,4.717707162201451e-05,3.5762783288956044e-07,4.172324717044872e-07,1.1622904568910714e-06,0.99999084009491
0.24091830848649934,0.03631511329982711,3.722309693992175e-05,2.9802319407463367e-07,5.66244068741804e-07,1.847743803262729e-06,0.9999889923511068
0.2521468102827568,0.03769955038378804,2.8014180243015567e-05,2.682208746671703e-07,8.642672628164378e-07,2.8908249825239467e-06,0.9999869657933871
0.09762901067329505,0.021245717998681322,8.642672628164378e-07,1.1920927762985347e-06,0.9975297645582417,3.6209818080067994e-05,0.00018379090378582661
0.09178099035836691,0.025545477862752183,1.1742113846540568e-05,2.9802319407463367e-07,0.99999537004746,9.536742210388278e-07,2.8908249825239467e-06
0.18885925411396015,0.039232760661082874,1.8388031074404898e-05,5.960463881492674e-08,0.9999996615814547,1.9669530808925826e-06,1.7881391644478022e-07
0.21972739695592844,0.041861385099872264,8.109211110770783e-05,5.960463881492674e-08,0.9999997807907323,1.1920927762985347e-06,1.1920927762985348e-07
0.20020455121165015,0.031529724592531914,0.00010392068777382477,0.0,0.9999997807907323,3.874301522970238e-07,0.0
0.18633243440810165,0.029907703394536952,9.059905099868865e-05,0.0,0.9999999000000099,4.172324717044872e-07,8.940695822239011e-08
0.19087603687449675,0.03293347358139676,8.890031879246323e-05,0.0,0.9999997807907323,5.66244068741804e-07,5.960463881492674e-08
0.20121628045202575,0.034878104919183285,9.694694503247834e-05,0.0,0.9999999000000099,6.258487075567308e-07,0.0
0.20575219391924515,0.03441435098058777,0.00010529159446656809,0.0,0.9999997807907323,6.258487075567308e-07,2.980231940746337e-08
0.19070106743976584,0.030530303711431686,0.00010025500248670677,0.0,0.9999999000000099,3.874301522970238e-07,0.0
0.16471639274868788,0.02732294797429474,7.438658924102857e-05,0.0,0.9999997807907323,3.278255134820971e-07,1.1920927762985348e-07
0.13732588290599576,0.026389896865140546,4.601478116512344e-05,8.940695822239011e-08,0.9999999000000099,3.874301522970238e-07,2.682208746671703e-07
0.10205441712910546,0.021656990047561095,1.0728834986686813e-06,1.0132788598537545e-06,0.9983864024272898,3.263353975117239e-05,9.191035305261703e-05
0.42506739495424645,0.0789862274988344,2.682208746671703e-07,3.278255134820971e-07,0.9999743296099584,0.011887280944374322,0.0
0.21808451413205238,0.1102786958028785,1.0311602514982325e-05,1.1920927762985348e-07,0.9599728816409564,0.7167300461248469,0.0
0.10740718245061537,0.08816131947915112,7.286667095124793e-05,0.0,0.0062642687255323555,0.9998085095047752,0.0
0.17386162280316456,0.13594371078070724,1.0788439625501739e-05,0.0,7.25686477571733e-05,0.9999962045124035,2.980231940746337e-08
0.20064288376931022,0.14909794924090292,6.139277797937454e-06,0.0,1.856684499084968e-05,0.9999983502794008,0.0
0.22731122373593363,0.15989822146538715,4.470347911119505e-06,0.0,1.1056660500168911e-05,0.9999991847443441,1.1920927762985348e-07
0.24157190321875682,0.16939008233030844,4.202127036452335e-06,0.0,9.089707419276328e-06,0.9999994827675383,2.3841855525970696e-07
0.24720260499884286,0.17492839691027742,4.470347911119505e-06,0.0,8.31484711468228e-06,0.9999996615814547,3.5762783288956044e-07
0.24693101643493506,0.17443415519588454,4.947185021638919e-06,0.0,7.838010004162866e-06,0.9999996615814547,4.172324717044872e-07
0.24192795156430785,0.1683358549783466,5.513429090380723e-06,0.0,7.2121612966061355e-06,0.9999996615814547,3.278255134820971e-07
0.23254463075628576,0.15895932910104596,6.616114908456868e-06,0.0,6.8247311443091115e-06,0.9999994231628994,2.086162358522436e-07
0.12409803270779778,0.028129935259770568,5.9843057370186444e-05,0.08098681951324126,0.0,0.0,0.9830418438154139
0.15917369722660904,0.09011071918851886,0.0029338893340677312,2.4735925108194595e-06,0.0,1.5795229285955586e-06,0.999967355867217
0.28947058318846836,0.1397552489995065,2.682208746671703e-07,3.993510800600092e-06,0.0,0.018699673928448745,0.9993565275286416
0.19163972138564983,0.06085708736331265,0.0001423060751706376,2.682208746671703e-07,8.940695822239011e-08,7.4803821712733056e-06,0.999984760421751
0.24177572130155783,0.040190339081557946,3.340840005576644e-05,2.682208746671703e-07,3.5762783288956044e-07,3.0100342601538e-06,0.9999858333052496
0.24903613327902513,0.03768968581507941,3.412365572154556e-05,2.3841855525970696e-07,7.748603045940476e-07,2.65240642726424e-06,0.9999875022351364
0.26283121107920465,0.03843548893270377,2.1874902445078112e-05,1.7881391644478022e-07,1.3411043733358516e-06,4.053115439415018e-06,0.9999848796310286
0.26760041712606525,0.038170427077433,1.955032153129597e-05,2.086162358522436e-07,1.8775461226701922e-06,4.380940952897116e-06,0.9999844623985569
0.2681243419536192,0.037424802773742924,1.9699333128333287e-05,2.086162358522436e-07,2.026557719707509e-06,3.993510800600092e-06,0.999984760421751
0.2652038335690356,0.03654688596099653,2.1964309403300505e-05,1.7881391644478022e-07,1.7583368450403388e-06,3.2782551348209707e-06,0.999985714095972
0.2656777500996251,0.03670209645596507,2.1547076931596017e-05,2.086162358522436e-07,1.6391275674104854e-06,3.3378597736358976e-06,0.9999852372588615
0.261046081770578,0.03585818409305721,2.494454134404684e-05,1.4901159703731684e-07,1.370906692743315e-06,2.6226041078567766e-06,0.999986369746999
0.7108951806727729,0.41612413518455854,0.9999997807907323,4.053115439415018e-06,2.9802319407463367e-07,6.556510269641942e-07,3.108381914198429e-05
0.510948061921897,0.4597326218294655,0.9999999000000099,0.0,2.682208746671703e-07,0.0,0.0
0.5905588865035614,0.30257105822150465,0.9999999000000099,0.0,2.086162358522436e-07,0.0,5.960463881492674e-08
0.5302603840608373,0.3496146201488739,0.9999999000000099,0.0,8.940695822239011e-08,0.0,5.960463881492674e-08
0.57661205527779,0.32631719106808543,0.9999999000000099,0.0,8.940695822239011e-08,0.0,8.940695822239011e-08
0.5631388425593843,0.34472027415094797,0.9999999000000099,0.0,0.0,0.0,2.980231940746337e-08
0.5747368335485892,0.3305144607454826,0.9999999000000099,0.0,1.4901159703731684e-07,0.0,8.940695822239011e-08
0.5756499767065103,0.33676153415635435,0.9999999000000099,0.0,8.940695822239011e-08,0.0,0.0
0.5755265354871856,0.3365424572845199,0.9999999000000099,0.0,1.4901159703731684e-07,0.0,8.940695822239011e-08
0.5805439948795255,0.33609104150739083,0.9999999000000099,0.0,1.4901159703731684e-07,0.0,2.980231940746337e-08
0.5829570889231572,0.33821299666335375,0.9999999000000099,0.0,1.4901159703731684e-07,0.0,8.940695822239011e-08
0.5816766023395005,0.3406146764171997,0.9999999000000099,0.0,1.1920927762985348e-07,0.0,2.980231940746337e-08
0.44370591638635126,0.24296087022435725,3.8355585077405355e-05,1.1920927762985348e-07,2.697109906375435e-05,0.9999999000000099,6.079673159122528e-06
0.39650312064436355,0.21690660711388945,1.9937751683592993e-05,0.0,4.0829177588224814e-06,0.999999542372177,9.238719016313645e-07
0.4199515580957089,0.21716263886547832,4.658102523386525e-05,0.0,1.370906692743315e-06,0.9999906612809936,2.086162358522436e-07
0.5270671844264175,0.30231064552852555,0.9955907064483145,6.258487075567308e-07,5.960463881492674e-08,0.0029603239913821512,0.0
0.5188476443075867,0.3922473489566524,0.9999999000000099,1.7881391644478022e-07,1.2516974151134616e-06,0.0,0.0
0.4745388924879035,0.4627427755993968,0.9999999000000099,1.7881391644478022e-07,5.1259989380836994e-06,0.0,0.0
0.48550602791683173,0.44695943586325365,0.9999999000000099,0.0,2.9504296213388737e-06,0.0,0.0
0.5079563259868097,0.4174208342314251,0.9999999000000099,2.980231940746337e-08,1.3411043733358516e-06,0.0,0.0
0.5147790908600318,0.4103262423766371,0.9999999000000099,0.0,4.4703479111195056e-07,0.0,0.0
0.5369280576483603,0.40505653612830245,0.9999999000000099,0.0,2.3841855525970696e-07,0.0,0.0
0.544117093063712,0.4004104732781459,0.9999999000000099,0.0,1.7881391644478022e-07,0.0,0.0
0.5531419515380698,0.3882411419680501,0.9999999000000099,0.0,5.960463881492674e-08,0.0,0.0
0.6710399985035553,0.4057493209144082,0.9999996615814547,3.0994412183761904e-06,1.4901159703731684e-07,4.172324717044872e-07,2.0831821265816896e-05
0.5323736667412613,0.44257861368230217,0.9999999000000099,0.0,2.682208746671703e-07,0.0,1.4901159703731684e-07
0.577873051142606,0.3182159065655359,0.9999999000000099,0.0,1.1920927762985348e-07,0.0,8.940695822239011e-08
0.5357161760108372,0.35331588977485756,0.9999999000000099,0.0,5.960463881492674e-08,0.0,5.960463881492674e-08
0.5712077021362292,0.3345728217982544,0.9999999000000099,0.0,1.4901159703731684e-07,0.0,1.4901159703731684e-07
0.5545241832503538,0.3499104976054883,0.9999999000000099,0.0,5.960463881492674e-08,0.0,0.0
0.5667700767282403,0.3359859585186698,0.9999999000000099,0.0,1.7881391644478022e-07,0.0,1.1920927762985348e-07
0.5640073418383705,0.34297543758241433,0.9999999000000099,0.0,1.4901159703731684e-07,0.0,0.0
0.5707986354591525,0.33740097278539527,0.9999999000000099,0.0,5.960463881492674e-08,0.0,5.960463881492674e-08
0.5715775489570452,0.3390871881858023,0.9999999000000099,0.0,1.4901159703731684e-07,0.0,0.0
0.5747138857603515,0.338104665221493,0.9999999000000099,0.0,5.960463881492674e-08,0.0,1.4901159703731684e-07
0.5757018327474628,0.33928102249057873,0.9999999000000099,0.0,8.940695822239011e-08,0.0,1.1920927762985348e-07
0.7104243039790668,0.41596782200366184,0.9999997807907323,4.023313120007555e-06,2.682208746671703e-07,6.556510269641942e-07,3.102421450316937e-05
0.5267476439257899,0.45180588952911077,0.9999999000000099,0.0,3.5762783288956044e-07,0.0,1.4901159703731684e-07
0.5892891883606086,0.3033752142863541,0.9999999000000099,0.0,1.7881391644478022e-07,0.0,5.960463881492674e-08
0.5398602485433194,0.3455193936233148,0.9999999000000099,0.0,1.4901159703731684e-07,0.0,5.960463881492674e-08
0.581433415388827,0.3260493277945107,0.9999999000000099,0.0,1.4901159703731684e-07,0.0,2.980231940746337e-08
0.577131509756986,0.3373447656053817,0.9999999000000099,0.0,8.940695822239011e-08,0.0,8.940695822239011e-08
0.5839681625124403,0.33068758243620305,0.9999999000000099,0.0,2.682208746671703e-07,0.0,8.940695822239011e-08
0.5851486921068128,0.33495843404756276,0.9999999000000099,0.0,1.1920927762985348e-07,0.0,2.980231940746337e-08
0.5857003926988309,0.33749827736797444,0.9999999000000099,0.0,2.086162358522436e-07,0.0,0.0
0.5891857146972829,0.33847868436739453,0.9999999000000099,0.0,1.1920927762985348e-07,0.0,8.940695822239011e-08
0.5915817022078648,0.3415004610430551,0.9999999000000099,0.0,1.7881391644478022e-07,0.0,2.980231940746337e-08
0.594342470144457,0.34353560203391753,0.9999999000000099,0.0,1.1920927762985348e-07,0.0,0.0
0.37275880573636544,0.28510928149109627,0.9999997807907323,1.4901159703731684e-07,5.960463881492674e-08,0.0,3.874301522970238e-07
0.6666539907179397,0.4869266151548107,0.9999999000000099,0.0,1.1920927762985348e-07,0.0,0.0
0.6160505413754002,0.38484072678651876,0.9999999000000099,0.0,4.4703479111195056e-07,0.0,0.0
0.588552296137281,0.3190757035662737,0.9999999000000099,0.0,2.682208746671703e-07,0.0,1.4901159703731684e-07
0.5883058905357897,0.34980231517523946,0.9999999000000099,0.0,2.086162358522436e-07,0.0,2.980231940746337e-08
0.5867089628930335,0.33805340522699495,0.9999999000000099,0.0,1.1920927762985348e-07,0.0,8.940695822239011e-08
0.5871607661004123,0.3455249070529556,0.9999999000000099,0.0,1.1920927762985348e-07,0.0,0.0
0.5898830294364813,0.33974075311565255,0.9999999000000099,0.0,2.3841855525970696e-07,0.0,0.0
0.591001033758487,0.3419117032896125,0.9999999000000099,0.0,1.1920927762985348e-07,0.0,2.980231940746337e-08
0.5910252332442648,0.3414405285727437,0.9999999000000099,0.0,1.7881391644478022e-07,0.0,8.940695822239011e-08
0.5920039415114361,0.34292712801783215,0.9999999000000099,0.0,1.4901159703731684e-07,0.0,0.0
0.5946028232328251,0.3435696064837561,0.9999999000000099,0.0,1.1920927762985348e-07,0.0,8.940695822239011e-08
0.16551953553468063,0.13858839867126085,0.00013142822858691345,0.0,0.0002723931993842152,0.9999933434897403,0.0
0.17220062016727752,0.12518668172600017,2.166628620922587e-05,0.0,2.61962387591603e-05,0.9999959660938481,2.980231940746337e-08
0.1906232535760148,0.13466727731306083,1.397728780210032e-05,0.0,1.1861323124170421e-05,0.9999978734422902,5.960463881492674e-08
0.21482822298114046,0.14303305742675587,9.775160765647985e-06,0.0,7.629393768310623e-06,0.9999988271165112,1.1920927762985348e-07
0.22976055740358733,0.15056231615349394,8.31484711468228e-06,0.0,6.139277797937454e-06,0.9999993039536218,2.682208746671703e-07
0.23678803442928206,0.15554493663031715,8.04662624001511e-06,0.0,5.692243006825504e-06,0.9999994231628994,3.5762783288956044e-07
0.2396739721198974,0.1579125225273574,8.22544015645989e-06,0.0,5.453824451565797e-06,0.999999542372177,4.4703479111195056e-07
0.24050095676379932,0.15843662616877768,8.523463350534524e-06,0.0,5.245208215713553e-06,0.999999542372177,4.4703479111195056e-07
0.24051815270381632,0.15804493424570326,8.881091183424084e-06,0.0,5.066394299268773e-06,0.999999542372177,5.364417493343406e-07
0.24112474917367036,0.15800452229655249,9.208916696906181e-06,0.0,5.0067896604538464e-06,0.999999542372177,5.066394299268773e-07
0.243026942004631,0.15918448564664645,9.357928293943498e-06,0.0,4.917382702231456e-06,0.9999996615814547,6.258487075567308e-07
0.2401587366958356,0.1566735505789459,9.983777001500229e-06,0.0,4.7385687857866755e-06,0.999999542372177,5.960463881492673e-07
0.18177333473406557,0.6006180046960422,2.2351739555597527e-06,0.9999999000000099,1.4901159703731684e-07,0.0,0.0
0.16439262031828136,0.430999934599507,1.1920927762985348e-07,0.9999999000000099,0.0,1.2934206622839103e-05,0.0
0.18302699922757446,0.5169036983558544,0.0,0.9999999000000099,0.0,1.2189148637652518e-05,2.980231940746337e-08
0.1757310628818225,0.5882348417228515,5.960463881492674e-08,0.9999999000000099,0.0,1.1801718485355495e-05,2.980231940746337e-08
0.17800721525408847,0.5985824464726665,2.980231940746337e-08,0.9999999000000099,0.0,1.1295079055428617e-05,2.980231940746337e-08
0.18092420696463052,0.6012288927002406,2.980231940746337e-08,0.9999999000000099,0.0,1.096725354194652e-05,2.980231940746337e-08
0.18293634056287483,0.602495670215435,0.0,0.9999999000000099,0.0,1.1056660500168911e-05,0.0
0.18442583083342778,0.6036349533954768,0.0,0.9999999000000099,0.0,1.141428833305847e-05,0.0
0.18570330738252344,0.6039085983195938,0.0,0.9999999000000099,0.0,1.2069939360022665e-05,1.4901159703731684e-07
0.18688780068577335,0.6015928982658216,0.0,0.9999999000000099,0.0,1.2964008942246566e-05,2.980231940746337e-08
0.18765306472001292,0.602096676723377,5.960463881492674e-08,0.9999999000000099,0.0,1.388788084387793e-05,8.940695822239011e-08
0.18847146629506753,0.6024830936353897,0.0,0.9999999000000099,0.0,1.5079973620176466e-05,8.940695822239011e-08
0.14313307403925446,0.05422618984247544,1.8388031074404898e-05,0.9995961977813165,0.0,0.0,0.004050552439945976
0.1571695208484419,0.6251085995557402,0.0,0.9999999000000099,0.0,8.928774894476025e-05,5.66244068741804e-07
0.17743709682683548,0.43263429395896835,0.0,0.9999999000000099,0.0,0.0010021625947147707,3.874301522970238e-07
0.18547564744181327,0.4877455829738844,0.0,0.9999999000000099,0.0,0.000512987323960667,3.278255134820971e-07
0.18573310970490992,0.50939762583593,0.0,0.9999999000000099,0.0,0.0005517303391903693,3.5762783288956044e-07
0.18579027055924716,0.5169299243995511,0.0,0.9999999000000099,0.0,0.0003688931096255816,2.086162358522436e-07
0.1873362958353672,0.5216849445403384,0.0,0.9999999000000099,0.0,0.00027185675763488084,2.086162358522436e-07
0.1888200044553772,0.5244501828249296,0.0,0.9999999000000099,0.0,0.0002077817709088346,1.4901159703731684e-07
0.19026878475355022,0.5264272688917907,0.0,0.9999999000000099,0.0,0.0001662969422936456,1.4901159703731684e-07
0.1916477382103718,0.5282475947429195,0.0,0.9999999000000099,0.0,0.0001383125643700375,1.4901159703731684e-07
0.19295078515207503,0.5294295548486131,0.0,0.9999999000000099,0.0,0.00011867283588051914,2.086162358522436e-07
0.1942033469596556,0.5304926632926449,0.0,0.9999999000000099,0.0,0.00010457633880078896,1.7881391644478022e-07
0.6540701389041909,0.40102547400283306,0.9999996615814547,2.65240642726424e-06,1.1920927762985348e-07,3.5762783288956044e-07,1.8328426435589973e-05
0.5029746889859784,0.4370332061496061,0.9999999000000099,0.0,2.086162358522436e-07,0.0,1.1920927762985348e-07
0.5609886646038459,0.30942758912510043,0.9999999000000099,0.0,8.940695822239011e-08,0.0,2.980231940746337e-08
0.5219477414868712,0.3554924427854254,0.9999999000000099,0.0,8.940695822239011e-08,0.0,2.980231940746337e-08
0.5675449967149331,0.328917086068098,0.9999999000000099,0.0,8.940695822239011e-08,0.0,2.980231940746337e-08
0.5539351701507078,0.354547142921772,0.9999999000000099,0.0,1.1920927762985348e-07,0.0,0.0
0.5679053663972301,0.33398824924471987,0.9999999000000099,0.0,8.940695822239011e-08,0.0,2.980231940746337e-08
0.5623629092937305,0.3449479936962734,0.9999999000000099,0.0,1.7881391644478022e-07,0.0,5.960463881492674e-08
0.569951474642995,0.3385479747669341,0.9999999000000099,0.0,0.0,0.0,1.1920927762985348e-07
0.5712895393135023,0.34058842057118066,0.9999999000000099,0.0,0.0,0.0,2.980231940746337e-08
0.5760544538259393,0.3389264940635154,0.9999999000000099,0.0,5.960463881492674e-08,0.0,2.980231940746337e-08
0.5790994763134536,0.3398017882718921,0.9999999000000099,0.0,1.4901159703731684e-07,0.0,1.1920927762985348e-07
0.203305602065251,0.03296837210090678,5.608796512484606e-05,8.970498141646475e-06,5.841254603862821e-06,1.0728834986686813e-06,0.9998458816133121
0.21172398327904426,0.033729702228492475,6.9975845968724e-05,5.066394299268773e-07,1.1026858180761447e-06,1.043081179261218e-06,0.99999537004746
0.19616016744755066,0.031719654793076174,7.593630985021666e-05,6.258487075567308e-07,3.5762783288956044e-07,5.364417493343406e-07,0.9999968005587916
0.1722164750027871,0.02956619858235483,0.00010043381640315155,1.1622904568910714e-06,1.1920927762985348e-07,2.3841855525970696e-07,0.9999977542330126
0.11225295066368682,0.02557158469715933,4.819035048186827e-05,1.0251997876167399e-05,0.0,2.980231940746337e-08,0.9999990655350666
0.0866496562921884,0.02650400995754349,2.0325181835890017e-05,5.209445432424597e-05,0.0,0.0,0.9999991847443441
0.07943320274024113,0.029688358301801075,1.353025301098837e-05,0.00013601778577566282,0.0,0.0,0.9999990655350666
0.083437591787698,0.03792843221968635,1.1205672097206226e-05,0.0003013908561676771,0.0,2.980231940746337e-08,0.9999976946283737
0.2696429490931438,0.19020503756127177,0.0,0.9887776578132131,0.0,9.238719016313645e-07,0.9397266759514962
0.20276856421584696,0.36281704896436223,0.0,0.9999997807907323,0.0,0.00021117923532128544,0.005938827397602856
0.14364111422897646,0.285622984122005,0.0,0.9999999000000099,0.0,0.0015408693203240785,0.00012668965980112677
0.1394233703555549,0.29839688534395403,0.0,0.9999999000000099,0.0,0.0013646780079871552,4.291533994674725e-05
0.12498900293786343,0.03144514560161012,0.00011572240625918027,7.605551912784652e-05,3.278255134820971e-07,1.1920927762985348e-07,0.9998709155616144
0.12976440786778043,0.027491658921302595,9.050964404046626e-05,5.722045326232967e-06,0.0,1.4901159703731684e-07,0.9999988867211501
0.17459064721338216,0.03427794575104264,0.00010883807047605623,1.1622904568910714e-06,0.0,5.66244068741804e-07,0.9999973966051797
0.16535505651742974,0.031886756414675366,0.0001255273693442357,1.1920927762985347e-06,5.960463881492674e-08,2.9802319407463367e-07,0.9999979926515679
0.1417468488157706,0.028871119017425634,0.00010168551381826502,2.74181338548663e-06,5.960463881492674e-08,2.3841855525970696e-07,0.999998588697956
0.09288418292614654,0.026198089118286184,2.8818842867017078e-05,2.998113332390815e-05,0.0,2.980231940746337e-08,0.9999993039536218
0.07886385917337016,0.028632760043009662,1.4483927232027197e-05,0.0001202523588091147,0.0,0.0,0.9999991847443441
0.09145471453287994,0.04821938275465208,8.40425407290467e-06,0.0006822943005144663,0.0,0.0,0.9999946547917942
0.300640642630526,0.15419751403075538,0.0,0.9953416782673458,0.0,1.6689298868179488e-06,0.9643489350134707
0.23305338620174504,0.3712052702268114,0.0,0.9999993039536218,0.0,0.00021427867653966162,0.03154536766264768
0.14500814675684343,0.31349325174685605,0.0,0.9999997807907323,0.0,0.006849288255500861,0.00033587213972211216
0.13474345206656413,0.3278577327166864,0.0,0.9999999000000099,0.0,0.005282103487139993,8.91685396671304e-05
0.0925585031471073,0.03275573253070699,0.00020742414307594505,0.003763675313329734,0.0,0.0,0.9978766635561446
0.08812624215714801,0.09450399874022629,4.1544433254003936e-05,0.0012462137883424882,0.0,1.1920927762985348e-07,0.9999643756352763
0.11218124627602499,0.1606111526214235,1.043081179261218e-06,0.017611293223688183,0.0,1.7583368450403388e-06,0.9998479677756706
0.23249909280767925,0.2926458119844957,0.0,0.9983517125274995,0.0,1.8954275143146702e-05,0.4351445597379549
0.1172280609559155,0.5564630030632833,0.0,0.9999999000000099,0.0,0.004427194152617498,0.000101298083665968
0.1360512673798492,0.3347762226485156,0.0,0.9999999000000099,0.0,0.0036582943119049436,3.641843431592024e-05
0.13304117321417186,0.36352941387627336,0.0,0.9999999000000099,0.0,0.0024353561350196843,1.7285345256328753e-05
0.13585814833078494,0.3829644321739555,0.0,0.9999999000000099,0.0,0.002005189456692358,1.290440430343164e-05
0.13782802223588525,0.3950372933664988,0.0,0.9999999000000099,0.0,0.0014583168955654051,9.80496308505545e-06
0.13987702130692162,0.403910577228047,0.0,0.9999999000000099,0.0,0.0010551511186212407,7.718800726533013e-06
0.1418845951498408,0.41152331225977873,0.0,0.9999999000000099,0.0,0.0007923542660862286,6.407498672604624e-06
0.143821299070125,0.4179564117669627,0.0,0.9999999000000099,0.0,0.0006165801862210097,5.48362677097326e-06
0.24896803497237208,0.03397348522558208,4.395842112600847e-05,3.3378597736358976e-06,2.2709367388487087e-05,2.8908249825239467e-06,0.9997996284135918
0.1303586065715217,0.024499326940156052,8.261202939748846e-05,3.993510800600092e-06,1.7881391644478022e-07,5.960463881492674e-08,0.9999978734422902
0.08008337020542416,0.024051189418489015,1.776218236684817e-05,7.545947273969725e-05,0.0,0.0,0.9999994231628994
0.10817635058908755,0.06593066452804751,4.857778063416529e-06,0.0026638505179167058,0.0,8.940695822239011e-08,0.9999811245387832
0.33669215439355954,0.13263967630976117,0.0,0.9994875385247568,0.0,3.725289925932921e-06,0.9449488171719883
0.21221846341208042,0.3581895231587276,0.0,0.9999994231628994,0.0,0.0003904103842377701,0.021014420076826423
0.14044097065344063,0.2808201908584384,0.0,0.9999999000000099,0.0,0.00830194271037885,0.00033429261679351663
0.1332931518499494,0.29402017588349133,0.0,0.9999999000000099,0.0,0.006132959706223072,9.790061925351717e-05
0.13519090413487445,0.3086225389905795,0.0,0.9999999000000099,0.0,0.004300027655705852,5.447863987684304e-05
0.1382968127670243,0.31847295159608574,0.0,0.9999999000000099,0.0,0.0028119978476912064,3.5703178650141115e-05
0.14150068163285842,0.3265237211621968,0.0,0.9999999000000099,0.0,0.0018823144937753864,2.5779006287455814e-05
0.14456436037418663,0.3336194753075577,0.0,0.9999999000000099,0.0,0.0013121067165523899,1.990794936418553e-05
0.2594538926970813,0.034191399806843596,4.15742355734114e-05,2.682208746671703e-06,3.108381914198429e-05,3.4868713706732143e-06,0.9997848464631657
0.24974501131930948,0.039549976580523186,2.449750655293489e-05,2.682208746671703e-07,6.794928824901648e-06,5.1259989380836994e-06,0.9999891711650233
0.2643586993108003,0.041945010416477815,1.3649462288618223e-05,2.086162358522436e-07,6.8247311443091115e-06,9.566544529795742e-06,0.9999879790722469
0.2704668640978399,0.04308038949228743,1.1652706888318178e-05,1.7881391644478022e-07,8.1360331982375e-06,1.2308357915282372e-05,0.9999865485609154
0.2668078541645197,0.04102024435294598,1.433491563498988e-05,1.7881391644478022e-07,6.556510269641941e-06,8.67247494757184e-06,0.9999878598629693
0.2655586600193688,0.03993058203967127,1.600384552180783e-05,1.7881391644478022e-07,5.1259989380836994e-06,7.003545060753892e-06,0.9999882174908022
0.2621553540121245,0.03884381055166767,1.874565890729446e-05,1.7881391644478022e-07,3.874301522970238e-06,5.543231409788187e-06,0.9999888135371904
0.2582468390357848,0.03782448171921587,2.202391404211543e-05,2.086162358522436e-07,2.8908249825239467e-06,4.351138633489652e-06,0.9999894095835785
0.25705200432666686,0.03751760720564232,2.3484227693081136e-05,2.086162358522436e-07,2.324580913782143e-06,3.9637084811926284e-06,0.9999894095835785
0.2549650668992325,0.03702461718878948,2.5600192371011033e-05,2.086162358522436e-07,1.9073484420776557e-06,3.4272667318582874e-06,0.9999895287928562
0.2536415457620498,0.036687701934254274,2.7179715299606593e-05,2.086162358522436e-07,1.6391275674104854e-06,3.069638898968727e-06,0.9999895287928562
0.25597196816338147,0.03709912299474596,2.5629994690418497e-05,2.3841855525970696e-07,1.6391275674104854e-06,3.367662093043361e-06,0.9999886943279127
0.5146080851341783,0.3587117492538378,0.999999542372177,7.748603045940476e-07,8.940695822239011e-08,8.940695822239011e-08,3.6060806483030677e-06
0.6365193128322247,0.4358723758904817,0.9999999000000099,0.0,3.278255134820971e-07,0.0,0.0
0.5991488098850112,0.3402290939702137,0.9999999000000099,0.0,3.5762783288956044e-07,0.0,8.940695822239011e-08
0.5597290396458597,0.33034050458973535,0.9999999000000099,0.0,1.7881391644478022e-07,0.0,0.0
0.5827879905459364,0.33743697399083344,0.9999999000000099,0.0,1.1920927762985348e-07,0.0,2.980231940746337e-08
0.5799367427585789,0.3355535268208984,0.9999999000000099,0.0,1.7881391644478022e-07,0.0,0.0
0.5827410816905001,0.33525997394542983,0.9999999000000099,0.0,1.1920927762985348e-07,0.0,8.940695822239011e-08
0.5839968323465761,0.3353344797513863,0.9999999000000099,0.0,5.960463881492674e-08,0.0,2.980231940746337e-08
0.5848255753274988,0.3371473550219194,0.9999999000000099,0.0,5.960463881492674e-08,0.0,2.980231940746337e-08
0.5878655910248521,0.3373848795313087,0.9999999000000099,0.0,5.960463881492674e-08,0.0,0.0
0.5928249358885384,0.33879405254284717,0.9999999000000099,0.0,1.7881391644478022e-07,0.0,2.980231940746337e-08
0.5949983596555383,0.34121432894585985,0.9999999000000099,0.0,8.940695822239011e-08,0.0,0.0
0.1212501823851923,0.031458497042037514,0.00012406705569327,8.568166829645719e-05,2.682208746671703e-07,1.1920927762985348e-07,0.9998693658410053
0.21824145316173948,0.041056960814121336,7.641314696073608e-05,5.364417493343406e-07,4.4703479111195056e-07,3.0994412183761904e-06,0.9999951316289047
0.25119569896611527,0.04595002531218484,2.0563600391149726e-05,2.086162358522436e-07,2.175569316744826e-06,1.3202427497506273e-05,0.9999907804902712
0.26100414990298026,0.04388368128978782,1.7493961492181e-05,1.7881391644478022e-07,4.917382702231456e-06,1.3291834455728662e-05,0.9999904824670772
0.2640012502560971,0.04120805858860108,1.7732380047440704e-05,2.086162358522436e-07,5.602836048603113e-06,9.983777001500229e-06,0.9999906016763548
0.2624945044408824,0.039601713412179364,1.9758937767148216e-05,1.1920927762985348e-07,4.678964146971749e-06,7.390975213050916e-06,0.9999908996995489
0.26024514435644186,0.03863209485346173,2.1785495486855723e-05,2.086162358522436e-07,3.635882967710531e-06,5.930661562085211e-06,0.9999909593041877
0.26148954032768856,0.038651287549076124,2.1308658376336308e-05,1.7881391644478022e-07,3.397464412450824e-06,5.722045326232967e-06,0.9999902440485219
0.2615121006857351,0.038389623158556964,2.1725890848040795e-05,2.3841855525970696e-07,3.039836579561264e-06,5.334615173935943e-06,0.999989886420689
0.2619962096105808,0.03818953036608024,2.166628620922587e-05,1.1920927762985348e-07,2.8312203437090202e-06,5.096196618676236e-06,0.9999894095835785
0.2635226845632153,0.03823333977998265,2.089142590463182e-05,1.1920927762985348e-07,2.7716157048940933e-06,5.096196618676236e-06,0.9999886943279127
0.2623646259199222,0.03771245478937971,2.2083518680930358e-05,2.086162358522436e-07,2.5033948302269232e-06,4.529952549934432e-06,0.9999887539325515
0.12773516773648627,0.11638301608953769,0.00021114943300187797,0.0,0.0008125006340056739,0.9999284936427096,0.0
0.031890183685889584,0.12500888107066563,6.407498672604624e-06,2.1159646779298993e-06,0.45044173266197296,0.0016900597312778402,9.793042157292463e-05
0.08783951401346786,0.03559666871414996,3.874301522970238e-07,2.980231940746337e-06,0.017682401557794387,3.8355585077405355e-05,0.7684832042872386
0.21893623470353504,0.04032164811397564,5.21540589630609e-06,5.66244068741804e-07,3.910064306259194e-05,4.380940952897116e-06,0.9997124864316443
0.23946207760772967,0.0319632291739091,2.5838610926270743e-05,4.172324717044872e-07,1.6093252480030219e-06,5.66244068741804e-07,0.9999741507960419
0.22023212908786555,0.029558032746022,4.6908850747347345e-05,5.66244068741804e-07,3.278255134820971e-07,1.7881391644478022e-07,0.9999871446073035
0.19499728082803094,0.028256833548475645,6.84261253595359e-05,9.238719016313645e-07,2.086162358522436e-07,1.7881391644478022e-07,0.9999922706062416
0.12962463497578794,0.024705857034267413,4.062056135237257e-05,7.450579851865842e-06,0.0,0.0,0.999997277395902
0.0863643884623052,0.02616709470300829,9.566544529795742e-06,0.0001199245332956326,0.0,0.0,0.9999981118608455
0.11662539839261649,0.06364041565759007,3.3378597736358976e-06,0.0023121235442698234,0.0,0.0,0.9999528123353462
0.3083339035383343,0.1563041209906913,0.0,0.9936428268518427,0.0,4.500150230526969e-06,0.8883112972772687
0.2241877019312534,0.510055541904848,0.0,0.9999990655350666,0.0,0.0006312727296888891,0.010359077609798414
0.09561616181931346,0.021014899011828146,8.642672628164378e-07,1.4007090121507783e-06,0.9962439732897261,4.0024514964223304e-05,0.0003571807980984485
0.051993638274900895,0.027718722815535564,4.470347911119505e-06,1.7285345256328755e-06,0.9999023868109087,3.3378597736358976e-06,5.1677221852541485e-05
0.08571821450832194,0.0358242988525082,3.0100342601538e-06,1.5795229285955586e-06,0.9999904824670772,6.288289394974771e-06,9.626149168610668e-06
0.06238231062630788,0.03732067345933815,3.2782551348209707e-06,3.039836579561264e-06,0.9999852372588615,8.22544015645989e-06,1.788139164447802e-05
0.0366704165920332,0.041816413395396934,1.2814997345209249e-06,1.8060205560922803e-05,0.9997672034900764,2.688169210553196e-05,0.00018113849735856236
0.03379502892354264,0.05231645702419893,2.9802319407463367e-07,6.228684756159844e-05,0.9885488952094414,0.00014260409836471221,0.003817230081304946
0.05147129297043339,0.053464740505600204,5.960463881492674e-08,4.1544433254003936e-05,0.565455678184199,0.00027075407181680473,0.06914763951239059
0.09499958157145996,0.04784420131817763,2.3841855525970696e-07,1.0013579320907693e-05,0.008106171274191222,6.699561402797765e-05,0.8446094741213585
0.2136125862509967,0.040978401892320826,5.48362677097326e-06,1.0132788598537545e-06,1.2516974151134616e-05,2.175569316744826e-06,0.9997582627942542
0.21538072823586307,0.03062361478281158,3.573298096954858e-05,7.748603045940476e-07,5.066394299268773e-07,1.7881391644478022e-07,0.9999794556088965
0.1925238072792442,0.028726875777093888,5.3316349419951966e-05,1.2218950957059981e-06,1.1920927762985348e-07,1.1920927762985348e-07,0.9999901248392443
0.1934567093769076,0.03044229745343589,6.818770680427619e-05,1.0132788598537545e-06,1.4901159703731684e-07,1.1920927762985348e-07,0.9999911977227429
0.0849520266020884,0.03378739952462518,0.00032863017610609857,0.0014919339118570237,0.0,0.0,0.9990276887362997
0.22482722996734447,0.10374477503907424,5.8144325163961035e-05,7.748603045940476e-07,0.0,0.00018987057694494914,0.9999510241961816
0.2343170344732534,0.07165879009927124,1.4185904037952563e-05,3.5762783288956044e-07,3.278255134820971e-07,7.286667095124793e-05,0.9999758197259287
0.2576510906112795,0.04688507317693867,1.8626449629664607e-05,2.086162358522436e-07,2.2947785943746796e-06,1.4513729551434662e-05,0.9999860717238048
0.26500618456696856,0.04044046997331504,1.8447635713219826e-05,1.1920927762985348e-07,3.695487606525458e-06,7.77840536534794e-06,0.9999884559093575
0.26915612815696094,0.03932464122098841,1.7493961492181e-05,1.1920927762985348e-07,3.993510800600092e-06,7.063149699568818e-06,0.9999879790722469
0.26616740225643465,0.038143247359420075,1.9788740086555676e-05,1.4901159703731684e-07,3.397464412450824e-06,5.513429090380723e-06,0.9999886943279127
0.260499179352464,0.03684201835955134,2.4020669442415477e-05,1.7881391644478022e-07,2.4735925108194595e-06,3.874301522970238e-06,0.9999895287928562
0.25327351688289934,0.035631567233659976,2.980231940746337e-05,2.086162358522436e-07,1.5795229285955586e-06,2.592801788449313e-06,0.9999904228624383
0.25038367508805137,0.03548485040057048,3.209709800183805e-05,2.3841855525970696e-07,1.2218950957059981e-06,2.3841855525970694e-06,0.9999902440485219
0.2492312192813669,0.035580933087931955,3.3050772222876875e-05,2.3841855525970696e-07,1.1026858180761447e-06,2.2947785943746796e-06,0.9999900056299666
0.24959620832363388,0.03576853870733037,3.2514330473542534e-05,2.086162358522436e-07,1.0132788598537545e-06,2.2351739555597527e-06,0.9999896480021337
0.18304130434231997,0.624922573459428,2.8014180243015566e-06,0.9999999000000099,5.960463881492674e-08,0.0,0.0
0.18208369611939818,0.5080480574691567,5.960463881492674e-08,0.9999999000000099,0.0,1.9937751683592993e-05,8.940695822239011e-08
0.1809603273793629,0.5918240546166765,8.940695822239011e-08,0.9999999000000099,0.0,1.2934206622839103e-05,8.940695822239011e-08
0.17766931652287077,0.6418907641265359,0.0,0.9999999000000099,0.0,1.0728834986686813e-05,0.0
0.18263781069952967,0.6493904589494705,8.940695822239011e-08,0.9999999000000099,0.0,1.0162590917945008e-05,8.940695822239011e-08
0.18662300705136964,0.6503382324058816,8.940695822239011e-08,0.9999999000000099,0.0,1.007318395972262e-05,2.980231940746337e-08
0.18925642966440454,0.6503807305175993,2.980231940746337e-08,0.9999999000000099,0.0,1.0460614112019642e-05,8.940695822239011e-08
0.1911332905213367,0.6496140359719846,2.980231940746337e-08,0.9999999000000099,0.0,1.1295079055428617e-05,8.940695822239011e-08
0.19256353377498536,0.6482336520038677,5.960463881492674e-08,0.9999999000000099,0.0,1.2308357915282372e-05,1.1920927762985348e-07
0.1936988234439752,0.6465144156302608,1.4901159703731684e-07,0.9999999000000099,0.0,1.3500450691580906e-05,8.940695822239011e-08
0.19464954733042572,0.6446808575479942,5.960463881492674e-08,0.9999999000000099,0.0,1.5079973620176466e-05,5.960463881492674e-08
0.19551631807471356,0.642511367687831,2.980231940746337e-08,0.9999999000000099,0.0,1.6689298868179488e-05,8.940695822239011e-08
0.332714855657152,0.032539546484143665,1.1682509207725642e-05,2.682208746671703e-07,0.003732740505784787,2.971291244924098e-05,0.9978224233348231
0.2605811953436716,0.042352110140224025,1.0251997876167399e-05,2.3841855525970696e-07,4.9471850216389196e-05,7.539986810088233e-06,0.9999642564259986
0.25429531930824156,0.03819242119135135,1.4424322593212271e-05,2.682208746671703e-07,7.808207684755402e-06,3.6060806483030677e-06,0.9999835683289746
0.2606863975416958,0.0403670966556091,1.290440430343164e-05,2.682208746671703e-07,5.155801257491163e-06,5.30481285452848e-06,0.9999836279336135
0.2551169991387587,0.039135575287793246,1.722574061751383e-05,2.9802319407463367e-07,3.397464412450824e-06,4.053115439415018e-06,0.9999863101423602
0.24638178943567496,0.03689068555200211,2.4646518149972206e-05,2.682208746671703e-07,1.8775461226701922e-06,2.5331971496343865e-06,0.9999890519557456
0.2145569324404565,0.03137764334141355,5.626677904129084e-05,4.768371105194139e-07,4.768371105194139e-07,5.66244068741804e-07,0.9999941183500449
0.16694092749858053,0.026859641070534963,8.174776213467202e-05,1.4603136509657052e-06,5.960463881492674e-08,1.7881391644478022e-07,0.9999972177912633
0.09460362791623343,0.024134367700258827,2.008676328063031e-05,3.489851602613961e-05,0.0,0.0,0.9999989463257889
0.08291542529716481,0.029450446362220842,1.1354683694243543e-05,0.00016731022115349934,0.0,0.0,0.9999984098840395
0.16967090963614753,0.10883480308576429,5.960463881492673e-07,0.04321842953512116,0.0,1.1920927762985348e-07,0.999714870617197
0.32238468526458963,0.18814170357343538,0.0,0.9998233510598401,0.0,1.987814704477807e-05,0.623409685736424
0.17086634039171325,0.14153179523905518,0.0001247227067202342,2.980231940746337e-08,0.0002474784603595758,0.9999948336057106,5.960463881492674e-08
0.15854045748054152,0.1206102669032517,2.8103587201237956e-05,0.0,2.9683110129833516e-05,0.9999936415129344,2.980231940746337e-08
0.14690378307687907,0.11985760925147934,3.1948086404800733e-05,0.0,2.1785495486855723e-05,0.9999920917923252,5.960463881492674e-08
0.11295077204236581,0.11529150603227525,6.315111482441487e-05,0.0,3.150105161368878e-05,0.9999786807485919,0.0
0.026322931050164297,0.13440853355013518,0.00016546247735023663,5.960463881492674e-08,3.859400363266506e-05,0.9996566964897136,2.086162358522436e-07
0.06647461652480481,0.13846924898637525,5.990266200900137e-06,3.5762783288956044e-07,0.23054108698464862,0.08491083130498314,9.238719016313645e-07
0.08279773592606067,0.020550042387304474,1.6272066396475e-05,5.960463881492674e-08,0.9993359043236116,1.1920927762985347e-06,7.450579851865842e-06
0.07252341508565054,0.017073720690664637,1.5079973620176466e-05,2.3841855525970696e-07,0.999961872240446,5.66244068741804e-07,8.58306798934945e-06
0.029976755379389222,0.036534994834365876,3.904103842377701e-06,1.2934206622839103e-05,0.9993962242180924,2.7537343132496152e-05,0.0008853673049569218
0.037327051161174095,0.05150032042575165,6.258487075567308e-07,3.761052709221877e-05,0.9444627413424526,0.00022378561643064245,0.026690599633491303
0.060852020976407864,0.04825812577374945,2.9802319407463367e-07,1.8060205560922803e-05,0.1580531141061113,0.0002644955847412374,0.34482270011207505
0.11098253726499675,0.04287031292181254,8.344649434089744e-07,3.933906161785165e-06,0.0014188884269893311,4.869698991179514e-05,0.9721020680119611
0.3156767487395225,0.04130983351953763,2.8908249825239467e-06,2.980231940746337e-08,0.9998938037429194,3.367662093043361e-05,2.980231940746337e-08
0.27784425019067405,0.03570580481871501,3.969668945074121e-05,0.0,0.9999996615814547,7.152556657791209e-07,0.0
0.30375748871499164,0.04381811618054612,1.4901159703731685e-05,0.0,0.9999997807907323,1.9669530808925826e-06,0.0
0.27865985034742435,0.038400441401581845,4.139542165696662e-05,0.0,0.9999997807907323,8.642672628164378e-07,0.0
0.25959554313538413,0.0344084799230784,6.961821813583444e-05,0.0,0.9999999000000099,5.066394299268773e-07,0.0
0.24072962998347064,0.03203377127098869,9.879468883574107e-05,0.0,0.9999997807907323,3.278255134820971e-07,5.960463881492674e-08
0.23278397320737143,0.03262633084692177,0.00010287760659456356,0.0,0.9999999000000099,3.874301522970238e-07,2.980231940746337e-08
0.2334693372152929,0.034427791827982314,0.00010284780427515609,0.0,0.9999999000000099,4.768371105194139e-07,2.980231940746337e-08
0.2454091906445928,0.03746098279311539,9.46223641186962e-05,0.0,0.9999997807907323,5.960463881492673e-07,2.980231940746337e-08
0.2522148191824427,0.03770437836001402,8.988379533290952e-05,0.0,0.9999999000000099,6.854533463716575e-07,0.0
0.25137871502789055,0.03639972209307129,9.18507484138021e-05,0.0,0.9999999000000099,6.258487075567308e-07,0.0
0.25903898476481696,0.037953555577454876,7.998942528963169e-05,0.0,0.9999999000000099,7.152556657791209e-07,0.0
0.09593516587813813,0.02089455723404724,8.344649434089744e-07,1.6093252480030219e-06,0.9917251072026113,4.661082755327271e-05,0.001186907172721636
0.2596667706858878,0.05038493870826075,1.7821787005663097e-05,2.980231940746337e-08,0.9999997807907323,7.390975213050916e-06,8.940695822239011e-08
0.3341991603236097,0.05285412072230328,8.67247494757184e-06,8.940695822239011e-08,0.9999997807907323,8.493661031127061e-06,0.0
0.303221791970095,0.04238444566000914,2.0056960961222846e-05,0.0,0.9999997211860935,2.1457669973373625e-06,0.0
0.29235035179834973,0.039188623421634254,2.8759238228202153e-05,0.0,0.9999997807907323,1.2516974151134616e-06,0.0
0.2821750044705851,0.037836194031912226,4.503130462467715e-05,0.0,0.9999997807907323,9.238719016313645e-07,0.0
0.27242010830704855,0.036408394568884624,6.470083543360298e-05,0.0,0.9999997807907323,7.152556657791209e-07,0.0
0.27814158796112376,0.03861543535524986,5.584954656958636e-05,0.0,0.9999997807907323,8.940695822239011e-07,0.0
0.28729736803772526,0.04048445820115174,4.1961665725708426e-05,0.0,0.9999997807907323,1.2814997345209249e-06,0.0
0.29367375372624294,0.04112768172513523,3.272294670939478e-05,0.0,0.9999997211860935,1.5497206091880952e-06,0.0
0.29018366335620926,0.039869159453240745,3.659724823236502e-05,0.0,0.9999997807907323,1.2814997345209249e-06,0.0
0.2808133959653924,0.037792861455167935,5.1200384742022066e-05,0.0,0.9999998403953712,9.238719016313645e-07,0.0
0.32527568935001067,0.04320836066459828,2.8312203437090202e-06,8.940695822239011e-08,0.9998821212337117,3.8892026826739695e-05,5.960463881492674e-08
0.07663559913317923,0.014871865508393966,1.645088031291978e-05,1.4901159703731684e-07,0.9999816609805325,1.7881391644478022e-07,1.1920927762985347e-06
0.11899143456920003,0.02750080823427405,1.0758637306094277e-05,1.7881391644478022e-07,0.9999994231628994,8.344649434089744e-07,7.152556657791209e-07
0.09683439135150483,0.03345948457144952,1.0490416431427107e-05,4.4703479111195056e-07,0.9999991251397053,1.996755400300046e-06,1.847743803262729e-06
0.03543308377119209,0.040338337414509894,1.5795229285955586e-06,1.4960764342546611e-05,0.9998888565578977,2.0325181835890017e-05,0.00015622375833392299
0.03699630498732915,0.057464957227403635,2.3841855525970696e-07,7.072090395391057e-05,0.980479499997399,0.000206649282771351,0.008516042573002066
0.06577843427385707,0.05515146254548777,1.1920927762985348e-07,3.156065625250371e-05,0.21377829559681033,0.0002486407508164669,0.24412280860125368
0.13543173670207945,0.04776987432615545,4.4703479111195056e-07,4.7385687857866755e-06,0.0008170007842362008,2.5898215565085667e-05,0.9820772023408332
0.2335802614592153,0.0408985018660131,5.930661562085211e-06,7.748603045940476e-07,6.943940421938965e-06,1.8179414838552655e-06,0.9998603059359054
0.23907408117258033,0.034482300275620076,1.8417833393812362e-05,5.66244068741804e-07,1.3113020539283883e-06,5.66244068741804e-07,0.9999656869373301
0.240134477605413,0.034460276359379344,2.2858378985524404e-05,5.066394299268773e-07,7.748603045940476e-07,6.556510269641942e-07,0.9999749852609853
0.24339494108145904,0.03531533479085829,2.4974343663454304e-05,4.172324717044872e-07,6.258487075567308e-07,1.0132788598537545e-06,0.999978323120759
0.18891280888728862,0.15067413446707345,0.00010588764085471735,5.960463881492674e-08,0.00018507240352034753,0.9999973966051797,8.940695822239011e-08
0.04209941625420768,0.13283485171904477,0.0001591443856358544,0.0,4.5835967248678664e-05,0.9998275233845572,2.980231940746337e-08
0.08457025885231784,0.08625665305567966,0.00014388559809923315,0.0,0.00035476681022644395,0.9997463418664913,0.0
0.05863028764481956,0.11387345192866676,0.0002742707455068854,0.0,0.000623553928962356,0.9983062341880838,1.1920927762985348e-07
0.07240563630757924,0.07485070823341401,0.0003666579356700218,0.0,0.19281972506655348,0.6231004568702522,2.980231940746337e-08
0.2582590579879633,0.03618618845320001,4.0382142797112866e-05,0.0,0.9999382688034752,6.139277797937454e-06,8.940695822239011e-08
0.20582035183054298,0.01940760016109019,0.00019714234288037018,0.0,0.9999988867211501,1.1920927762985348e-07,1.1920927762985348e-07
0.19720277189391863,0.02494403719474909,0.00022995469654798735,0.0,0.9999997807907323,3.278255134820971e-07,2.9802319407463367e-07
0.19523078202392888,0.028682827944612417,0.00024899837864935645,0.0,0.9999996615814547,4.4703479111195056e-07,1.1920927762985348e-07
0.20498678087339367,0.031339347357151916,0.00025835630694329994,0.0,0.9999997807907323,6.854533463716575e-07,1.4901159703731684e-07
0.212391942730692,0.03181320428303513,0.0002793371398061542,0.0,0.9999997807907323,5.960463881492673e-07,1.7881391644478022e-07
0.2142885923296888,0.031093567604462677,0.0002910196490138798,0.0,0.9999997807907323,6.258487075567308e-07,1.7881391644478022e-07
0.3437314629412417,0.048049360505459396,2.5629994690418497e-06,0.0,0.999834675941215,5.8263534441590885e-05,0.0
0.19589737056874684,0.021939009424267564,9.697674735188581e-05,0.0,0.9999994231628994,2.3841855525970696e-07,2.980231940746337e-08
0.2525705695047699,0.03987109660419562,5.85019529968506e-05,0.0,0.9999999000000099,8.046626240015109e-07,0.0
0.2568266689671028,0.03899639844226654,8.535384278297509e-05,0.0,0.9999997807907323,7.152556657791209e-07,0.0
0.24058395623164563,0.03347301482581121,0.00010207294397056204,0.0,0.9999997807907323,4.172324717044872e-07,0.0
0.2192090451626607,0.0301825702138716,0.000109016884392501,0.0,0.9999997807907323,2.682208746671703e-07,0.0
0.19749307631628515,0.028616338963376856,9.6410503283144e-05,0.0,0.9999997807907323,3.5762783288956044e-07,2.980231940746337e-08
0.1755439639018803,0.027908682818402204,7.59959144890316e-05,0.0,0.9999998403953712,3.5762783288956044e-07,8.940695822239011e-08
0.1507804095682652,0.027117401356822002,5.2213663601875825e-05,0.0,0.9999997807907323,3.278255134820971e-07,1.7881391644478022e-07
0.12745767831274593,0.027680665249852993,3.141164465546639e-05,8.940695822239011e-08,0.9999997807907323,5.960463881492673e-07,3.5762783288956044e-07
0.10365995764303128,0.030233710999080128,1.603364784121529e-05,2.682208746671703e-07,0.9999994231628994,1.132488137483608e-06,1.2516974151134616e-06
0.06736803054530614,0.03435093163855761,5.602836048603113e-06,1.6093252480030219e-06,0.99999537004746,4.202127036452335e-06,9.268521335721107e-06
0.18329089879230656,0.6306049822681169,3.069638898968727e-06,0.9999999000000099,8.940695822239011e-08,2.980231940746337e-08,0.0
0.18145424126827372,0.5030992626282377,2.980231940746337e-08,0.9999999000000099,0.0,2.0384786474704945e-05,0.0
0.18107402323926727,0.5875478385872879,0.0,0.9999999000000099,0.0,1.3381241413951053e-05,8.940695822239011e-08
0.17735809087018894,0.638758659253415,0.0,0.9999999000000099,0.0,1.0997055861353983e-05,1.1920927762985348e-07
0.18225985764702457,0.6462274788703612,0.0,0.9999999000000099,0.0,1.034140483438979e-05,8.940695822239011e-08
0.18616071342651086,0.647525131591544,1.1920927762985348e-07,0.9999999000000099,0.0,1.0251997876167399e-05,2.980231940746337e-08
0.1887924969118145,0.6476179360234434,8.940695822239011e-08,0.9999999000000099,0.0,1.069903266727935e-05,8.940695822239011e-08
0.19067397712871656,0.6468222140158282,1.1920927762985348e-07,0.9999999000000099,0.0,1.1295079055428617e-05,2.980231940746337e-08
0.1920884251515004,0.6456402539101346,0.0,0.9999999000000099,0.0,1.2308357915282372e-05,2.980231940746337e-08
0.19322618841324832,0.6441489456981098,0.0,0.9999999000000099,0.0,1.353025301098837e-05,0.0
0.1941961049953157,0.6424757837149062,1.1920927762985348e-07,0.9999999000000099,0.0,1.5020368981361538e-05,2.980231940746337e-08
0.19507560133126256,0.6405395268297093,2.980231940746337e-08,0.9999999000000099,0.0,1.6599891909957096e-05,5.960463881492674e-08
0.1458202898441969,0.02504509686994846,1.6689298868179488e-06,2.9802319407463367e-07,0.9996705247659187,2.2053716361522894e-05,5.30481285452848e-06
0.07657295465152289,0.018563836809794242,1.1950730082392812e-05,1.4901159703731684e-07,0.9999897672114114,2.682208746671703e-07,2.086162358522436e-06
0.14650645851482277,0.03278949856196646,1.2427567192912226e-05,1.1920927762985348e-07,0.9999996615814547,1.2814997345209249e-06,3.5762783288956044e-07
0.1494490206179724,0.03406581282032335,3.1381842336058926e-05,8.940695822239011e-08,0.9999998403953712,9.536742210388278e-07,2.682208746671703e-07
0.11015373467942925,0.02813407778258175,2.0444391113519873e-05,1.1920927762985348e-07,0.9999996615814547,7.152556657791209e-07,7.152556657791209e-07
0.04123455285855258,0.03691300749146667,2.5033948302269232e-06,7.271765935421062e-06,0.9999646140538315,1.1265276736021154e-05,6.780027665197917e-05
0.03386852145054765,0.055840909471486656,3.278255134820971e-07,6.967782277464936e-05,0.9936433036889533,0.00015574692122340356,0.003857463212505021
0.05549433827170418,0.057084172954321256,8.940695822239011e-08,4.5865769568086125e-05,0.5392959770686322,0.000333160128656033,0.09156905689076276
0.09333103894800915,0.04948008059608049,1.7881391644478022e-07,1.2427567192912226e-05,0.010081111376685005,8.80360515296468e-05,0.7836522272378046
0.1974035799421586,0.0447326898498231,2.1159646779298993e-06,1.4603136509657052e-06,4.029273583889048e-05,5.811452284455357e-06,0.9991355135279159
0.23571181296326216,0.03527399896971364,1.6331671035289926e-05,6.258487075567308e-07,1.7285345256328755e-06,5.66244068741804e-07,0.9999559117765645
0.2179970443158481,0.03093218802876094,3.600120184421575e-05,7.748603045940476e-07,3.5762783288956044e-07,2.086162358522436e-07,0.999982495445476
0.24663078783921383,0.033952146762756145,4.467367679178759e-05,3.5166736900806776e-06,2.1308658376336308e-05,2.8014180243015566e-06,0.9998033239011983
0.3186947107183099,0.053619593372700156,3.367662093043361e-06,1.1920927762985348e-07,4.979967572987129e-05,9.56058406591425e-05,0.9999573422878961
0.28879022597070786,0.04766196011680808,3.6060806483030677e-06,1.1920927762985348e-07,6.341933569908205e-05,4.6849246108532416e-05,0.9999630643332224
0.2921338677285345,0.04558780788594682,3.933906161785165e-06,1.4901159703731684e-07,5.316733782291465e-05,3.519653922021424e-05,0.9999646736584703
0.2907692789911032,0.044382631771117176,4.053115439415018e-06,1.1920927762985348e-07,4.810094352364588e-05,3.09944121837619e-05,0.9999619318450849
0.2856372296691874,0.042686045162520975,5.543231409788187e-06,1.4901159703731684e-07,3.0487772753835027e-05,2.0056960961222846e-05,0.9999691440063815
0.2858018576980502,0.04151132702116634,6.496905630827015e-06,1.4901159703731684e-07,2.166628620922587e-05,1.582503160536305e-05,0.9999719454244057
0.2830957174183924,0.04037967323565455,8.1360331982375e-06,1.1920927762985348e-07,1.4781950426101832e-05,1.1682509207725642e-05,0.9999757601212899
0.2756690680866534,0.038395404809099185,1.2218950957059982e-05,1.4901159703731684e-07,8.016823920607646e-06,6.794928824901648e-06,0.9999817801898102
0.2610478103052764,0.0355072319446798,2.2143123319745282e-05,2.086162358522436e-07,3.2186504960060438e-06,3.039836579561264e-06,0.9999873830258588
0.2456004619496691,0.03335201739693789,3.573298096954858e-05,1.7881391644478022e-07,1.370906692743315e-06,1.4603136509657052e-06,0.999990542071716
0.23277541994084652,0.03226962685032453,4.9114222383499634e-05,2.9802319407463367e-07,6.556510269641942e-07,9.238719016313645e-07,0.9999920917923252
0.14508539437646914,0.031742244953442175,8.845328400135129e-05,4.062056135237257e-05,7.748603045940476e-07,2.086162358522436e-07,0.9998730613286118
0.47374832628195784,0.06688365339087567,1.4007090121507783e-06,0.0,5.254148911535792e-05,0.0010005234671473602,0.9994445039755324
0.12314397096124,0.034761101001509226,5.960463881492674e-08,6.556510269641942e-07,0.13548015193355217,0.0007915198011428196,0.6264939873765412
0.17970350383968106,0.03621441125249633,8.493661031127061e-06,1.7881391644478022e-07,0.9999565078229526,1.2427567192912226e-05,1.996755400300046e-06
0.33608922360935906,0.053202152243087185,4.2110677322745743e-05,5.960463881492674e-08,0.9999994827675383,1.2516974151134616e-05,8.940695822239011e-08
0.3502732515190043,0.04216921328776206,1.5348194494843634e-05,5.960463881492674e-08,0.9999982310701231,1.6599891909957096e-05,0.0
0.3586723208278911,0.05194023250644109,9.357928293943498e-06,2.980231940746337e-08,0.999991793769131,6.6310160681606e-05,0.0
0.36096656320984566,0.06235787271385522,5.155801257491163e-06,8.940695822239011e-08,0.9999119235531191,0.0006668865013808079,0.0
0.2634221315274834,0.08064621685554478,1.5437601453066027e-05,8.940695822239011e-08,0.9888342822200873,0.12223397463115575,0.0
0.10475587844414862,0.08895397184756092,0.0004758834362983751,0.0,0.007120399955150555,0.999799866832147,0.0
0.16739735006592918,0.11646321413906925,5.057453603446534e-05,0.0,3.919005002081433e-05,0.9999959660938481,2.980231940746337e-08
0.20129424332738874,0.13280886409392717,2.1427867653966164e-05,0.0,7.808207684755402e-06,0.999998588697956,2.086162358522436e-07
0.36742293833164863,0.06488600372157051,1.847743803262729e-06,1.1920927762985348e-07,0.9992869093105058,0.0002553164703637387,0.0
0.15685367583579019,0.020316630598404013,8.156894821822725e-05,0.0,0.999998290674762,2.3841855525970696e-07,1.4901159703731684e-07
0.19665411113878387,0.02963897585361312,5.1677221852541485e-05,0.0,0.9999998403953712,3.874301522970238e-07,0.0
0.20889744161694512,0.03614220022536331,9.828804940581419e-05,0.0,0.9999999000000099,6.258487075567308e-07,1.1920927762985348e-07
0.17910534142706241,0.02825179695599299,8.43703662425288e-05,0.0,0.9999997807907323,3.278255134820971e-07,8.940695822239011e-08
0.13429781793991938,0.02381509542057412,4.291533994674725e-05,2.980231940746337e-08,0.9999997807907323,2.682208746671703e-07,2.086162358522436e-07
0.0690928101511002,0.029013901943960634,9.655951488018132e-06,7.748603045940476e-07,0.9999973966051797,1.7583368450403388e-06,5.602836048603113e-06
0.03223374485836071,0.05166453122207973,6.258487075567308e-07,4.804133888483095e-05,0.9981715873090009,0.00010126828134656053,0.0023590919996559854
0.05961760878316064,0.060663163651569124,1.1920927762985348e-07,4.082917758822482e-05,0.5282818146759384,0.00032523271169364776,0.17855952384631812
0.14514321088189888,0.04797852038515597,7.748603045940476e-07,3.993510800600092e-06,0.0006347894033789697,1.8984077462554166e-05,0.9911173187006155
0.22781333326350073,0.03566923736915157,1.654028727114217e-05,7.748603045940476e-07,1.937150761485119e-06,5.066394299268773e-07,0.9999478055456857
0.20535033940418612,0.029809564346931078,4.139542165696662e-05,1.0132788598537545e-06,2.086162358522436e-07,1.4901159703731684e-07,0.9999851776542227
0.5165663361335479,0.3595785498003355,0.9999996615814547,8.344649434089744e-07,8.940695822239011e-08,2.980231940746337e-08,3.6060806483030677e-06
0.6154213547451772,0.44183203570429586,0.9999999000000099,0.0,2.086162358522436e-07,0.0,2.980231940746337e-08
0.5914618968718712,0.346210032642209,0.9999999000000099,0.0,2.9802319407463367e-07,0.0,8.940695822239011e-08
0.551288485504211,0.33860075467987366,0.9999999000000099,0.0,1.4901159703731684e-07,0.0,1.4901159703731684e-07
0.5752892493963446,0.3444176911717975,0.9999999000000099,0.0,5.960463881492674e-08,0.0,0.0
0.5626334547763547,0.3455346822146971,0.9999999000000099,0.0,5.960463881492674e-08,0.0,5.960463881492674e-08
0.567504584765777,0.34042453760039876,0.9999999000000099,0.0,5.960463881492674e-08,0.0,0.0
0.562132298923104,0.3440304397947581,0.9999999000000099,0.0,5.960463881492674e-08,0.0,5.960463881492674e-08
0.5679296850922975,0.34009006613629894,0.9999999000000099,0.0,1.4901159703731684e-07,0.0,2.980231940746337e-08
0.5632439851527637,0.34340277308305833,0.9999999000000099,0.0,1.4901159703731684e-07,0.0,2.980231940746337e-08
0.5647470950846473,0.34202009433611796,0.9999999000000099,0.0,8.940695822239011e-08,0.0,1.1920927762985348e-07
0.5557207464941702,0.34729191654934183,0.9999999000000099,0.0,8.940695822239011e-08,0.0,0.0
0.6637672185622976,0.40337282412297554,0.9999996615814547,2.8014180243015566e-06,1.4901159703731684e-07,3.874301522970238e-07,2.0056960961222846e-05
0.5287296175737791,0.45307815067162366,0.9999999000000099,0.0,2.682208746671703e-07,0.0,1.7881391644478022e-07
0.5817939638850583,0.30851513142071263,0.9999999000000099,0.0,1.4901159703731684e-07,0.0,2.980231940746337e-08
0.5417121648564142,0.3429005443462669,0.9999999000000099,0.0,0.0,0.0,2.980231940746337e-08
0.5785042643307512,0.3282559513483626,0.9999999000000099,0.0,1.4901159703731684e-07,0.0,0.0
0.5774850845097791,0.3397018312826209,0.9999999000000099,0.0,5.960463881492674e-08,0.0,8.940695822239011e-08
0.5853162407632695,0.33331382268920184,0.9999999000000099,0.0,5.960463881492674e-08,0.0,8.940695822239011e-08
0.5894972681755108,0.3380581735985762,0.9999999000000099,0.0,2.086162358522436e-07,0.0,2.980231940746337e-08
0.5881884693855871,0.3422346710572726,0.9999999000000099,0.0,1.1920927762985348e-07,0.0,8.940695822239011e-08
0.5895189642662082,0.34419727319545584,0.9999999000000099,0.0,1.7881391644478022e-07,0.0,2.980231940746337e-08
0.5924170613043572,0.3467288910748899,0.9999999000000099,0.0,5.960463881492674e-08,0.0,8.940695822239011e-08
0.5953290462247384,0.34845596545928353,0.9999999000000099,0.0,1.4901159703731684e-07,0.0,8.940695822239011e-08
0.2370996773144773,0.027150243516087618,4.053115439415018e-06,4.172324717044872e-07,0.12215797871666673,4.130601469874423e-05,0.9104861898695022
0.25430038570304725,0.04752019046923409,7.033347380161355e-06,3.5762783288956044e-07,0.00015500186323821698,9.715556126833059e-06,0.9999152614128928
0.2494246959582998,0.037217140191381025,1.3291834455728662e-05,3.278255134820971e-07,9.000300461053937e-06,2.354383233189606e-06,0.9999755217027346
0.26166313885558967,0.040265560143251604,1.0728834986686813e-05,2.9802319407463367e-07,5.1259989380836994e-06,4.261731675267262e-06,0.9999776078650932
0.26210218666898705,0.04058614372512115,1.20401370406152e-05,2.682208746671703e-07,4.261731675267262e-06,4.6193595081568225e-06,0.9999796940274517
0.26460957526064954,0.040320634835014635,1.2606381109357005e-05,2.9802319407463367e-07,3.933906161785165e-06,4.976987341046382e-06,0.9999805880970339
0.2620339989553668,0.03901591896342713,1.5407799133658562e-05,2.3841855525970696e-07,3.1590458571911173e-06,4.112720078229945e-06,0.9999829722825865
0.2610209584128062,0.03829097747147058,1.740455453395861e-05,2.086162358522436e-07,2.5629994690418497e-06,3.6060806483030677e-06,0.9999841643753627
0.2598487138640571,0.03775134682008899,1.9311902976036264e-05,2.086162358522436e-07,2.1159646779298993e-06,3.397464412450824e-06,0.9999851180495838
0.25930124520181785,0.03739726542786141,2.089142590463182e-05,2.086162358522436e-07,1.847743803262729e-06,3.1888481765985805e-06,0.9999855352820556
0.25724726914294294,0.036776304238697724,2.3186204499006502e-05,2.086162358522436e-07,1.6093252480030219e-06,2.8014180243015566e-06,0.999986369746999
0.2542536854638677,0.0360754430232263,2.6315448036790155e-05,2.3841855525970696e-07,1.2814997345209249e-06,2.413987872004533e-06,0.9999872042119423
0.7072691917126569,0.4149319230799653,0.9999996615814547,3.9637084811926284e-06,2.9802319407463367e-07,6.258487075567308e-07,3.0279156517982785e-05
0.48238533733277816,0.4507318734350869,0.9999999000000099,0.0,1.4901159703731684e-07,0.0,1.7881391644478022e-07
0.5764750241994571,0.3038062154726512,0.9999999000000099,0.0,1.7881391644478022e-07,0.0,2.980231940746337e-08
0.5256780981799846,0.3585377930980906,0.9999999000000099,0.0,8.940695822239011e-08,0.0,0.0
0.5714514851333504,0.32661065453658683,0.9999999000000099,0.0,5.960463881492674e-08,0.0,2.980231940746337e-08
0.5552029609450279,0.3515753745430694,0.9999999000000099,0.0,5.960463881492674e-08,0.0,2.980231940746337e-08
0.5650571584467561,0.3347310423277836,0.9999999000000099,0.0,1.4901159703731684e-07,0.0,2.980231940746337e-08
0.5651359557871458,0.34203106159075475,0.9999999000000099,0.0,1.4901159703731684e-07,0.0,2.980231940746337e-08
0.5657619833711959,0.34030455345048644,0.9999999000000099,0.0,5.960463881492674e-08,0.0,0.0
0.5700697302582245,0.3392578958884098,0.9999999000000099,0.0,5.960463881492674e-08,0.0,2.980231940746337e-08
0.5737639069319607,0.3394082188025076,0.9999999000000099,0.0,1.4901159703731684e-07,0.0,2.980231940746337e-08
0.5771498083829314,0.33914750808630467,0.9999999000000099,0.0,8.940695822239011e-08,0.0,1.1920927762985348e-07
0.1556738316948326,0.023716181512586296,1.698732206225412e-06,9.536742210388278e-07,0.7081348783938181,5.2303070560098214e-05,0.21106574808898182
0.13033586739954084,0.047926992169756474,1.519918289780632e-06,1.4901159703731685e-06,0.16216064858076434,4.3720002570748764e-05,0.9174559391000481
0.09223806857680807,0.04486608504480758,8.940695822239011e-08,6.794928824901648e-06,0.3016168769580633,0.0005814432516396104,0.3580577611493325
0.04242250323119931,0.042645931236594,2.980231940746337e-08,2.494454134404684e-05,0.7905556961099882,0.00017762182366848169,0.008483230219334448
0.04343089461146762,0.0466191470543188,1.7881391644478022e-07,2.890824982523947e-05,0.6603484089445597,0.0001825690086901206,0.030792471667456932
0.055086016652687274,0.048178851596211755,1.1920927762985348e-07,2.4169681039452794e-05,0.2837781622349767,0.0002593695858031537,0.10785378927298593
0.05804073810337059,0.0474842190661183,5.960463881492674e-08,2.253055347204231e-05,0.15211002497683318,0.0002856552315205364,0.12368436410975878
0.05790108442066763,0.046699732534041326,1.4901159703731684e-07,2.1249053737521383e-05,0.11141296107054166,0.0002596974113166358,0.1282686164856536
0.06154662370426912,0.046247810117431704,5.960463881492674e-08,1.820921715796012e-05,0.06721734328436918,0.00022596118574738728,0.19973174720440706
0.06582117080415925,0.04643365739980955,5.960463881492674e-08,1.6480682632327243e-05,0.04436796459930583,0.00023686883465051886,0.260024879202285
0.06460776924819449,0.04646673797765422,1.1920927762985348e-07,1.707672902047651e-05,0.04646759760620044,0.00026690957261324194,0.2173065027845017
0.05774009227513597,0.04604944585965317,5.960463881492674e-08,2.0503995752334798e-05,0.08976279791611522,0.0002954303922861844,0.09845413773187199
0.3161465227473003,0.0412193238664617,2.8908249825239467e-06,2.980231940746337e-08,0.9998951150449733,3.361701629161868e-05,2.980231940746337e-08
0.33235752581173833,0.048285871735887644,6.556510269641941e-06,2.980231940746337e-08,0.9999993039536218,5.960463881492674e-06,0.0
0.34713771937840227,0.04729425906325166,2.413987872004533e-06,1.4901159703731684e-07,0.9999991251397053,1.4036892440915248e-05,0.0
0.33140569923935953,0.05124053358154259,4.0829177588224814e-06,8.940695822239011e-08,0.9999989463257889,9.387730613350962e-06,0.0
0.33817562459499045,0.04788678883686236,2.980231940746337e-06,8.940695822239011e-08,0.9999988271165112,1.150369529128086e-05,0.0
0.3468157052850166,0.05241754650172069,2.2947785943746796e-06,8.940695822239011e-08,0.999998290674762,2.3514030012488597e-05,0.0
0.35331502555337846,0.05549165605548506,1.6093252480030219e-06,1.1920927762985348e-07,0.9999962045124035,5.447863987684304e-05,0.0
0.3546787202211381,0.06025764345090919,1.2814997345209249e-06,1.1920927762985348e-07,0.999989886420689,0.000127732740980388,0.0
0.35275629161327704,0.0643196999916565,1.0728834986686813e-06,1.1920927762985348e-07,0.9999696804481307,0.00030100342601538003,0.0
0.34600484369752577,0.06783801316053341,9.536742210388278e-07,1.4901159703731684e-07,0.9999121619716743,0.0005816816701948701,0.0
0.3380204439023241,0.0711827576038541,8.642672628164378e-07,1.7881391644478022e-07,0.9997301294047336,0.0014398394575327778,0.0
0.3115035593380687,0.0757750272621101,1.1026858180761447e-06,1.1920927762985348e-07,0.9987006380831221,0.006070076812273324,0.0
0.11641123890394738,0.10754603145665148,0.0002636909221172359,0.0,0.0018748937162429281,0.9997211291042726,0.0
0.12747573852011215,0.10362300274981896,5.0723547631502654e-05,0.0,0.00016289947788119478,0.9999712897733788,0.0
0.13355273007793544,0.11601251361767731,3.3915039485693316e-05,0.0,4.929303629994441e-05,0.9999861909330825,0.0
0.12635752558184973,0.11820283530118592,3.76701317310337e-05,0.0,3.850459667444267e-05,0.9999837471428911,0.0
0.09987059235159274,0.11648598311336955,6.350874265730444e-05,0.0,5.245208215713553e-05,0.9999629451239447,0.0
0.06555408239093179,0.11669212577728993,0.00010645388492345915,0.0,9.077786491513343e-05,0.9998595906802396,0.0
0.04139646887607822,0.1026239991012321,0.00021904704764485577,0.0,0.0006783007897138663,0.9980787232817272,8.940695822239011e-08
0.12470948695620081,0.10115110872443964,2.598762252330806e-05,0.0,0.654978925056917,0.08232595693349622,1.4901159703731684e-07
0.22218602894816672,0.026934057469524295,6.106495246589245e-05,0.0,0.9999844027939181,8.642672628164378e-07,1.7881391644478022e-07
0.1652825176647411,0.01662287115766078,0.00011038779108524432,0.0,0.9999987079072337,2.3841855525970696e-07,1.4901159703731684e-07
0.13750267028239227,0.021696090694527055,9.307264350950811e-05,2.980231940746337e-08,0.9999996615814547,2.9802319407463367e-07,4.4703479111195056e-07
0.10649886726892081,0.025600135322001855,4.8965210786462317e-05,1.7881391644478022e-07,0.9999993039536218,8.046626240015109e-07,1.996755400300046e-06
0.695540249318886,0.4119734465370454,0.9999997211860935,3.6656852871179947e-06,2.086162358522436e-07,5.66244068741804e-07,2.6583668911457325e-05
0.4753597676557162,0.45203009240039504,0.9999999000000099,0.0,2.086162358522436e-07,0.0,8.940695822239011e-08
0.5633726119761837,0.33753603691043316,0.9999999000000099,0.0,5.960463881492674e-08,0.0,2.980231940746337e-08
0.5432224273456704,0.36377552145450875,0.9999999000000099,0.0,1.4901159703731684e-07,0.0,2.980231940746337e-08
0.5797837376354468,0.33528560394267887,0.9999999000000099,0.0,8.940695822239011e-08,0.0,5.960463881492674e-08
0.5535563826331759,0.3586367368084008,0.9999999000000099,0.0,8.940695822239011e-08,0.0,2.980231940746337e-08
0.5542066693076485,0.34852921956769994,0.9999999000000099,0.0,8.940695822239011e-08,0.0,2.980231940746337e-08
0.5537595748672067,0.35345008963254637,0.9999999000000099,0.0,1.4901159703731684e-07,0.0,2.980231940746337e-08
0.5608840584522694,0.3490199148057293,0.9999999000000099,0.0,8.940695822239011e-08,0.0,2.980231940746337e-08
0.5651486515764825,0.34876000875223073,0.9999999000000099,0.0,5.960463881492674e-08,0.0,1.1920927762985348e-07
0.5659907459978344,0.35032880300245034,0.9999999000000099,0.0,8.940695822239011e-08,0.0,2.980231940746337e-08
0.5719289183379815,0.3511332272882013,0.9999999000000099,0.0,8.940695822239011e-08,0.0,1.1920927762985348e-07
0.596741080259409,0.38737535470051343,0.9999996019768158,1.7881391644478022e-06,1.4901159703731684e-07,1.4901159703731684e-07,9.715556126833059e-06
0.608173131917566,0.4324807523940532,0.9999999000000099,0.0,4.172324717044872e-07,0.0,8.940695822239011e-08
0.5879400968308183,0.3230297564907065,0.9999999000000099,0.0,2.682208746671703e-07,0.0,1.4901159703731684e-07
0.5482280850183452,0.3361366390606362,0.9999999000000099,0.0,5.960463881492674e-08,0.0,1.1920927762985348e-07
0.5711278915168783,0.3364740013500071,0.9999999000000099,0.0,8.940695822239011e-08,0.0,0.0
0.5589864253766339,0.3432741164573327,0.9999999000000099,0.0,5.960463881492674e-08,0.0,5.960463881492674e-08
0.5607737302547947,0.33978480094813407,0.9999999000000099,0.0,5.960463881492674e-08,0.0,0.0
0.5540266036757895,0.34611457580361754,0.9999999000000099,0.0,8.940695822239011e-08,0.0,2.980231940746337e-08
0.5454056858790578,0.3501315116282776,0.9999999000000099,0.0,2.980231940746337e-08,0.0,0.0
0.5476308464777205,0.34981352084845535,0.9999999000000099,0.0,8.940695822239011e-08,0.0,2.980231940746337e-08
0.5446916222346782,0.3534293174138457,0.9999999000000099,0.0,1.1920927762985348e-07,0.0,5.960463881492674e-08
0.5453392863047808,0.35270786279360794,0.9999999000000099,0.0,2.980231940746337e-08,0.0,0.0
0.11420673131469844,0.26572155947903525,0.9999973370005409,2.086162358522436e-07,1.397728780210032e-05,3.278255134820971e-07,0.0
0.7140477895441023,0.445229470653589,0.9999999000000099,0.0,2.682208746671703e-07,0.0,0.0
0.6321903466916569,0.4139965771919877,0.9999999000000099,0.0,7.748603045940476e-07,0.0,8.940695822239011e-08
0.6063637733208391,0.3359856008908012,0.9999999000000099,0.0,1.0132788598537545e-06,0.0,2.980231940746337e-08
0.5909659862273605,0.35740560287077594,0.9999999000000099,0.0,5.66244068741804e-07,0.0,1.4901159703731684e-07
0.5816290378329717,0.3559074103222806,0.9999999000000099,0.0,2.682208746671703e-07,0.0,2.980231940746337e-08
0.5725369453193101,0.3655776976913065,0.9999999000000099,0.0,1.1920927762985348e-07,0.0,2.980231940746337e-08
0.5739249586821371,0.3576195239408382,0.9999999000000099,0.0,1.7881391644478022e-07,0.0,8.940695822239011e-08
0.5726779699088428,0.354416668354381,0.9999999000000099,0.0,1.1920927762985348e-07,0.0,0.0
0.5755527019262409,0.3489329814313393,0.9999999000000099,0.0,1.4901159703731684e-07,0.0,2.980231940746337e-08
0.5765783190488486,0.34650555247095477,0.9999999000000099,0.0,1.1920927762985348e-07,0.0,2.980231940746337e-08
0.5751144885778704,0.3458995818499495,0.9999999000000099,0.0,1.1920927762985348e-07,0.0,0.0
0.2765053510551399,0.03442475199109929,3.71038876622919e-05,1.937150761485119e-06,5.185603576898626e-05,4.917382702231456e-06,0.9997517062839846
0.2761002480869407,0.04473051428028917,1.0788439625501739e-05,1.7881391644478022e-07,1.9222496017813872e-05,1.573562464714066e-05,0.9999817205851714
0.2801504135015832,0.04431414603428198,7.77840536534794e-06,8.940695822239011e-08,1.7195938298106364e-05,1.7553566130995923e-05,0.9999823762361983
0.2801165282610298,0.04376709460462712,8.22544015645989e-06,1.4901159703731684e-07,1.5109775939583928e-05,1.603364784121529e-05,0.9999826146547536
0.27053666113686897,0.0409217774797939,1.2278555595874908e-05,2.3841855525970696e-07,8.791684225201694e-06,9.000300461053937e-06,0.9999861313284437
0.26055264471882533,0.03839316963492049,1.8239019477367584e-05,1.7881391644478022e-07,4.649161827564286e-06,5.0067896604538464e-06,0.9999886943279127
0.2516754567518925,0.036715567105682,2.5093552941084157e-05,2.086162358522436e-07,2.5033948302269232e-06,3.1590458571911173e-06,0.9999902440485219
0.24207457899044926,0.03517851232879981,3.427266731858287e-05,2.9802319407463367e-07,1.370906692743315e-06,2.026557719707509e-06,0.9999917341644923
0.23101717232701247,0.03360968827625778,4.67002345114951e-05,2.682208746671703e-07,7.152556657791209e-07,1.1920927762985347e-06,0.9999929262572685
0.22565007208843466,0.03330084680940698,5.39421981275087e-05,3.5762783288956044e-07,4.768371105194139e-07,1.0728834986686813e-06,0.9999932242804627
0.22767707704554982,0.0341794192732458,5.242227983772807e-05,3.278255134820971e-07,3.874301522970238e-07,1.1622904568910714e-06,0.9999925090247969
0.23253974317541437,0.035112202161498546,4.7355885538459296e-05,3.5762783288956044e-07,4.768371105194139e-07,1.370906692743315e-06,0.9999916745598535
0.6184172034007538,0.3929587005896025,0.9999996615814547,2.1159646779298993e-06,5.960463881492674e-08,1.7881391644478022e-07,1.2129543998837591e-05
0.56438809630918,0.4565256833248419,0.9999999000000099,0.0,2.682208746671703e-07,0.0,8.940695822239011e-08
0.5758980512380552,0.33315500611322496,0.9999999000000099,0.0,1.4901159703731684e-07,0.0,8.940695822239011e-08
0.5370057225004994,0.3497918545600832,0.9999999000000099,0.0,5.960463881492674e-08,0.0,5.960463881492674e-08
0.5699586868050126,0.341220259608014,0.9999999000000099,0.0,5.960463881492674e-08,0.0,2.980231940746337e-08
0.5533189773330454,0.3528035878531008,0.9999999000000099,0.0,1.4901159703731684e-07,0.0,2.980231940746337e-08
0.5662951469186897,0.3385704755203329,0.9999999000000099,0.0,0.0,0.0,5.960463881492674e-08
0.5592733621365708,0.3470634519459569,0.9999999000000099,0.0,5.960463881492674e-08,0.0,0.0
0.5651751756434065,0.34057319158444316,0.9999999000000099,0.0,8.940695822239011e-08,0.0,0.0
0.5643202662234285,0.34292352193682385,0.9999999000000099,0.0,8.940695822239011e-08,0.0,5.960463881492674e-08
0.5665789246324535,0.3411774932753949,0.9999999000000099,0.0,8.940695822239011e-08,0.0,2.980231940746337e-08
0.5670450925592225,0.34185832733022525,0.9999999000000099,0.0,5.960463881492674e-08,0.0,0.0
0.16287049650471525,0.02627775072601485,1.937150761485119e-06,2.3841855525970696e-07,0.9997623159096937,2.068280966877958e-05,2.65240642726424e-06
0.05771216749905985,0.033806234592370976,1.1920927762985347e-06,4.827975744009066e-06,0.37237166614914013,8.791684225201694e-06,0.1897103596758146
0.25372856854341824,0.050958514204836124,2.324580913782143e-06,7.748603045940476e-07,0.00014817713209390788,7.539986810088233e-06,0.999708075688372
0.24864736198349374,0.03696992992721742,9.000300461053937e-06,5.66244068741804e-07,6.0200685203076e-06,1.043081179261218e-06,0.999945778987966
0.22808426617631603,0.03333640098000941,2.1189449098706455e-05,6.556510269641942e-07,9.834765404462913e-07,3.874301522970238e-07,0.9999774886558155
0.17471015452615188,0.02745652198321352,4.765390873253393e-05,1.8179414838552655e-06,8.940695822239011e-08,8.940695822239011e-08,0.9999932838851014
0.0972119569738189,0.023980736728376566,1.388788084387793e-05,4.300474690496964e-05,0.0,0.0,0.9999983502794008
0.08632466196656403,0.029285490507833196,9.506939890980815e-06,0.00017869470716715035,0.0,0.0,0.999997635023735
0.1804408430978445,0.10858407614755955,4.768371105194139e-07,0.053681636448929246,0.0,1.7881391644478022e-07,0.9995500041862349
0.32704609631137843,0.19116237756316778,0.0,0.9998241855247836,0.0,1.8447635713219826e-05,0.52794826711713
0.17735365032415337,0.5292757748651189,0.0,0.9999996615814547,0.0,0.0027741489020437276,0.00210750081921818
0.14461740850803453,0.37075078481047685,0.0,0.9999999000000099,0.0,0.005449771336126382,0.00011083482587635627
0.08603134750963648,0.032981008285597,0.0003426372662276064,0.000394195278802518,0.0,0.0,0.9997465802850465
0.19511726497795884,0.04676187037620903,0.0001563727699309603,8.642672628164378e-07,8.940695822239011e-08,2.5629994690418497e-06,0.9999954296520989
0.23748278616875523,0.052716046562704726,2.539157613515879e-05,3.278255134820971e-07,6.854533463716575e-07,1.820921715796012e-05,0.9999894095835785
0.23960822819671287,0.04217910765879308,3.5107132261991846e-05,1.7881391644478022e-07,1.6093252480030219e-06,6.526707950234478e-06,0.9999933434897403
0.23472902177792382,0.03647306560845485,4.357099097371145e-05,2.682208746671703e-07,1.4305113315582417e-06,2.8014180243015566e-06,0.9999946547917942
0.22453400491738407,0.03401756286038594,5.704163934588489e-05,2.682208746671703e-07,7.748603045940476e-07,1.4603136509657052e-06,0.99999537004746
0.2034092843448335,0.03100875019496182,8.46981917560109e-05,4.4703479111195056e-07,2.9802319407463367e-07,5.66244068741804e-07,0.9999964429309587
0.16266313194555024,0.027288168664074255,0.00010135768830478292,1.4007090121507783e-06,8.940695822239011e-08,2.3841855525970696e-07,0.9999979330469291
0.11270591616163864,0.025479137893128532,4.45842698335652e-05,1.1086462819576373e-05,0.0,0.0,0.9999988867211501
0.0892359316312079,0.026598483319496307,1.981854240596314e-05,4.8965210786462317e-05,0.0,0.0,0.9999990655350666
0.08187815546650402,0.02899029850463362,1.3470648372173444e-05,0.00010928510526716817,0.0,2.980231940746337e-08,0.9999988271165112
0.08127155899664998,0.031982421869523485,1.2069939360022665e-05,0.000149279817911984,0.0,2.980231940746337e-08,0.9999985290933172
0.11736184358110832,0.03145870565829419,0.00013354419326484337,9.784101461470224e-05,2.086162358522436e-07,0.0,0.9998669220508138
0.26977294682339353,0.06395789979793183,1.1384486013651007e-05,2.682208746671703e-07,1.6093252480030219e-06,9.912251434922317e-05,0.9999801112599234
0.24206811188649138,0.04211634396785534,2.9385086935758882e-05,2.682208746671703e-07,2.8610226631164835e-06,7.301568254828525e-06,0.9999932242804627
0.2585526108634699,0.041045039885168305,1.999735632240792e-05,2.086162358522436e-07,4.261731675267262e-06,8.67247494757184e-06,0.9999912573273818
0.2557879090203227,0.0393082201413556,2.3126599860191574e-05,1.7881391644478022e-07,3.844499203562775e-06,6.3180917143822346e-06,0.9999919129784087
0.2478776276008962,0.036904066794751895,3.066658667027981e-05,1.7881391644478022e-07,2.4437901914119963e-06,3.695487606525458e-06,0.9999929262572685
0.23974898456534413,0.035342842334417424,3.927945697903672e-05,2.086162358522436e-07,1.4305113315582417e-06,2.2947785943746796e-06,0.9999935819082956
0.23539218305566736,0.034845054143660986,4.437565359771296e-05,2.682208746671703e-07,8.940695822239011e-07,1.8179414838552655e-06,0.9999937011175731
0.24003475903470792,0.03597950934747674,3.9368863937259114e-05,2.682208746671703e-07,1.0132788598537545e-06,2.2947785943746796e-06,0.9999924494201581
0.24096849559739814,0.03588670491557735,3.924965465962926e-05,2.086162358522436e-07,1.0132788598537545e-06,2.175569316744826e-06,0.999992151396964
0.24672296642235517,0.03663516043989377,3.373622556924853e-05,1.7881391644478022e-07,1.1026858180761447e-06,2.712011066079167e-06,0.9999909593041877
0.2548499107255312,0.037724614136911805,2.697109906375435e-05,2.086162358522436e-07,1.4901159703731685e-06,3.6656852871179947e-06,0.9999892903743008
0.33060854672016643,0.03230908512515908,1.1175869777798764e-05,3.5762783288956044e-07,0.004425257001856014,3.054737739264995e-05,0.9975065783537427
0.4782015979091996,0.03725335001307587,8.642672628164378e-07,0.0,0.9959801035536925,0.0001168250920772564,0.00603851615602082
0.12793275713390853,0.023567676540153838,2.6434657314420008e-05,1.1920927762985348e-07,0.9999947740010718,9.238719016313645e-07,1.4603136509657052e-06
0.14006802439109645,0.026181697840975758,7.11083341062076e-05,2.980231940746337e-08,0.9999996615814547,6.854533463716575e-07,5.960463881492673e-07
0.15226921438540325,0.029594659800230207,8.58306798934945e-05,2.980231940746337e-08,0.9999997807907323,9.238719016313645e-07,4.768371105194139e-07
0.17083546518572088,0.03155639767106433,0.0001160204294532549,2.980231940746337e-08,0.9999997807907323,8.642672628164378e-07,2.682208746671703e-07
0.1979970633901626,0.034225106233458306,0.00016808508145809342,0.0,0.9999997807907323,8.940695822239011e-07,1.4901159703731684e-07
0.22716099022878347,0.03649875521034864,0.00022396443034708723,0.0,0.9999997807907323,9.536742210388278e-07,1.4901159703731684e-07
0.2500776052371424,0.03710237144788566,0.00023090837076902618,0.0,0.9999999000000099,9.536742210388278e-07,1.1920927762985348e-07
0.2545510530366398,0.03474801778198327,0.00023159382411539785,0.0,0.9999997807907323,7.152556657791209e-07,2.980231940746337e-08
0.2596343755614537,0.03460246323946669,0.00021135804923773022,0.0,0.9999998403953712,7.748603045940476e-07,2.980231940746337e-08
0.27000206707790064,0.03605911135056064,0.00016966460438668895,0.0,0.9999998403953712,9.238719016313645e-07,1.1920927762985348e-07
0.4296958148301534,0.3149271606859721,0.9999997807907323,2.682208746671703e-07,2.980231940746337e-08,0.0,1.0728834986686813e-06
0.6366440057490896,0.4505799113932581,0.9999999000000099,0.0,1.4901159703731684e-07,0.0,5.960463881492674e-08
0.5711694955589297,0.3628876506660866,0.9999999000000099,0.0,2.3841855525970696e-07,0.0,2.980231940746337e-08
0.5600476860768158,0.3268698751366706,0.9999999000000099,0.0,1.7881391644478022e-07,0.0,5.960463881492674e-08
0.5669432878259504,0.3533654212346574,0.9999999000000099,0.0,8.940695822239011e-08,0.0,2.980231940746337e-08
0.5510487556229342,0.35252249234838823,0.9999999000000099,0.0,1.4901159703731684e-07,0.0,2.980231940746337e-08
0.5538939237365249,0.3489212393163205,0.9999999000000099,0.0,5.960463881492674e-08,0.0,0.0
0.5510817169914937,0.3528191446653845,0.9999999000000099,0.0,8.940695822239011e-08,0.0,5.960463881492674e-08
0.5508955716858679,0.3507682680483041,0.9999999000000099,0.0,1.1920927762985348e-07,0.0,2.980231940746337e-08
0.5567342042692442,0.3484681248068156,0.9999999000000099,0.0,2.980231940746337e-08,0.0,2.980231940746337e-08
0.5570634007223251,0.3493032454846206,0.9999999000000099,0.0,0.0,0.0,5.960463881492674e-08
0.561412274814247,0.3465503453614958,0.9999999000000099,0.0,8.940695822239011e-08,0.0,0.0
0.44721603391702863,0.2479470073752216,4.661082755327271e-05,1.1920927762985348e-07,2.7209517619014057e-05,0.9999999000000099,6.3180917143822346e-06
0.29909420012189253,0.19720292087992822,7.241963616013599e-06,0.0,4.947185021638919e-06,0.9999999000000099,3.2186504960060438e-06
0.31104174255036815,0.1924501061109972,4.559754869341896e-06,0.0,2.2351739555597527e-06,0.9999997807907323,4.023313120007555e-06
0.324607968316942,0.19102022048540282,4.053115439415018e-06,0.0,1.937150761485119e-06,0.9999999000000099,4.559754869341896e-06
0.3330577611785306,0.18726193901670127,3.874301522970238e-06,0.0,1.6391275674104854e-06,0.9999997807907323,4.500150230526969e-06
0.33661600945986214,0.18126618859048185,3.725289925932921e-06,0.0,1.4305113315582417e-06,0.9999999000000099,4.2319293558597985e-06
0.3338807821135551,0.17768165466127084,3.725289925932921e-06,0.0,1.2218950957059981e-06,0.9999997807907323,3.993510800600092e-06
0.3300596475464526,0.17590242621270769,3.8146968841553113e-06,0.0,1.1026858180761447e-06,0.9999997807907323,3.904103842377701e-06
0.3269600272043263,0.17539557811594694,3.874301522970238e-06,0.0,1.2218950957059981e-06,0.9999997807907323,3.933906161785165e-06
0.32334920762630504,0.17546132203912296,4.0829177588224814e-06,0.0,1.1026858180761447e-06,0.9999997807907323,3.8146968841553113e-06
0.31964641808139915,0.17576980587810515,4.291533994674725e-06,0.0,1.0728834986686813e-06,0.9999997807907323,3.874301522970238e-06
0.31449562309870227,0.17566040155263865,4.529952549934432e-06,0.0,1.2516974151134616e-06,0.9999997807907323,3.6656852871179947e-06
0.6563398837771437,0.40157222740926407,0.9999996019768158,2.682208746671703e-06,1.1920927762985348e-07,3.5762783288956044e-07,1.8626449629664607e-05
0.5561181306608713,0.44717276088686825,0.9999999000000099,0.0,3.5762783288956044e-07,0.0,8.940695822239011e-08
0.5833722352740006,0.3167948424273668,0.9999999000000099,0.0,2.086162358522436e-07,0.0,2.980231940746337e-08
0.5520842075119294,0.3402825593365681,0.9999999000000099,0.0,1.4901159703731684e-07,0.0,0.0
0.5808376073596768,0.3348075448893397,0.9999999000000099,0.0,1.4901159703731684e-07,0.0,0.0
0.5809237956760185,0.34063535922893323,0.9999999000000099,0.0,1.4901159703731684e-07,0.0,8.940695822239011e-08
0.5854499935861399,0.33983215683839996,0.9999999000000099,0.0,1.4901159703731684e-07,0.0,0.0
0.5851507782693798,0.34381628030611683,0.9999999000000099,0.0,1.1920927762985348e-07,0.0,1.1920927762985348e-07
0.5828491449114734,0.34728127712025125,0.9999999000000099,0.0,0.0,0.0,0.0
0.5803284644840265,0.34865987294902523,0.9999999000000099,0.0,5.960463881492674e-08,0.0,8.940695822239011e-08
0.5771126746892378,0.3506157993669947,0.9999999000000099,0.0,1.1920927762985348e-07,0.0,0.0
0.5718832015754407,0.351898610531631,0.9999999000000099,0.0,2.086162358522436e-07,0.0,5.960463881492674e-08
0.12308809160676538,0.11315876243560982,0.0002286135921746515,0.0,0.0010541676420807943,0.9998882605115096,0.0
0.23977759479483515,0.2174348830804433,9.477137571573351e-06,0.0,4.079937526881735e-05,0.9999998403953712,8.642672628164378e-07
0.2437450587648552,0.18929356333352257,6.079673159122528e-06,0.0,1.0013579320907693e-05,0.9999997807907323,6.258487075567308e-07
0.2610951661955485,0.19040331241208316,4.976987341046382e-06,0.0,7.390975213050916e-06,0.9999997211860935,8.642672628164378e-07
0.26364955304961446,0.19520428773398443,5.364417493343406e-06,0.0,7.301568254828525e-06,0.9999998403953712,1.132488137483608e-06
0.2628416418920399,0.19454669949061254,5.871056923270284e-06,0.0,7.033347380161355e-06,0.9999997807907323,1.2516974151134616e-06
0.2597046792399634,0.1889353990231286,6.3180917143822346e-06,0.0,6.556510269641941e-06,0.9999997807907323,1.1622904568910714e-06
0.25791507958297877,0.18459480997739358,6.735324186086722e-06,0.0,6.288289394974771e-06,0.9999997211860935,1.043081179261218e-06
0.2546317577256623,0.178766757219221,7.2121612966061355e-06,0.0,5.900859242677747e-06,0.9999997807907323,9.536742210388278e-07
0.2509533166781462,0.1724854409399316,7.718800726533013e-06,0.0,5.48362677097326e-06,0.9999996615814547,8.344649434089744e-07
0.2442070245641677,0.16376915571269487,8.493661031127061e-06,0.0,5.1259989380836994e-06,0.9999996615814547,6.258487075567308e-07
0.23066198824881062,0.15150389072684958,1.0132788598537546e-05,0.0,5.066394299268773e-06,0.9999994231628994,4.172324717044872e-07
0.2524413466349022,0.03405350446117934,4.3094153863192035e-05,3.0994412183761904e-06,2.521276221871401e-05,3.069638898968727e-06,0.9997951580656806
0.3102270364632894,0.052324652662854146,4.023313120007555e-06,8.940695822239011e-08,4.294514226615472e-05,7.11083341062076e-05,0.9999647332631091
0.2937759756920285,0.04772838949339888,3.2186504960060438e-06,1.7881391644478022e-07,6.851553231775829e-05,5.185603576898626e-05,0.9999603225198368
0.29258018730859414,0.04596674441504148,2.2351739555597527e-06,8.940695822239011e-08,0.00012499092759490137,6.309151018559995e-05,0.999924202108715
0.25120651720914156,0.043601900331660406,1.1026858180761447e-06,1.7881391644478022e-07,0.00044506783803105796,0.00010105966511070829,0.9996190859626214
0.18632632493201243,0.04317116736626481,5.960463881492673e-07,5.364417493343406e-07,0.0013319848635971678,0.00014543531870842125,0.9976260856545667
0.15465700625732892,0.04364889859405776,6.854533463716575e-07,9.536742210388278e-07,0.0015547572011679566,0.000139117226994039,0.9946516949684242
0.13348829745693594,0.04343041776867097,4.768371105194139e-07,1.5795229285955586e-06,0.0024429557264685872,0.0001883506586551685,0.9846077768863597
0.09647199511128546,0.042730569832160566,2.086162358522436e-07,3.4868713706732143e-06,0.010135142981770736,0.00033262368690669867,0.8708246075510231
0.06312313675619054,0.04156142472509147,2.086162358522436e-07,8.493661031127061e-06,0.0666755669198609,0.0003714859114140309,0.29678550374964174
0.046117454765317555,0.040090322487641966,2.682208746671703e-07,1.3858078524470467e-05,0.2876945744352697,0.00023296473080814116,0.05579527654594536
0.04071438312361928,0.03950840234079947,4.172324717044872e-07,1.6570089590549635e-05,0.5379183946563416,0.0001698732206225412,0.02831175640229909
0.3428440689898624,0.11391803620295111,1.6093252480030219e-06,1.1920927762985348e-07,0.9538293719136631,0.01779389203469771,0.0
0.1539975106652389,0.14526638386146257,3.2305714237690296e-05,0.0,0.00200116614357235,0.9999911977227429,0.0
0.21036928891264528,0.16076311466325235,6.616114908456868e-06,0.0,3.0726191309094736e-05,0.9999990655350666,5.960463881492674e-08
0.24102634190515027,0.1759518980678628,4.053115439415018e-06,0.0,1.141428833305847e-05,0.9999996615814547,2.086162358522436e-07
0.2659377157578022,0.20146492120154033,3.695487606525458e-06,0.0,9.745358446240521e-06,0.9999997807907323,8.344649434089744e-07
0.27644252775954925,0.2253800928206752,4.0829177588224814e-06,0.0,1.043081179261218e-05,0.9999997807907323,1.847743803262729e-06
0.2796103060129734,0.2317586838802214,4.380940952897116e-06,0.0,9.983777001500229e-06,0.9999999000000099,2.592801788449313e-06
0.28299123047610547,0.23415043946071393,4.6193595081568225e-06,0.0,9.357928293943498e-06,0.9999999000000099,3.1590458571911173e-06
0.28700348733667236,0.23586937781109707,4.649161827564286e-06,0.0,8.523463350534524e-06,0.9999999000000099,3.874301522970238e-06
0.2909220754979786,0.23566928501862036,4.887580382823993e-06,0.0,7.718800726533013e-06,0.9999999000000099,4.380940952897116e-06
0.29477751253814793,0.233528524597234,4.827975744009066e-06,0.0,6.794928824901648e-06,0.9999998403953712,4.768371105194139e-06
0.29729878901204254,0.22822418805029074,4.827975744009066e-06,0.0,5.7816499650478935e-06,0.9999999000000099,4.827975744009066e-06
0.11942747234803634,0.11027508972187021,0.0002453922980010534,0.0,0.0013801752140790362,0.9998274041752795,0.0
0.15760689973178563,0.11847162244675451,2.598762252330806e-05,0.0,7.447599619925096e-05,0.9999929262572685,2.980231940746337e-08
0.16175541281030342,0.12765365836818637,1.892447282373924e-05,0.0,2.3990867123008012e-05,0.9999951316289047,2.980231940746337e-08
0.17539903520811492,0.13108694551130576,1.4632938829064515e-05,0.0,1.5109775939583928e-05,0.9999963833263199,1.7881391644478022e-07
0.17251661419154116,0.12968185541793367,1.6391275674104854e-05,0.0,1.433491563498988e-05,0.9999962045124035,1.1920927762985348e-07
0.16786184906264456,0.12740978596412963,1.8894670504331777e-05,0.0,1.4692543467879441e-05,0.9999956084660152,8.940695822239011e-08
0.1530646085675755,0.1226907074241357,2.6494261953234936e-05,0.0,1.7791984686255633e-05,0.9999934030943791,2.980231940746337e-08
0.1392213404120971,0.11848986146805265,3.704428302347697e-05,0.0,2.2232530277967675e-05,0.999989886420689,0.0
0.12954357265889677,0.11566355822489953,4.756450177431154e-05,0.0,2.6375052675605083e-05,0.9999860717238048,0.0
0.11002865433237329,0.11313050983399112,7.20024036884315e-05,0.0,3.489851602613961e-05,0.9999745680285136,0.0
0.0986793339211611,0.11160576341625295,9.253620176017376e-05,0.0,4.452466519475028e-05,0.9999597264734487,0.0
0.09467181562985366,0.10941368339572376,0.00010725854754746067,0.0,5.713104630410728e-05,0.9999439908488015,0.0
0.4179857075041307,0.2609322070628632,0.00010994075629413238,1.7881391644478022e-07,3.662705055177248e-05,0.9999997807907323,4.053115439415018e-06
0.29915684460354885,0.18924111124612922,8.67247494757184e-06,0.0,5.632638368010577e-06,0.9999999000000099,2.8014180243015566e-06
0.30565714834854946,0.19473639127257775,5.2750105351210165e-06,0.0,2.5629994690418497e-06,0.9999997807907323,4.380940952897116e-06
0.3104477524628836,0.18924835321046818,4.798173424601603e-06,0.0,1.996755400300046e-06,0.9999998403953712,4.172324717044872e-06
0.31137567757270845,0.18769338723783405,4.768371105194139e-06,0.0,1.847743803262729e-06,0.9999997807907323,4.202127036452335e-06
0.30837333201085154,0.18510481712032686,4.887580382823993e-06,0.0,1.7583368450403388e-06,0.9999998403953712,3.874301522970238e-06
0.3032798170917815,0.18216547366837657,5.245208215713553e-06,0.0,1.7285345256328755e-06,0.9999997807907323,3.546476009488141e-06
0.2976083755369931,0.18079340454820442,5.692243006825504e-06,0.0,1.8775461226701922e-06,0.9999999000000099,3.308057454228434e-06
0.291756272303898,0.18110045787571227,6.258487075567308e-06,0.0,2.086162358522436e-06,0.9999999000000099,3.069638898968727e-06
0.2873649597048977,0.18392804261872783,7.063149699568818e-06,0.0,2.5629994690418497e-06,0.9999997807907323,3.2484528154135075e-06
0.28174576162125287,0.1851569711844964,7.897614642977793e-06,0.0,2.9504296213388737e-06,0.9999997807907323,3.2186504960060438e-06
0.27712365983769177,0.18638557192471877,8.732079586386767e-06,0.0,3.3378597736358976e-06,0.9999998403953712,3.0994412183761904e-06
0.27619728444863106,0.12006124852031959,4.947185021638919e-06,5.960463881492674e-08,0.6957378883806179,0.20449493270602428,0.0
0.14450097083447064,0.12382936475540739,3.4630295151472434e-05,0.0,0.0009351967830062006,0.9999854756774167,0.0
0.19625109433315174,0.1483345925553952,8.165835517644963e-06,0.0,3.0457970434427562e-05,0.9999984098840395,8.940695822239011e-08
0.22855722903258918,0.1620228886326869,4.827975744009066e-06,0.0,1.1295079055428617e-05,0.9999993039536218,1.1920927762985348e-07
0.257369041432214,0.18415349718755214,3.9637084811926284e-06,0.0,8.612870308756914e-06,0.9999996615814547,5.066394299268773e-07
0.26995384692027935,0.2081592082620853,4.142522397637409e-06,0.0,9.179114377498718e-06,0.9999998403953712,1.2814997345209249e-06
0.2724757194406217,0.2165548801051301,4.6193595081568225e-06,0.0,9.089707419276328e-06,0.9999997807907323,1.7881391644478022e-06
0.27102074025939227,0.21398067470701132,4.976987341046382e-06,0.0,8.434056392312133e-06,0.9999999000000099,1.8179414838552655e-06
0.26803261040531373,0.2072922885062981,5.424022132158334e-06,0.0,7.86781232357033e-06,0.9999997807907323,1.6689298868179488e-06
0.2632443308721258,0.19753575321629702,5.811452284455357e-06,0.0,7.122754338383746e-06,0.9999997807907323,1.3411043733358516e-06
0.25658828019033353,0.1851282417457196,6.407498672604624e-06,0.0,6.467103311419552e-06,0.9999997807907323,1.0132788598537545e-06
0.24848580359383673,0.17208901044759836,7.063149699568818e-06,0.0,5.842346452143114e-06,0.9999996615814547,6.968938222377927e-07
